id_usuario,ocorreu_em
987a1c42-fa45-4b9a-8188-4b006df76679,2026-08-10T06:41:42-03:00
4efa166e-94e8-484e-9ee8-66403a183164,2026-08-10T07:19:27-03:00
12a24577-02b5-4443-ac17-334337f7692d,2026-08-10T07:26:22-03:00
129337b7-3d85-477c-b37f-5c680be7a119,2026-08-10T07:30:07-03:00
9e87103d-64bb-4f6b-a5d7-55efb7bc74ce,2026-08-10T07:32:55-03:00
62fa174e-75a1-44a6-bc9c-3a9184ea89be,2026-08-10T07:38:12-03:00
4ec0ffb3-a441-4db4-bc08-a66c1ee36107,2026-08-10T07:50:44-03:00
53b128e5-4019-4949-bd7b-e94a23e14fe3,2026-08-10T07:58:05-03:00
4859a2c2-e999-48f0-a9ba-7abacf84555b,2026-08-10T08:04:00-03:00
de03cead-2add-44c5-bf56-cb1c3b4b483f,2026-08-10T08:35:43-03:00
86c56b5e-359a-4221-b7d0-3162eeae05bc,2026-08-10T08:42:10-03:00
7bd4e04f-d0a6-4128-9aff-7ed948770493,2026-08-10T08:46:40-03:00
f4ce2714-b5cc-4dde-8aea-7f7d36c7d3bd,2026-08-10T08:47:11-03:00
77f30d59-50e4-4c67-bd26-b1e484e261fc,2026-08-10T08:54:14-03:00
246e9c60-87ce-4e05-91ea-50ec6b353fe0,2026-08-10T08:54:32-03:00
38f36f2d-de28-42c3-9c16-11b0984375cd,2026-08-10T09:00:20-03:00
341ada20-eb43-4767-aa77-60de86281677,2026-08-10T09:09:18-03:00
55010fbd-a4a3-4dd6-83b4-9e43de35bf83,2026-08-10T09:15:23-03:00
824a7c61-0bbb-46e3-87bf-4b48cc63793e,2026-08-10T09:36:21-03:00
0f9b8c97-4f53-4bbb-a24d-0a19f6a5f944,2026-08-10T09:49:24-03:00
f7b74bb2-3821-4209-9eac-cacf1d407f69,2026-08-10T10:53:23-03:00
25b0935a-b37b-4003-9fc9-8e197f351e42,2026-08-10T10:58:00-03:00
472fb8aa-f47d-4cff-a822-4e67980f64cc,2026-08-10T10:59:57-03:00
e4212795-fd8c-4c13-b34f-27d79de3d91e,2026-08-10T11:23:28-03:00
2e5befb3-57ff-4a4d-8019-5856f458e73e,2026-08-10T11:36:25-03:00
5a6329da-c0e5-4791-ac77-7503d82554ea,2026-08-10T11:59:07-03:00
fb08f3b4-43f4-4590-946a-30fbd8094881,2026-08-10T12:03:39-03:00
b7c259ff-57be-4f82-b403-07a28d29aa68,2026-08-10T12:19:13-03:00
1123a13c-393f-4d29-acd4-e86555870c25,2026-08-10T12:25:10-03:00
51534d73-cfb1-4970-9541-761311079d5d,2026-08-10T12:37:00-03:00
0b1b643e-405f-44a1-a5c5-cbcae283d573,2026-08-10T12:43:34-03:00
b61e4aa6-ca79-4db0-bad5-d6fb1aa9ef99,2026-08-10T12:46:06-03:00
5593b55a-c917-4fe2-8b0d-4ad5d7371656,2026-08-10T13:04:41-03:00
001481aa-8661-4c80-a221-7d0c40fd0dea,2026-08-10T13:09:55-03:00
86c56b5e-359a-4221-b7d0-3162eeae05bc,2026-08-10T13:10:54-03:00
de03cead-2add-44c5-bf56-cb1c3b4b483f,2026-08-10T13:13:58-03:00
123f2d21-7fb8-4195-8256-ac26714a80d4,2026-08-10T13:23:45-03:00
5959293a-9863-4510-b805-90e73c4871e8,2026-08-10T13:25:51-03:00
cc46b3bf-3bf2-4701-bde9-7b2fcf1eea95,2026-08-10T13:35:35-03:00
cbaf4bc2-fe5c-4ac5-960c-e795a6afc650,2026-08-10T14:17:22-03:00
03658df2-2721-4ff3-aa5e-8bf7925c8add,2026-08-10T14:26:26-03:00
f1f01bc0-6933-48fc-ac60-0091d2d69649,2026-08-10T14:42:30-03:00
36ebd5c3-5bd1-4830-a1be-19f63f4191af,2026-08-10T14:42:42-03:00
95d9fd79-c27b-4406-87b6-ff3292e75385,2026-08-10T14:54:06-03:00
fc160c5b-5da4-4901-9d7c-9fd85712be19,2026-08-10T15:02:38-03:00
b313c44a-8a3d-403f-bd36-6170c9a4d412,2026-08-10T15:02:49-03:00
5959293a-9863-4510-b805-90e73c4871e8,2026-08-10T15:03:53-03:00
054c4279-41b7-426d-b378-901962e80587,2026-08-10T15:15:48-03:00
2256b9c7-d1db-4536-ad72-054afd567cb2,2026-08-10T15:21:12-03:00
763b165d-9848-4545-b83e-cb48d3de1d7e,2026-08-10T15:32:07-03:00
713a6f71-65b2-49f8-8851-982b335a76f3,2026-08-10T15:42:22-03:00
ea6cb524-38da-43cf-995f-f61afde43338,2026-08-10T15:56:46-03:00
b697231c-fd08-4cd9-bb2c-607cd90f9b9f,2026-08-10T16:00:37-03:00
987a1c42-fa45-4b9a-8188-4b006df76679,2026-08-10T16:43:29-03:00
616ab48f-6427-43bf-80e8-38a99f165f50,2026-08-10T17:54:12-03:00
c5a6684a-0092-4497-b63e-0e80f3d2fc73,2026-08-10T18:01:49-03:00
4537575d-3e72-4359-aa46-c26b20a32b08,2026-08-10T18:09:34-03:00
47881c91-83a5-4062-adff-f9c9fd8273d7,2026-08-10T18:12:48-03:00
8cc5d5e5-4c08-4f20-8110-6e3e9674c27c,2026-08-10T18:19:36-03:00
9718b411-0759-4cc4-a90f-4de4e78c4690,2026-08-10T18:32:05-03:00
5fc3cacc-59bf-463a-8430-bc39f0b88372,2026-08-10T18:38:07-03:00
616ab48f-6427-43bf-80e8-38a99f165f50,2026-08-10T18:47:01-03:00
7b4f8c5b-7741-460d-9321-be16495e8fd9,2026-08-10T18:49:24-03:00
4e6d95b1-b84c-47ea-8882-55bbdfbb7a52,2026-08-10T19:07:46-03:00
0db43cb2-6a98-409f-a045-249b51863e7c,2026-08-10T19:18:51-03:00
62fa174e-75a1-44a6-bc9c-3a9184ea89be,2026-08-10T19:26:11-03:00
fb08f3b4-43f4-4590-946a-30fbd8094881,2026-08-10T19:34:29-03:00
cbaf4bc2-fe5c-4ac5-960c-e795a6afc650,2026-08-10T19:40:31-03:00
e169f77f-4018-4d94-8684-72cf414ea2a4,2026-08-10T19:41:11-03:00
b313c44a-8a3d-403f-bd36-6170c9a4d412,2026-08-10T19:46:37-03:00
47f3759f-c05d-4700-9354-e9cbea6907c1,2026-08-10T19:55:33-03:00
b9a7b147-c815-4b76-a46a-a5f0d965ef5f,2026-08-10T19:56:50-03:00
2c547b7c-7de5-429d-9f58-156dd1928fca,2026-08-10T20:03:28-03:00
1123a13c-393f-4d29-acd4-e86555870c25,2026-08-10T20:09:51-03:00
f4e90515-e3d6-4ffe-8206-808ab1cb68c4,2026-08-10T20:13:24-03:00
a2ea1fc7-6f8c-4640-85c0-ac9720b088c9,2026-08-10T20:40:20-03:00
7ca8f3a7-d1c0-402d-af08-90ce6f598e59,2026-08-10T20:42:08-03:00
13e90a5f-e4fe-4da5-afc0-24b163328980,2026-08-10T21:07:53-03:00
a63b4b46-7ab4-4473-8f5e-3bb2af2412b4,2026-08-10T21:42:13-03:00
bb07a7d3-beaa-4c7a-ba58-1d0aea094568,2026-08-10T21:46:56-03:00
62b64148-c6cf-4c07-b3e3-ab3e6bdfd457,2026-08-10T21:47:38-03:00
04a7823c-75fa-4198-bd66-879a5d2019de,2026-08-10T21:55:12-03:00
3bd59652-4c13-4673-bf18-180626a28b54,2026-08-10T22:50:12-03:00
47f3759f-c05d-4700-9354-e9cbea6907c1,2026-08-10T23:55:24-03:00
6f5d94b5-a9c3-403f-8d38-6bd62e7ec428,2026-08-11T06:20:24-03:00
48ec97bc-f0a2-4bf0-bc16-887f111e17a3,2026-08-11T06:21:06-03:00
3ff03678-ef66-40b7-817f-75ddf5870243,2026-08-11T06:52:58-03:00
86c56b5e-359a-4221-b7d0-3162eeae05bc,2026-08-11T06:58:55-03:00
fb30db7b-63d2-419f-9710-1efd105a6b96,2026-08-11T07:24:49-03:00
39f3c09b-0777-46ae-b8b0-f11398450952,2026-08-11T08:23:36-03:00
8e81c4a0-72a2-422a-8340-4766e58b612c,2026-08-11T08:51:15-03:00
c7aac888-75e4-42f2-9131-4b0abb0cee03,2026-08-11T08:52:31-03:00
9568d269-8025-4cde-8a48-d43ab5b993db,2026-08-11T09:09:56-03:00
4efa166e-94e8-484e-9ee8-66403a183164,2026-08-11T09:19:58-03:00
23efc34d-b8d4-4348-a88a-199de3a40bdf,2026-08-11T09:29:12-03:00
9773c7a7-8c55-4526-a26d-71fd92e29abc,2026-08-11T09:44:07-03:00
f7b74bb2-3821-4209-9eac-cacf1d407f69,2026-08-11T10:07:42-03:00
6224c4f3-0406-47c6-9bf4-7661eba06211,2026-08-11T10:40:29-03:00
2198e7b7-1971-466d-8051-1f36e7a71b9a,2026-08-11T10:45:12-03:00
fc160c5b-5da4-4901-9d7c-9fd85712be19,2026-08-11T12:02:29-03:00
63a65720-bb80-475d-b2da-94c4c313c0b5,2026-08-11T12:08:58-03:00
1b9fe081-7fc4-4cfe-a13e-a6d86ea76128,2026-08-11T12:33:12-03:00
f4ce2714-b5cc-4dde-8aea-7f7d36c7d3bd,2026-08-11T12:38:49-03:00
bfae6158-8749-4142-b18b-8e1db3e10de9,2026-08-11T12:43:45-03:00
66ef1093-5907-4924-ab21-56e5b7e22cb1,2026-08-11T12:45:29-03:00
bd527948-fd8b-4711-bb4d-60fdf8fa4158,2026-08-11T12:50:49-03:00
18490f79-4ffb-4e33-876e-8117d0622fc5,2026-08-11T13:03:50-03:00
674bbcbe-427e-4d47-998b-dfbfaae16381,2026-08-11T13:05:48-03:00
e8461fd8-c033-47a2-a2b9-63ec8d6e4271,2026-08-11T13:22:34-03:00
b7c2c8d3-2026-49c9-9955-1946d4749338,2026-08-11T14:02:17-03:00
d190f6d4-137f-4787-a68f-37428a06c1d8,2026-08-11T14:10:23-03:00
300c0bb2-1f6c-4308-9e85-249d8a11a277,2026-08-11T14:48:08-03:00
27976644-f012-41cf-8a58-e19007647ec3,2026-08-11T15:11:34-03:00
1b9fe081-7fc4-4cfe-a13e-a6d86ea76128,2026-08-11T15:12:45-03:00
55010fbd-a4a3-4dd6-83b4-9e43de35bf83,2026-08-11T15:21:51-03:00
fd04633f-6587-4b3a-b5ba-6bd78bc0b085,2026-08-11T16:23:10-03:00
914ad948-05cc-48b2-af17-72a63ca5ba14,2026-08-11T16:33:06-03:00
12662e6b-2068-415f-966e-e3ada53c8185,2026-08-11T16:37:27-03:00
4efa166e-94e8-484e-9ee8-66403a183164,2026-08-11T16:41:35-03:00
a2ba3863-a98c-4cad-a126-e80e8c7cde7a,2026-08-11T16:44:27-03:00
8721d034-e5a9-44e9-9e8c-0a536ae75e87,2026-08-11T17:11:17-03:00
9568d269-8025-4cde-8a48-d43ab5b993db,2026-08-11T17:12:44-03:00
53b128e5-4019-4949-bd7b-e94a23e14fe3,2026-08-11T17:19:13-03:00
be314718-d6d3-410e-a74a-6aa76618456e,2026-08-11T17:30:54-03:00
bd527948-fd8b-4711-bb4d-60fdf8fa4158,2026-08-11T17:39:24-03:00
7ca8f3a7-d1c0-402d-af08-90ce6f598e59,2026-08-11T17:43:24-03:00
a086891f-d6ab-4709-a303-75ef4c56512f,2026-08-11T17:51:53-03:00
fb30db7b-63d2-419f-9710-1efd105a6b96,2026-08-11T17:54:14-03:00
4b71bfa6-41ce-4689-880b-c67a177a3c1c,2026-08-11T18:09:37-03:00
3743a7f0-afdd-4331-ba16-86ca4be7fdce,2026-08-11T18:13:27-03:00
1d418502-22a7-4b6e-9978-0fefc147e915,2026-08-11T18:33:10-03:00
e803e5c6-858d-45f5-b09b-7935ad19ee74,2026-08-11T18:33:26-03:00
5785a9d6-6ebe-4fde-b637-7575849d5fb5,2026-08-11T18:49:50-03:00
7bd4e04f-d0a6-4128-9aff-7ed948770493,2026-08-11T18:57:22-03:00
674bbcbe-427e-4d47-998b-dfbfaae16381,2026-08-11T19:04:15-03:00
277cc565-3546-4009-accd-9cabfc7aea6a,2026-08-11T19:06:10-03:00
334af7c8-ef2d-4c8d-8bea-23cc393c5fb5,2026-08-11T19:14:15-03:00
f4e90515-e3d6-4ffe-8206-808ab1cb68c4,2026-08-11T19:18:48-03:00
3f1f3e79-3f55-4556-8c87-4a881a908b1d,2026-08-11T19:20:23-03:00
879d24a3-e7ff-403f-b26c-228c09d1004c,2026-08-11T19:21:23-03:00
d5dacd88-aa57-4262-9696-d310a64f81b1,2026-08-11T19:22:37-03:00
e4212795-fd8c-4c13-b34f-27d79de3d91e,2026-08-11T19:22:56-03:00
fc160c5b-5da4-4901-9d7c-9fd85712be19,2026-08-11T19:27:51-03:00
debb3c52-ad38-41dc-b901-ee2bf7e72005,2026-08-11T19:36:34-03:00
58e9b50a-0816-4b05-a715-b8f069b2ed05,2026-08-11T19:50:34-03:00
04a7823c-75fa-4198-bd66-879a5d2019de,2026-08-11T19:51:15-03:00
ef710db7-b23f-4f82-bc23-439496d7fbdf,2026-08-11T19:54:16-03:00
400ffd1f-2a42-46c1-a7c9-623c3ca07a97,2026-08-11T19:58:09-03:00
ef710db7-b23f-4f82-bc23-439496d7fbdf,2026-08-11T19:58:56-03:00
488bfe58-d992-478c-981c-9f5b02344873,2026-08-11T20:14:13-03:00
987a1c42-fa45-4b9a-8188-4b006df76679,2026-08-11T20:15:35-03:00
12662e6b-2068-415f-966e-e3ada53c8185,2026-08-11T20:15:37-03:00
23efc34d-b8d4-4348-a88a-199de3a40bdf,2026-08-11T20:16:58-03:00
86c56b5e-359a-4221-b7d0-3162eeae05bc,2026-08-11T20:21:54-03:00
17e569ff-b707-4edb-8046-ad4771c3c962,2026-08-11T20:38:33-03:00
945d32af-2611-4fb8-b931-e83ec0454ad9,2026-08-11T20:42:18-03:00
90bfe485-0f05-4d31-a36a-da3a0afd6316,2026-08-11T20:53:21-03:00
4b71bfa6-41ce-4689-880b-c67a177a3c1c,2026-08-11T20:55:58-03:00
b5b66e1d-2391-4e19-ba80-34b9dd7a85e3,2026-08-11T20:59:21-03:00
a5200934-c28b-4403-a587-99c447caf120,2026-08-11T21:05:26-03:00
123f2d21-7fb8-4195-8256-ac26714a80d4,2026-08-11T21:05:35-03:00
96bdb30c-dfda-456a-a2a9-f39c084bcdf4,2026-08-11T21:16:08-03:00
335d097b-9693-471f-ba8c-bfdf3c35061f,2026-08-11T21:22:52-03:00
9e87103d-64bb-4f6b-a5d7-55efb7bc74ce,2026-08-11T21:24:24-03:00
ffab5aab-8c70-4b8a-8783-354343c5eedd,2026-08-11T21:47:32-03:00
488bfe58-d992-478c-981c-9f5b02344873,2026-08-11T22:00:27-03:00
001481aa-8661-4c80-a221-7d0c40fd0dea,2026-08-11T22:12:40-03:00
fc51d2b5-a5f3-4e9d-b30e-bc5420ab3879,2026-08-11T22:17:36-03:00
a5200934-c28b-4403-a587-99c447caf120,2026-08-11T23:07:30-03:00
c58f53fe-c900-41d1-848b-d586fb2d953b,2026-08-12T06:03:32-03:00
507bb5cb-6426-477c-accd-78625b80cd14,2026-08-12T06:31:23-03:00
d347e1b4-86a7-4154-b9a4-b1905c4f7969,2026-08-12T06:36:22-03:00
468123e3-2f79-46a1-8cf6-640ccd9ce86f,2026-08-12T07:00:17-03:00
26d1fbd7-76dc-4672-9547-ab1a24edc02d,2026-08-12T07:11:42-03:00
642ea164-a302-402c-ae4d-4ec15f2cf519,2026-08-12T07:20:22-03:00
b5540c19-6aae-4d8c-99f3-34fe5c95f90d,2026-08-12T07:32:13-03:00
7acb2378-11f0-49d6-a86a-31c088a5c1cd,2026-08-12T07:44:09-03:00
2e5befb3-57ff-4a4d-8019-5856f458e73e,2026-08-12T08:09:16-03:00
6e8d79f1-3124-4837-9efb-8cb717a160e7,2026-08-12T08:09:53-03:00
a1c42ac3-c204-4a54-9d3a-25603a5c23b3,2026-08-12T08:11:52-03:00
b584720a-c001-408e-9f81-ad6d9cfc73ff,2026-08-12T08:23:22-03:00
507bb5cb-6426-477c-accd-78625b80cd14,2026-08-12T08:38:36-03:00
b584720a-c001-408e-9f81-ad6d9cfc73ff,2026-08-12T08:45:15-03:00
674bbcbe-427e-4d47-998b-dfbfaae16381,2026-08-12T08:47:43-03:00
987a1c42-fa45-4b9a-8188-4b006df76679,2026-08-12T08:52:50-03:00
75a25cfe-2388-445e-b4b8-8eecec068396,2026-08-12T08:53:46-03:00
ee713c93-fdc1-448c-86a9-d2f6af327b49,2026-08-12T09:12:27-03:00
26d1fbd7-76dc-4672-9547-ab1a24edc02d,2026-08-12T09:42:34-03:00
3ff03678-ef66-40b7-817f-75ddf5870243,2026-08-12T09:43:31-03:00
760875b7-fc17-4a23-bf61-27012c6baac1,2026-08-12T09:49:17-03:00
b3010f1e-1097-4583-90c4-c22e1bbd666f,2026-08-12T10:25:19-03:00
129337b7-3d85-477c-b37f-5c680be7a119,2026-08-12T10:45:58-03:00
f8ce0f67-48c8-4ccf-b8b1-21159cb64d8f,2026-08-12T11:12:01-03:00
824a7c61-0bbb-46e3-87bf-4b48cc63793e,2026-08-12T11:14:02-03:00
a81a5af9-195e-4e1a-a42d-4df574b9d5c9,2026-08-12T11:15:03-03:00
6e8d79f1-3124-4837-9efb-8cb717a160e7,2026-08-12T11:21:27-03:00
050b3afe-ff51-47fa-83bd-6e6c004d8b32,2026-08-12T12:08:11-03:00
697361f5-d6d0-4cf8-9f4b-caab60b56b0e,2026-08-12T12:11:20-03:00
75a25cfe-2388-445e-b4b8-8eecec068396,2026-08-12T12:30:23-03:00
2256b9c7-d1db-4536-ad72-054afd567cb2,2026-08-12T12:32:10-03:00
a45528e3-636e-493d-a38c-52bf86c091dc,2026-08-12T12:32:19-03:00
4ec0ffb3-a441-4db4-bc08-a66c1ee36107,2026-08-12T12:58:24-03:00
129337b7-3d85-477c-b37f-5c680be7a119,2026-08-12T13:03:48-03:00
e4b61e98-a580-43e7-bd42-77e61e7dee6c,2026-08-12T13:19:23-03:00
edba9f48-1982-44e0-8600-1f83e681059b,2026-08-12T13:28:38-03:00
86c56b5e-359a-4221-b7d0-3162eeae05bc,2026-08-12T13:50:17-03:00
8e81c4a0-72a2-422a-8340-4766e58b612c,2026-08-12T14:12:26-03:00
83a5bb64-0113-4f1a-89de-2963095c9274,2026-08-12T14:23:29-03:00
17be997b-ea98-4cd4-9c5e-452c7cf50b24,2026-08-12T14:26:30-03:00
c1789e70-b21e-4f52-95f0-7e1067a59d0c,2026-08-12T14:27:05-03:00
fc4dec09-64fb-46e0-85ae-59c5db864719,2026-08-12T14:55:38-03:00
66ef1093-5907-4924-ab21-56e5b7e22cb1,2026-08-12T15:01:28-03:00
693486f5-1cb4-46ab-bd7c-85ca30bd1527,2026-08-12T15:06:11-03:00
e88174ed-c99e-46c1-bb9a-b9382febd3b0,2026-08-12T15:12:45-03:00
2f23cce2-bbaa-4c08-b122-571f224155fb,2026-08-12T15:34:05-03:00
48fcc312-cf83-4aa3-9abf-7d656f455037,2026-08-12T15:35:37-03:00
ecf882cf-d784-4aa3-9487-e71f4bebfee5,2026-08-12T15:42:45-03:00
1077323b-26ce-4732-a6f1-89225ece87fd,2026-08-12T15:56:37-03:00
2f23cce2-bbaa-4c08-b122-571f224155fb,2026-08-12T15:57:05-03:00
2e5befb3-57ff-4a4d-8019-5856f458e73e,2026-08-12T15:59:56-03:00
8779f988-bdf9-4b7a-8b75-e681ea3e1c36,2026-08-12T16:06:31-03:00
d786bdde-e18b-46fc-9e05-201ebef1f85c,2026-08-12T16:10:53-03:00
94572e5a-a884-43b4-b0c0-3dd41add70ed,2026-08-12T16:25:13-03:00
954a9718-c280-479c-bbb0-784a272b1d0f,2026-08-12T16:26:17-03:00
31b7e580-7030-4bc6-8d59-8e23d5e9e8c0,2026-08-12T16:32:18-03:00
674bbcbe-427e-4d47-998b-dfbfaae16381,2026-08-12T17:08:50-03:00
2198e7b7-1971-466d-8051-1f36e7a71b9a,2026-08-12T17:16:05-03:00
91dee7ca-e1be-4118-8353-c9998fd0c958,2026-08-12T17:23:32-03:00
a2ea1fc7-6f8c-4640-85c0-ac9720b088c9,2026-08-12T17:31:14-03:00
8e4e5496-10b9-40a0-935a-54aaf7300eb5,2026-08-12T17:39:17-03:00
a2ba3863-a98c-4cad-a126-e80e8c7cde7a,2026-08-12T17:56:53-03:00
5d1b11a1-4118-4e2c-8702-1d81810c3c60,2026-08-12T18:00:19-03:00
a2b00c70-8142-4f3b-918c-a49601eafba3,2026-08-12T18:04:04-03:00
64c553e9-120c-4401-8a5f-29609abfbe42,2026-08-12T18:18:46-03:00
86b79e85-dad9-4895-87d9-df9eafa9ab32,2026-08-12T18:29:52-03:00
7674d177-a274-40f7-9f90-b5a93a99caac,2026-08-12T18:35:09-03:00
94572e5a-a884-43b4-b0c0-3dd41add70ed,2026-08-12T18:41:42-03:00
06390b41-6cb5-4646-a920-4440f00d0b3d,2026-08-12T18:49:56-03:00
4937417c-2603-46e9-8f3f-a995377147cb,2026-08-12T19:10:51-03:00
85a4ba4f-c929-4499-9241-55b327e471d6,2026-08-12T19:13:27-03:00
ee713c93-fdc1-448c-86a9-d2f6af327b49,2026-08-12T19:23:04-03:00
e803e5c6-858d-45f5-b09b-7935ad19ee74,2026-08-12T19:31:11-03:00
b5540c19-6aae-4d8c-99f3-34fe5c95f90d,2026-08-12T19:35:17-03:00
77907b7d-2c49-4096-861a-40d8b858e199,2026-08-12T19:43:45-03:00
62fa174e-75a1-44a6-bc9c-3a9184ea89be,2026-08-12T19:45:08-03:00
300c0bb2-1f6c-4308-9e85-249d8a11a277,2026-08-12T19:59:06-03:00
dc261513-fa73-40cd-bef0-3aaa2663c23d,2026-08-12T19:59:35-03:00
a1c42ac3-c204-4a54-9d3a-25603a5c23b3,2026-08-12T20:04:04-03:00
8e4e5496-10b9-40a0-935a-54aaf7300eb5,2026-08-12T20:07:06-03:00
bb5e0dbc-e2c0-40e8-82a5-da507ddf52a5,2026-08-12T20:14:29-03:00
f16dc111-041c-4d2b-89f5-59312798b9a8,2026-08-12T20:21:39-03:00
afd25cdc-8200-4c75-a7b3-d828005d8b2f,2026-08-12T20:35:30-03:00
b61e4aa6-ca79-4db0-bad5-d6fb1aa9ef99,2026-08-12T20:40:09-03:00
5a6329da-c0e5-4791-ac77-7503d82554ea,2026-08-12T20:47:59-03:00
b64f51fa-8ad4-4a81-bf09-714a2fc3b823,2026-08-12T20:49:01-03:00
f3689675-9c1e-40ec-857c-0898d5b47de8,2026-08-12T20:51:13-03:00
acbdd1bd-c4bd-42af-8f35-3f2afad152fd,2026-08-12T20:54:28-03:00
8e81c4a0-72a2-422a-8340-4766e58b612c,2026-08-12T20:56:09-03:00
5a6329da-c0e5-4791-ac77-7503d82554ea,2026-08-12T21:12:48-03:00
a797facd-97b8-4d7c-814c-832665dff6ae,2026-08-12T21:15:44-03:00
468123e3-2f79-46a1-8cf6-640ccd9ce86f,2026-08-12T21:19:28-03:00
c7aac888-75e4-42f2-9131-4b0abb0cee03,2026-08-12T21:25:28-03:00
b64f51fa-8ad4-4a81-bf09-714a2fc3b823,2026-08-12T21:28:04-03:00
77907b7d-2c49-4096-861a-40d8b858e199,2026-08-12T21:42:10-03:00
d254e996-2363-4025-9c3e-7cc48327196e,2026-08-12T21:47:39-03:00
5785a9d6-6ebe-4fde-b637-7575849d5fb5,2026-08-12T21:53:54-03:00
48fcc312-cf83-4aa3-9abf-7d656f455037,2026-08-12T21:59:31-03:00
1becd6ee-0076-4970-9c82-aa1ab4cb19f4,2026-08-12T22:50:01-03:00
7f9ba79f-545c-4529-a340-cd6449271b7a,2026-08-13T06:57:30-03:00
fb08f3b4-43f4-4590-946a-30fbd8094881,2026-08-13T06:59:12-03:00
62fa174e-75a1-44a6-bc9c-3a9184ea89be,2026-08-13T07:04:51-03:00
68b5711a-cdd4-42df-b956-2992d25a04ef,2026-08-13T07:18:53-03:00
488bfe58-d992-478c-981c-9f5b02344873,2026-08-13T07:27:32-03:00
e4212795-fd8c-4c13-b34f-27d79de3d91e,2026-08-13T07:48:39-03:00
8e81c4a0-72a2-422a-8340-4766e58b612c,2026-08-13T08:08:27-03:00
9e7efe95-51f6-487e-bb82-7e9777e80193,2026-08-13T08:15:35-03:00
c58f53fe-c900-41d1-848b-d586fb2d953b,2026-08-13T08:17:41-03:00
cea1dcae-2604-4ce7-9ff2-12f15a88dc15,2026-08-13T08:38:33-03:00
55010fbd-a4a3-4dd6-83b4-9e43de35bf83,2026-08-13T08:51:01-03:00
f3689675-9c1e-40ec-857c-0898d5b47de8,2026-08-13T08:51:16-03:00
275eb800-c6ed-42b6-8e3d-679ad05f04aa,2026-08-13T09:01:51-03:00
88c643e8-67d1-4e9b-8732-12f8fa4c3540,2026-08-13T09:03:33-03:00
06390b41-6cb5-4646-a920-4440f00d0b3d,2026-08-13T09:05:55-03:00
83734873-b407-416d-9043-cf1f03203e48,2026-08-13T09:07:53-03:00
72872c81-60ab-48bb-a1b6-98668f73ef13,2026-08-13T09:09:26-03:00
e9e55568-4c3b-497d-aa0c-d932c05e3d96,2026-08-13T09:15:20-03:00
b930c4bd-20e0-4b39-966b-64443421e308,2026-08-13T09:36:24-03:00
b313c44a-8a3d-403f-bd36-6170c9a4d412,2026-08-13T10:05:40-03:00
12662e6b-2068-415f-966e-e3ada53c8185,2026-08-13T10:42:59-03:00
a3882624-2f38-4aac-afb0-a231f18866b5,2026-08-13T10:52:28-03:00
d786bdde-e18b-46fc-9e05-201ebef1f85c,2026-08-13T11:05:22-03:00
677cb034-b991-4736-a616-c6f28dc205bf,2026-08-13T11:11:52-03:00
47cf2dc7-e7f7-4797-89f0-789c17cc0a00,2026-08-13T11:34:18-03:00
cf694a1e-cbc9-4f6e-8eef-ea20f93dc713,2026-08-13T12:02:56-03:00
171346fe-55d9-4f3a-b276-65d8949cad2e,2026-08-13T12:07:11-03:00
b51c10a8-7f7c-4e7b-ade2-20756dcc0ce7,2026-08-13T12:15:30-03:00
a6348d1a-9cf7-400c-ade5-a6acd24f916b,2026-08-13T12:26:04-03:00
25b0935a-b37b-4003-9fc9-8e197f351e42,2026-08-13T12:39:23-03:00
5785a9d6-6ebe-4fde-b637-7575849d5fb5,2026-08-13T12:48:35-03:00
afd25cdc-8200-4c75-a7b3-d828005d8b2f,2026-08-13T13:00:56-03:00
6588b661-f3a4-4eb6-9c0e-c1dbde3e39d5,2026-08-13T13:02:13-03:00
2198e7b7-1971-466d-8051-1f36e7a71b9a,2026-08-13T13:15:09-03:00
bc49028d-2f3f-4f93-a6a7-80a0c556f5e1,2026-08-13T13:34:29-03:00
945d32af-2611-4fb8-b931-e83ec0454ad9,2026-08-13T14:57:05-03:00
0063959e-9d2f-4e89-bdf1-159fa165adda,2026-08-13T15:03:50-03:00
acbdd1bd-c4bd-42af-8f35-3f2afad152fd,2026-08-13T15:14:35-03:00
2494ba8f-73c5-48a3-823b-986b77c853e8,2026-08-13T15:51:06-03:00
a5200934-c28b-4403-a587-99c447caf120,2026-08-13T16:31:38-03:00
bfae6158-8749-4142-b18b-8e1db3e10de9,2026-08-13T16:35:46-03:00
7bd4e04f-d0a6-4128-9aff-7ed948770493,2026-08-13T16:37:29-03:00
64c553e9-120c-4401-8a5f-29609abfbe42,2026-08-13T16:37:39-03:00
47cf2dc7-e7f7-4797-89f0-789c17cc0a00,2026-08-13T16:49:36-03:00
8e4e5496-10b9-40a0-935a-54aaf7300eb5,2026-08-13T16:50:02-03:00
fb08f3b4-43f4-4590-946a-30fbd8094881,2026-08-13T17:02:39-03:00
6588b661-f3a4-4eb6-9c0e-c1dbde3e39d5,2026-08-13T17:08:14-03:00
d4401fcc-49a1-4a4b-a721-75f5bddf5005,2026-08-13T17:43:53-03:00
38a7897a-3596-4ffc-9142-87f5d9c1d8f6,2026-08-13T17:45:04-03:00
677cb034-b991-4736-a616-c6f28dc205bf,2026-08-13T18:01:42-03:00
2e5befb3-57ff-4a4d-8019-5856f458e73e,2026-08-13T18:35:49-03:00
f4f7636b-baf3-4924-8927-21d16976e9a2,2026-08-13T18:42:16-03:00
8e08991f-cdd5-487d-bda2-f7dbb9be290e,2026-08-13T18:47:16-03:00
bfae6158-8749-4142-b18b-8e1db3e10de9,2026-08-13T19:07:39-03:00
a086891f-d6ab-4709-a303-75ef4c56512f,2026-08-13T19:08:04-03:00
e36ec4f0-03ff-4628-a217-8752c64604c8,2026-08-13T19:08:23-03:00
945d32af-2611-4fb8-b931-e83ec0454ad9,2026-08-13T19:09:34-03:00
f4f7636b-baf3-4924-8927-21d16976e9a2,2026-08-13T19:16:10-03:00
a2ba3863-a98c-4cad-a126-e80e8c7cde7a,2026-08-13T19:22:01-03:00
83734873-b407-416d-9043-cf1f03203e48,2026-08-13T19:26:06-03:00
e4212795-fd8c-4c13-b34f-27d79de3d91e,2026-08-13T19:31:48-03:00
8e08991f-cdd5-487d-bda2-f7dbb9be290e,2026-08-13T19:36:11-03:00
6e8d79f1-3124-4837-9efb-8cb717a160e7,2026-08-13T19:42:59-03:00
b584720a-c001-408e-9f81-ad6d9cfc73ff,2026-08-13T19:49:40-03:00
17f56689-36c5-4349-8c1f-604553aa5a36,2026-08-13T19:52:24-03:00
c9bc0a35-47cd-4533-85a2-f38050bf398c,2026-08-13T19:54:46-03:00
5785a9d6-6ebe-4fde-b637-7575849d5fb5,2026-08-13T19:58:54-03:00
cea1dcae-2604-4ce7-9ff2-12f15a88dc15,2026-08-13T20:07:35-03:00
f8e6eea7-4833-4b8a-8e61-a35731067f42,2026-08-13T20:13:50-03:00
9718b411-0759-4cc4-a90f-4de4e78c4690,2026-08-13T20:17:45-03:00
701d5d6c-29a3-4f99-88ab-9ad29e236345,2026-08-13T20:24:11-03:00
7ca8f3a7-d1c0-402d-af08-90ce6f598e59,2026-08-13T20:26:36-03:00
62fa174e-75a1-44a6-bc9c-3a9184ea89be,2026-08-13T20:34:52-03:00
d48a9613-c60d-421c-8e5d-5816c9f283bd,2026-08-13T20:49:42-03:00
16416905-7ecb-47fa-8cd0-4b1e60d9a70b,2026-08-13T20:50:48-03:00
f7b74bb2-3821-4209-9eac-cacf1d407f69,2026-08-13T20:51:06-03:00
1db74be8-4e28-47d9-90df-e92b7cba2322,2026-08-13T21:00:50-03:00
0063959e-9d2f-4e89-bdf1-159fa165adda,2026-08-13T21:03:47-03:00
406bfc66-2242-4acf-b578-3979c4072ea8,2026-08-13T21:09:06-03:00
e8ad3177-6209-454e-a1e6-f1cc113cd65e,2026-08-13T21:15:57-03:00
461064e2-68de-40b7-b251-70697277f917,2026-08-13T21:19:58-03:00
88c643e8-67d1-4e9b-8732-12f8fa4c3540,2026-08-13T21:23:24-03:00
17f56689-36c5-4349-8c1f-604553aa5a36,2026-08-13T21:42:08-03:00
55010fbd-a4a3-4dd6-83b4-9e43de35bf83,2026-08-13T21:44:55-03:00
fc160c5b-5da4-4901-9d7c-9fd85712be19,2026-08-13T21:55:25-03:00
674bbcbe-427e-4d47-998b-dfbfaae16381,2026-08-13T22:01:46-03:00
d67f10a7-d5dc-4200-b405-8c369928f310,2026-08-13T22:04:30-03:00
171346fe-55d9-4f3a-b276-65d8949cad2e,2026-08-13T22:49:21-03:00
406bfc66-2242-4acf-b578-3979c4072ea8,2026-08-13T23:08:09-03:00
763b165d-9848-4545-b83e-cb48d3de1d7e,2026-08-13T23:37:51-03:00
468123e3-2f79-46a1-8cf6-640ccd9ce86f,2026-08-13T23:59:23-03:00
8e81c4a0-72a2-422a-8340-4766e58b612c,2026-08-14T06:12:42-03:00
f1f01bc0-6933-48fc-ac60-0091d2d69649,2026-08-14T06:30:51-03:00
b60bbd7d-8c43-4dee-bef9-136f66093c73,2026-08-14T06:41:16-03:00
2256b9c7-d1db-4536-ad72-054afd567cb2,2026-08-14T07:07:51-03:00
3ee0951e-a424-4546-9803-47dbae958b8f,2026-08-14T07:13:40-03:00
e432e9d2-79f8-4c88-8001-bae52bb82d34,2026-08-14T07:29:11-03:00
0571a628-58b5-4e94-a85c-76b4d1be06f2,2026-08-14T07:32:02-03:00
8e4207fd-a513-4999-b9f5-267b7662f66d,2026-08-14T07:43:13-03:00
85a4ba4f-c929-4499-9241-55b327e471d6,2026-08-14T08:18:33-03:00
ff60c958-3fbd-498e-9531-cc302ace23eb,2026-08-14T08:21:40-03:00
ffab5aab-8c70-4b8a-8783-354343c5eedd,2026-08-14T08:24:47-03:00
3ac808ca-a57b-47d1-9826-72a6e9d84810,2026-08-14T08:37:01-03:00
001481aa-8661-4c80-a221-7d0c40fd0dea,2026-08-14T08:39:23-03:00
0e024f1a-0baa-46b7-a967-131e89cf7671,2026-08-14T08:45:35-03:00
e8461fd8-c033-47a2-a2b9-63ec8d6e4271,2026-08-14T08:53:41-03:00
f16dc111-041c-4d2b-89f5-59312798b9a8,2026-08-14T08:54:30-03:00
129337b7-3d85-477c-b37f-5c680be7a119,2026-08-14T09:00:36-03:00
656306f4-8a57-4e18-9d0a-565b197ba01a,2026-08-14T09:14:05-03:00
6aec4faa-8aea-4773-a9a0-2e49ca3d83fd,2026-08-14T09:34:55-03:00
68b5711a-cdd4-42df-b956-2992d25a04ef,2026-08-14T09:49:51-03:00
8ea2d02d-3431-40f8-a08b-24373c80014d,2026-08-14T10:00:42-03:00
9803f12e-248e-4386-96ec-48e0a7e0c0b4,2026-08-14T10:11:48-03:00
0e024f1a-0baa-46b7-a967-131e89cf7671,2026-08-14T10:16:31-03:00
246e9c60-87ce-4e05-91ea-50ec6b353fe0,2026-08-14T10:57:38-03:00
760875b7-fc17-4a23-bf61-27012c6baac1,2026-08-14T11:18:40-03:00
ff60c958-3fbd-498e-9531-cc302ace23eb,2026-08-14T11:26:27-03:00
2c1e161b-21e5-4636-a892-45aad5e96abd,2026-08-14T11:27:59-03:00
d7b7257f-01d2-40ce-b7fa-46a6a77fc5f9,2026-08-14T11:43:43-03:00
b6219ffa-dd01-4ea8-a806-ca8868dbb7aa,2026-08-14T11:49:04-03:00
adc731c9-d533-439b-8076-31e78726feaa,2026-08-14T11:54:09-03:00
3817ecfa-cdbb-402b-bdf7-ab09674a7d6b,2026-08-14T12:03:52-03:00
9d71a8eb-0c4b-4edc-bf8a-6a0bbc1da7ab,2026-08-14T12:20:18-03:00
be314718-d6d3-410e-a74a-6aa76618456e,2026-08-14T12:32:17-03:00
2679a553-1548-4b4f-afc8-8c3217fc1954,2026-08-14T12:39:50-03:00
a086891f-d6ab-4709-a303-75ef4c56512f,2026-08-14T12:40:34-03:00
0571a628-58b5-4e94-a85c-76b4d1be06f2,2026-08-14T13:06:15-03:00
5d636e3a-1e10-4161-ad9f-250d1e15ad07,2026-08-14T13:09:05-03:00
fc4dec09-64fb-46e0-85ae-59c5db864719,2026-08-14T13:50:46-03:00
e803e5c6-858d-45f5-b09b-7935ad19ee74,2026-08-14T13:56:13-03:00
a1700d41-f3ff-4070-8788-40b072dcef2d,2026-08-14T14:21:13-03:00
5785a9d6-6ebe-4fde-b637-7575849d5fb5,2026-08-14T14:46:38-03:00
3bd59652-4c13-4673-bf18-180626a28b54,2026-08-14T15:03:12-03:00
507bb5cb-6426-477c-accd-78625b80cd14,2026-08-14T15:03:38-03:00
9803f12e-248e-4386-96ec-48e0a7e0c0b4,2026-08-14T15:17:15-03:00
e432e9d2-79f8-4c88-8001-bae52bb82d34,2026-08-14T15:33:45-03:00
246e9c60-87ce-4e05-91ea-50ec6b353fe0,2026-08-14T15:33:58-03:00
2c547b7c-7de5-429d-9f58-156dd1928fca,2026-08-14T15:40:52-03:00
123f2d21-7fb8-4195-8256-ac26714a80d4,2026-08-14T15:41:29-03:00
441dfaac-432f-45d3-a6e5-cc0153e3446f,2026-08-14T15:41:55-03:00
300c0bb2-1f6c-4308-9e85-249d8a11a277,2026-08-14T15:43:18-03:00
deeb84c1-cb18-400c-9579-587872b2aecc,2026-08-14T16:24:54-03:00
acbdd1bd-c4bd-42af-8f35-3f2afad152fd,2026-08-14T16:36:04-03:00
760875b7-fc17-4a23-bf61-27012c6baac1,2026-08-14T16:39:41-03:00
b61e4aa6-ca79-4db0-bad5-d6fb1aa9ef99,2026-08-14T16:47:02-03:00
9abd0778-5f4c-433c-bfb1-39c14721a0c6,2026-08-14T16:47:45-03:00
a086891f-d6ab-4709-a303-75ef4c56512f,2026-08-14T16:51:48-03:00
81eb2192-b6f9-48f5-bc82-461677369b11,2026-08-14T16:57:25-03:00
1becd6ee-0076-4970-9c82-aa1ab4cb19f4,2026-08-14T17:46:04-03:00
d1deef52-975b-495e-a60c-edd1712b262f,2026-08-14T17:49:59-03:00
eb8660ea-b6d2-4715-ad13-fa197a2f4af7,2026-08-14T18:51:59-03:00
d254e996-2363-4025-9c3e-7cc48327196e,2026-08-14T18:56:31-03:00
8f0c1aec-68d4-48d2-8677-522dab1addeb,2026-08-14T19:05:07-03:00
469caca6-0c28-4a6d-a436-6528d82e0b56,2026-08-14T19:19:35-03:00
17dcbd2a-71bc-4148-8df3-e3e760e88671,2026-08-14T19:22:23-03:00
3ac808ca-a57b-47d1-9826-72a6e9d84810,2026-08-14T19:23:28-03:00
e36ec4f0-03ff-4628-a217-8752c64604c8,2026-08-14T19:29:26-03:00
94572e5a-a884-43b4-b0c0-3dd41add70ed,2026-08-14T19:31:50-03:00
d1deef52-975b-495e-a60c-edd1712b262f,2026-08-14T19:37:47-03:00
e88174ed-c99e-46c1-bb9a-b9382febd3b0,2026-08-14T19:38:04-03:00
bcf1a04a-e328-47be-8bcc-1af572389d59,2026-08-14T19:47:01-03:00
987a1c42-fa45-4b9a-8188-4b006df76679,2026-08-14T19:50:15-03:00
7ca8f3a7-d1c0-402d-af08-90ce6f598e59,2026-08-14T20:02:49-03:00
2256b9c7-d1db-4536-ad72-054afd567cb2,2026-08-14T20:07:02-03:00
9d71a8eb-0c4b-4edc-bf8a-6a0bbc1da7ab,2026-08-14T20:13:25-03:00
e88174ed-c99e-46c1-bb9a-b9382febd3b0,2026-08-14T20:16:01-03:00
68b5711a-cdd4-42df-b956-2992d25a04ef,2026-08-14T20:18:49-03:00
6f5d94b5-a9c3-403f-8d38-6bd62e7ec428,2026-08-14T20:32:26-03:00
b1ed24c0-4037-4922-b5bb-fd9bc6ec04c9,2026-08-14T20:43:25-03:00
2c547b7c-7de5-429d-9f58-156dd1928fca,2026-08-14T20:47:55-03:00
8e81c4a0-72a2-422a-8340-4766e58b612c,2026-08-14T20:49:12-03:00
15045214-2247-4403-b0bf-4f1a9c293447,2026-08-14T21:06:35-03:00
8e4e5496-10b9-40a0-935a-54aaf7300eb5,2026-08-14T21:20:08-03:00
f7b74bb2-3821-4209-9eac-cacf1d407f69,2026-08-14T21:27:07-03:00
62fa174e-75a1-44a6-bc9c-3a9184ea89be,2026-08-14T21:43:06-03:00
91c26aed-c3b4-4d82-ad2f-04dac1fc8d94,2026-08-14T21:49:09-03:00
656306f4-8a57-4e18-9d0a-565b197ba01a,2026-08-14T21:59:20-03:00
2c1e161b-21e5-4636-a892-45aad5e96abd,2026-08-14T22:07:09-03:00
86c56b5e-359a-4221-b7d0-3162eeae05bc,2026-08-14T22:09:38-03:00
b313c44a-8a3d-403f-bd36-6170c9a4d412,2026-08-14T22:27:27-03:00
8ea2d02d-3431-40f8-a08b-24373c80014d,2026-08-14T22:30:48-03:00
4efa166e-94e8-484e-9ee8-66403a183164,2026-08-14T22:31:39-03:00
17f56689-36c5-4349-8c1f-604553aa5a36,2026-08-14T22:48:38-03:00
df13cbb0-d954-4cf6-8987-7b0389cf03ae,2026-08-14T23:04:20-03:00
f3689675-9c1e-40ec-857c-0898d5b47de8,2026-08-15T06:04:44-03:00
488bfe58-d992-478c-981c-9f5b02344873,2026-08-15T07:02:41-03:00
3ac808ca-a57b-47d1-9826-72a6e9d84810,2026-08-15T07:03:26-03:00
bfe9472b-9197-4fa9-b4ed-8249cfaaa5d3,2026-08-15T07:22:45-03:00
be577f71-b4f7-4bdc-a4c2-6a0325a828ff,2026-08-15T07:25:14-03:00
62b64148-c6cf-4c07-b3e3-ab3e6bdfd457,2026-08-15T07:29:29-03:00
81eb2192-b6f9-48f5-bc82-461677369b11,2026-08-15T07:38:41-03:00
ee713c93-fdc1-448c-86a9-d2f6af327b49,2026-08-15T07:50:27-03:00
945d32af-2611-4fb8-b931-e83ec0454ad9,2026-08-15T07:51:42-03:00
ef710db7-b23f-4f82-bc23-439496d7fbdf,2026-08-15T08:13:33-03:00
86c56b5e-359a-4221-b7d0-3162eeae05bc,2026-08-15T08:14:06-03:00
987a1c42-fa45-4b9a-8188-4b006df76679,2026-08-15T08:16:32-03:00
001481aa-8661-4c80-a221-7d0c40fd0dea,2026-08-15T08:28:45-03:00
6e8d79f1-3124-4837-9efb-8cb717a160e7,2026-08-15T08:34:29-03:00
5683d94c-8c3b-4609-b4e8-e11c81d4fead,2026-08-15T08:36:11-03:00
b6a33dd7-5a14-4a50-b2f2-1ed5ff13aa3d,2026-08-15T08:51:22-03:00
e0131205-9109-4780-afc3-f0aec0b43432,2026-08-15T08:54:55-03:00
da2471af-9982-40ac-8abf-c75105eeb2c4,2026-08-15T08:56:36-03:00
b7c2c8d3-2026-49c9-9955-1946d4749338,2026-08-15T09:02:32-03:00
fcfada1b-f44b-49de-998d-dd6247a49881,2026-08-15T09:03:40-03:00
9568d269-8025-4cde-8a48-d43ab5b993db,2026-08-15T09:08:39-03:00
f3689675-9c1e-40ec-857c-0898d5b47de8,2026-08-15T09:11:56-03:00
6dcecd81-e8ee-421f-a34f-55a7e02dd82d,2026-08-15T09:18:17-03:00
6f5d94b5-a9c3-403f-8d38-6bd62e7ec428,2026-08-15T09:35:41-03:00
fcff47c9-85c9-4b47-ac8c-990c030f8498,2026-08-15T09:40:22-03:00
e88174ed-c99e-46c1-bb9a-b9382febd3b0,2026-08-15T09:53:07-03:00
6f5d94b5-a9c3-403f-8d38-6bd62e7ec428,2026-08-15T10:28:10-03:00
47881c91-83a5-4062-adff-f9c9fd8273d7,2026-08-15T10:30:32-03:00
9a1871ad-4ab1-4b8d-9bf4-370dd0d22fa8,2026-08-15T10:41:23-03:00
d1ac406d-fe9a-44bf-b21c-9d33258e5559,2026-08-15T10:42:51-03:00
ef710db7-b23f-4f82-bc23-439496d7fbdf,2026-08-15T10:47:48-03:00
eb6ff17e-b5b1-44e8-8c52-ed33a37c9566,2026-08-15T11:21:47-03:00
12662e6b-2068-415f-966e-e3ada53c8185,2026-08-15T11:23:38-03:00
17dcbd2a-71bc-4148-8df3-e3e760e88671,2026-08-15T11:43:39-03:00
eea2ff58-2a59-49d7-a574-28ac9533ca5b,2026-08-15T12:02:31-03:00
6dcecd81-e8ee-421f-a34f-55a7e02dd82d,2026-08-15T12:02:55-03:00
a2ba3863-a98c-4cad-a126-e80e8c7cde7a,2026-08-15T12:04:30-03:00
34e1904b-c40b-4b16-8556-eccef46768e5,2026-08-15T12:09:16-03:00
15045214-2247-4403-b0bf-4f1a9c293447,2026-08-15T12:14:56-03:00
27261032-9603-4799-afc5-2a00d9d493e9,2026-08-15T12:25:39-03:00
af7a70a9-3d3c-4023-b3e3-549673c64c85,2026-08-15T12:27:55-03:00
2e5befb3-57ff-4a4d-8019-5856f458e73e,2026-08-15T12:57:01-03:00
53b128e5-4019-4949-bd7b-e94a23e14fe3,2026-08-15T13:04:30-03:00
823ffdec-43d2-478a-a7d1-12738434afaf,2026-08-15T13:10:59-03:00
4e6d95b1-b84c-47ea-8882-55bbdfbb7a52,2026-08-15T13:11:50-03:00
4b71bfa6-41ce-4689-880b-c67a177a3c1c,2026-08-15T13:16:08-03:00
9b777407-b410-4ba3-8325-31caa437157d,2026-08-15T13:17:34-03:00
e169f77f-4018-4d94-8684-72cf414ea2a4,2026-08-15T13:23:19-03:00
b9a7b147-c815-4b76-a46a-a5f0d965ef5f,2026-08-15T13:35:48-03:00
af1c0d20-dffc-477a-87ac-045e7e90165a,2026-08-15T13:54:32-03:00
8e81c4a0-72a2-422a-8340-4766e58b612c,2026-08-15T13:54:54-03:00
32334982-e3ef-45b6-bb72-772bb7e6b0e2,2026-08-15T14:11:10-03:00
0c435edb-e146-42e3-a87a-b45f1b82e771,2026-08-15T14:20:30-03:00
2f23cce2-bbaa-4c08-b122-571f224155fb,2026-08-15T14:32:18-03:00
20048baf-fc52-4f1e-bc08-a8b2ab8c8fe6,2026-08-15T14:35:33-03:00
360dbb7d-938f-4118-8f15-d8497b7041e1,2026-08-15T14:40:18-03:00
47f3759f-c05d-4700-9354-e9cbea6907c1,2026-08-15T14:44:48-03:00
3f9fe139-99a1-47a5-b02f-a796ffd2aa10,2026-08-15T14:57:42-03:00
17be997b-ea98-4cd4-9c5e-452c7cf50b24,2026-08-15T15:00:43-03:00
25f70f1e-b4ac-4ce6-b0af-0cff8c6ca7a9,2026-08-15T15:37:35-03:00
3f1f3e79-3f55-4556-8c87-4a881a908b1d,2026-08-15T15:51:06-03:00
8e4e5496-10b9-40a0-935a-54aaf7300eb5,2026-08-15T16:10:44-03:00
1d189842-d9c9-4c9d-8f49-c15c3b86a93d,2026-08-15T16:52:57-03:00
8e4e5496-10b9-40a0-935a-54aaf7300eb5,2026-08-15T16:58:52-03:00
7f9ba79f-545c-4529-a340-cd6449271b7a,2026-08-15T17:06:30-03:00
133e6f3e-a4eb-4f09-b051-1afb687dad4f,2026-08-15T17:12:35-03:00
be314718-d6d3-410e-a74a-6aa76618456e,2026-08-15T17:15:11-03:00
04a7823c-75fa-4198-bd66-879a5d2019de,2026-08-15T17:48:34-03:00
64c553e9-120c-4401-8a5f-29609abfbe42,2026-08-15T17:50:49-03:00
b60bbd7d-8c43-4dee-bef9-136f66093c73,2026-08-15T17:58:26-03:00
94572e5a-a884-43b4-b0c0-3dd41add70ed,2026-08-15T18:07:07-03:00
0f9b8c97-4f53-4bbb-a24d-0a19f6a5f944,2026-08-15T18:27:19-03:00
95d9fd79-c27b-4406-87b6-ff3292e75385,2026-08-15T18:38:46-03:00
58e9b50a-0816-4b05-a715-b8f069b2ed05,2026-08-15T18:43:47-03:00
b7c2c8d3-2026-49c9-9955-1946d4749338,2026-08-15T18:48:18-03:00
9a25cc5e-3637-42be-b9d3-a2f8f0ede11a,2026-08-15T18:55:35-03:00
2256b9c7-d1db-4536-ad72-054afd567cb2,2026-08-15T18:58:06-03:00
e803e5c6-858d-45f5-b09b-7935ad19ee74,2026-08-15T18:58:51-03:00
a6a0c01f-60c8-4e70-b95d-5bd848109be3,2026-08-15T19:03:05-03:00
af1c0d20-dffc-477a-87ac-045e7e90165a,2026-08-15T19:06:05-03:00
95d9fd79-c27b-4406-87b6-ff3292e75385,2026-08-15T19:10:06-03:00
335d097b-9693-471f-ba8c-bfdf3c35061f,2026-08-15T19:10:54-03:00
32334982-e3ef-45b6-bb72-772bb7e6b0e2,2026-08-15T19:25:08-03:00
4f9477cf-fe5e-4d4d-8d0b-5cc21db39074,2026-08-15T19:28:43-03:00
a5200934-c28b-4403-a587-99c447caf120,2026-08-15T19:28:56-03:00
3a6d3f6e-4428-4989-9a3f-a748fda41b68,2026-08-15T19:30:16-03:00
5785a9d6-6ebe-4fde-b637-7575849d5fb5,2026-08-15T19:30:19-03:00
4e6d95b1-b84c-47ea-8882-55bbdfbb7a52,2026-08-15T19:31:18-03:00
fc51d2b5-a5f3-4e9d-b30e-bc5420ab3879,2026-08-15T19:40:47-03:00
88fa4247-2f85-4cad-8f66-67e1e5fa9bb2,2026-08-15T19:44:58-03:00
731627ce-4776-48b4-85b5-db648ce7eb05,2026-08-15T19:57:00-03:00
32c63c00-6ce9-4f58-a11d-5c53d202fc94,2026-08-15T20:04:38-03:00
17f56689-36c5-4349-8c1f-604553aa5a36,2026-08-15T20:23:16-03:00
a6a0c01f-60c8-4e70-b95d-5bd848109be3,2026-08-15T20:35:41-03:00
546ea297-df74-4181-a16e-8a600feea3a7,2026-08-15T20:41:35-03:00
468123e3-2f79-46a1-8cf6-640ccd9ce86f,2026-08-15T20:50:57-03:00
17f56689-36c5-4349-8c1f-604553aa5a36,2026-08-15T20:56:24-03:00
7c1c6639-9fef-4015-8d6d-0e7dbe78e987,2026-08-15T21:10:56-03:00
34e1904b-c40b-4b16-8556-eccef46768e5,2026-08-15T21:17:48-03:00
310ea5c5-a61e-4447-ad52-038a7276794d,2026-08-15T21:18:59-03:00
4803068d-93ec-47fb-96c4-f8a0c06ddebe,2026-08-15T21:22:28-03:00
a5200934-c28b-4403-a587-99c447caf120,2026-08-15T21:33:32-03:00
2679a553-1548-4b4f-afc8-8c3217fc1954,2026-08-15T21:51:05-03:00
5ff3d90a-37b1-4d9d-9fa5-95c79daaae38,2026-08-15T21:53:41-03:00
fb30db7b-63d2-419f-9710-1efd105a6b96,2026-08-15T21:55:50-03:00
eea2ff58-2a59-49d7-a574-28ac9533ca5b,2026-08-15T21:57:49-03:00
824a7c61-0bbb-46e3-87bf-4b48cc63793e,2026-08-15T22:23:55-03:00
3f1f3e79-3f55-4556-8c87-4a881a908b1d,2026-08-15T22:42:05-03:00
0a1bf5c0-04bf-4fb4-8261-ecdbc80298a8,2026-08-15T22:49:07-03:00
0963027b-315c-450e-8c3a-74550ffa10ef,2026-08-15T23:17:16-03:00
262f6a10-bfe6-49db-939f-bc0efe55a2c6,2026-08-15T23:29:53-03:00
47f3759f-c05d-4700-9354-e9cbea6907c1,2026-08-15T23:29:54-03:00
a2ea1fc7-6f8c-4640-85c0-ac9720b088c9,2026-08-16T06:59:42-03:00
65c43e3a-7de7-467f-80eb-f6da3ecaa17c,2026-08-16T07:05:17-03:00
be314718-d6d3-410e-a74a-6aa76618456e,2026-08-16T07:10:37-03:00
054c4279-41b7-426d-b378-901962e80587,2026-08-16T07:17:36-03:00
2198e7b7-1971-466d-8051-1f36e7a71b9a,2026-08-16T07:17:41-03:00
9c93e812-e73c-4917-b0d2-b8bc860365c9,2026-08-16T07:26:15-03:00
2b0a3003-67f1-4e44-9723-212e69760007,2026-08-16T07:33:29-03:00
300c0bb2-1f6c-4308-9e85-249d8a11a277,2026-08-16T08:03:17-03:00
e9e55568-4c3b-497d-aa0c-d932c05e3d96,2026-08-16T08:04:12-03:00
400ffd1f-2a42-46c1-a7c9-623c3ca07a97,2026-08-16T08:07:24-03:00
4a78ff1b-a832-4d8c-ad9d-f3a7fc3b78c9,2026-08-16T08:10:07-03:00
8d29dfa3-a0a9-4dee-b7b4-d33c6e49ddd4,2026-08-16T08:10:42-03:00
d67f10a7-d5dc-4200-b405-8c369928f310,2026-08-16T08:18:09-03:00
137b3b91-440d-4ad4-bf34-9ceb3642ceba,2026-08-16T08:25:06-03:00
1db74be8-4e28-47d9-90df-e92b7cba2322,2026-08-16T08:27:34-03:00
cbbcf8c0-c10e-4a2e-8f73-d45930317336,2026-08-16T08:28:31-03:00
441dfaac-432f-45d3-a6e5-cc0153e3446f,2026-08-16T08:30:39-03:00
fd04633f-6587-4b3a-b5ba-6bd78bc0b085,2026-08-16T08:32:54-03:00
b5b66e1d-2391-4e19-ba80-34b9dd7a85e3,2026-08-16T08:36:05-03:00
6b162e75-307a-4f96-97e6-5195fafff05d,2026-08-16T08:38:08-03:00
123f2d21-7fb8-4195-8256-ac26714a80d4,2026-08-16T08:46:55-03:00
8e4e5496-10b9-40a0-935a-54aaf7300eb5,2026-08-16T08:54:15-03:00
55010fbd-a4a3-4dd6-83b4-9e43de35bf83,2026-08-16T08:54:43-03:00
f8ce0f67-48c8-4ccf-b8b1-21159cb64d8f,2026-08-16T08:59:53-03:00
55010fbd-a4a3-4dd6-83b4-9e43de35bf83,2026-08-16T09:08:04-03:00
8cc5d5e5-4c08-4f20-8110-6e3e9674c27c,2026-08-16T09:14:47-03:00
6f4ade15-5e94-4f9e-9a8a-0720d4bce02a,2026-08-16T09:18:18-03:00
f8ce0f67-48c8-4ccf-b8b1-21159cb64d8f,2026-08-16T09:18:34-03:00
1dec0dd5-4ae7-4baa-8eaa-161a30963e91,2026-08-16T09:24:11-03:00
53b128e5-4019-4949-bd7b-e94a23e14fe3,2026-08-16T09:52:02-03:00
15045214-2247-4403-b0bf-4f1a9c293447,2026-08-16T09:56:39-03:00
e4212795-fd8c-4c13-b34f-27d79de3d91e,2026-08-16T09:57:31-03:00
fc160c5b-5da4-4901-9d7c-9fd85712be19,2026-08-16T10:08:01-03:00
62fa174e-75a1-44a6-bc9c-3a9184ea89be,2026-08-16T10:08:46-03:00
dc261513-fa73-40cd-bef0-3aaa2663c23d,2026-08-16T10:20:25-03:00
61af23c4-34f0-4c33-beb8-fb097aaf4c96,2026-08-16T10:27:10-03:00
acbdd1bd-c4bd-42af-8f35-3f2afad152fd,2026-08-16T10:35:19-03:00
64c553e9-120c-4401-8a5f-29609abfbe42,2026-08-16T10:41:02-03:00
ee713c93-fdc1-448c-86a9-d2f6af327b49,2026-08-16T10:58:43-03:00
d786bdde-e18b-46fc-9e05-201ebef1f85c,2026-08-16T11:05:11-03:00
246e9c60-87ce-4e05-91ea-50ec6b353fe0,2026-08-16T11:11:12-03:00
13011d9d-3f07-4895-94c4-0760d01cb336,2026-08-16T12:12:13-03:00
8e4207fd-a513-4999-b9f5-267b7662f66d,2026-08-16T12:26:08-03:00
341ada20-eb43-4767-aa77-60de86281677,2026-08-16T12:36:44-03:00
b8a18f30-62c6-4681-8a22-6220f351119a,2026-08-16T12:42:44-03:00
642ea164-a302-402c-ae4d-4ec15f2cf519,2026-08-16T12:42:54-03:00
468123e3-2f79-46a1-8cf6-640ccd9ce86f,2026-08-16T12:45:51-03:00
36ebd5c3-5bd1-4830-a1be-19f63f4191af,2026-08-16T12:52:45-03:00
137b3b91-440d-4ad4-bf34-9ceb3642ceba,2026-08-16T12:54:52-03:00
9483f44e-8fa7-4c8a-a52c-8ee9ea41b115,2026-08-16T13:22:22-03:00
933faec4-e418-4ad9-a8a1-a1fd1915a8fc,2026-08-16T13:22:27-03:00
83a5bb64-0113-4f1a-89de-2963095c9274,2026-08-16T13:29:12-03:00
6b162e75-307a-4f96-97e6-5195fafff05d,2026-08-16T13:34:05-03:00
4803068d-93ec-47fb-96c4-f8a0c06ddebe,2026-08-16T13:41:33-03:00
47cf2dc7-e7f7-4797-89f0-789c17cc0a00,2026-08-16T14:16:39-03:00
a258cf44-bed3-4bc6-82a2-00bdfb48eed5,2026-08-16T14:37:26-03:00
123f2d21-7fb8-4195-8256-ac26714a80d4,2026-08-16T15:54:25-03:00
b930c4bd-20e0-4b39-966b-64443421e308,2026-08-16T15:56:18-03:00
feef3fb2-b26c-4f5e-8ac4-517bb7bd0b1a,2026-08-16T16:58:56-03:00
1becd6ee-0076-4970-9c82-aa1ab4cb19f4,2026-08-16T17:05:58-03:00
f42e1ccd-fb0e-47d1-92d7-b0eaddd2dd38,2026-08-16T17:08:03-03:00
bc6115c8-f4b7-40c9-bc9a-f69f90036ab0,2026-08-16T17:25:19-03:00
2394a17e-9092-4d66-a7cf-df4ebe59ba2b,2026-08-16T17:40:54-03:00
fcf632f0-dab7-45ac-9220-74d216a8390d,2026-08-16T18:09:32-03:00
642ea164-a302-402c-ae4d-4ec15f2cf519,2026-08-16T18:16:09-03:00
8e4207fd-a513-4999-b9f5-267b7662f66d,2026-08-16T18:30:46-03:00
accafbaa-5620-4769-b485-5e58e6a5411c,2026-08-16T18:50:07-03:00
987a1c42-fa45-4b9a-8188-4b006df76679,2026-08-16T18:52:57-03:00
0b1b643e-405f-44a1-a5c5-cbcae283d573,2026-08-16T18:55:11-03:00
39f3c09b-0777-46ae-b8b0-f11398450952,2026-08-16T19:01:29-03:00
61af23c4-34f0-4c33-beb8-fb097aaf4c96,2026-08-16T19:04:39-03:00
3a6d3f6e-4428-4989-9a3f-a748fda41b68,2026-08-16T19:10:09-03:00
9d71a8eb-0c4b-4edc-bf8a-6a0bbc1da7ab,2026-08-16T19:14:36-03:00
001481aa-8661-4c80-a221-7d0c40fd0dea,2026-08-16T19:16:37-03:00
af7a70a9-3d3c-4023-b3e3-549673c64c85,2026-08-16T19:31:33-03:00
9483f44e-8fa7-4c8a-a52c-8ee9ea41b115,2026-08-16T19:33:49-03:00
f8e6eea7-4833-4b8a-8e61-a35731067f42,2026-08-16T19:37:40-03:00
66ef1093-5907-4924-ab21-56e5b7e22cb1,2026-08-16T19:38:14-03:00
88373c7c-1d43-4882-bfc9-dde5b45f3d27,2026-08-16T19:40:11-03:00
0a1bf5c0-04bf-4fb4-8261-ecdbc80298a8,2026-08-16T19:48:59-03:00
accafbaa-5620-4769-b485-5e58e6a5411c,2026-08-16T19:51:10-03:00
2c547b7c-7de5-429d-9f58-156dd1928fca,2026-08-16T19:58:53-03:00
133e6f3e-a4eb-4f09-b051-1afb687dad4f,2026-08-16T19:58:53-03:00
4e9a6fd4-8ad2-4abe-9a62-b5cc5c544bd5,2026-08-16T20:00:55-03:00
e803e5c6-858d-45f5-b09b-7935ad19ee74,2026-08-16T20:02:23-03:00
faaaf95c-b4d5-4c31-a41c-7f2aad53a4a5,2026-08-16T20:14:45-03:00
90858990-d659-4191-87e0-223cc1f90e3a,2026-08-16T20:17:18-03:00
954a9718-c280-479c-bbb0-784a272b1d0f,2026-08-16T20:17:37-03:00
4537575d-3e72-4359-aa46-c26b20a32b08,2026-08-16T20:25:24-03:00
86c56b5e-359a-4221-b7d0-3162eeae05bc,2026-08-16T20:37:50-03:00
b9a7b147-c815-4b76-a46a-a5f0d965ef5f,2026-08-16T20:39:18-03:00
fc51d2b5-a5f3-4e9d-b30e-bc5420ab3879,2026-08-16T20:40:50-03:00
fb08f3b4-43f4-4590-946a-30fbd8094881,2026-08-16T20:42:06-03:00
341ada20-eb43-4767-aa77-60de86281677,2026-08-16T20:49:58-03:00
ca96ab5b-5ded-4153-af3a-2df6aa1921e7,2026-08-16T20:56:47-03:00
12662e6b-2068-415f-966e-e3ada53c8185,2026-08-16T21:18:03-03:00
546ea297-df74-4181-a16e-8a600feea3a7,2026-08-16T21:33:22-03:00
48d4d4c8-ebd6-4992-a427-e2b809b59a7f,2026-08-16T21:35:29-03:00
693486f5-1cb4-46ab-bd7c-85ca30bd1527,2026-08-16T21:40:43-03:00
e4212795-fd8c-4c13-b34f-27d79de3d91e,2026-08-16T21:47:16-03:00
7e4dcb48-7804-4cc1-9904-38a4233c9739,2026-08-16T21:50:08-03:00
2b0a3003-67f1-4e44-9723-212e69760007,2026-08-16T22:02:15-03:00
66ef1093-5907-4924-ab21-56e5b7e22cb1,2026-08-16T22:03:22-03:00
2454f940-fdc2-4ad5-aaaf-60209f70da3b,2026-08-16T22:36:27-03:00
070127a1-c98c-4140-b09a-f87482f52384,2026-08-16T22:36:38-03:00
656306f4-8a57-4e18-9d0a-565b197ba01a,2026-08-16T22:38:43-03:00
5838ef61-70f6-429f-8d61-3b88fa5908e9,2026-08-16T22:44:09-03:00
c4144ca9-cf42-4275-a93b-68d7789406e8,2026-08-16T23:13:13-03:00
15045214-2247-4403-b0bf-4f1a9c293447,2026-08-16T23:21:13-03:00
fc160c5b-5da4-4901-9d7c-9fd85712be19,2026-08-16T23:39:50-03:00
3f1f3e79-3f55-4556-8c87-4a881a908b1d,2026-08-16T23:41:20-03:00
123f2d21-7fb8-4195-8256-ac26714a80d4,2026-08-17T06:09:31-03:00
6adfc3a9-4471-4957-b9d2-be798fed6c9f,2026-08-17T07:03:45-03:00
dc6c60b4-42a9-4bb4-8563-b575c024d2d0,2026-08-17T07:10:39-03:00
133e6f3e-a4eb-4f09-b051-1afb687dad4f,2026-08-17T07:19:24-03:00
83734873-b407-416d-9043-cf1f03203e48,2026-08-17T07:50:04-03:00
0a1bf5c0-04bf-4fb4-8261-ecdbc80298a8,2026-08-17T08:02:59-03:00
ce4dc588-6fac-49fa-87e1-3dae38e8eed5,2026-08-17T08:07:01-03:00
fcd98eb3-d339-4da2-85d0-bad4890b639e,2026-08-17T08:11:05-03:00
0a1bf5c0-04bf-4fb4-8261-ecdbc80298a8,2026-08-17T08:16:50-03:00
74110cff-3ec4-480d-ad98-c8b457c50adb,2026-08-17T08:18:20-03:00
3ac808ca-a57b-47d1-9826-72a6e9d84810,2026-08-17T08:27:19-03:00
3ddc7eeb-0f87-41fa-9849-5c63625f19b4,2026-08-17T08:32:50-03:00
88c643e8-67d1-4e9b-8732-12f8fa4c3540,2026-08-17T08:47:46-03:00
3ddc7eeb-0f87-41fa-9849-5c63625f19b4,2026-08-17T08:57:14-03:00
f3ac1b9c-dc38-45a9-ba14-a9442e0ee2ab,2026-08-17T09:12:11-03:00
0963027b-315c-450e-8c3a-74550ffa10ef,2026-08-17T09:25:08-03:00
fc4fb025-9f5c-495d-9360-9edd45c88350,2026-08-17T09:29:05-03:00
debb3c52-ad38-41dc-b901-ee2bf7e72005,2026-08-17T09:29:13-03:00
fb30db7b-63d2-419f-9710-1efd105a6b96,2026-08-17T09:32:48-03:00
62fa174e-75a1-44a6-bc9c-3a9184ea89be,2026-08-17T10:22:43-03:00
26c6e325-a8d1-4419-b0b1-3e12ec8058a4,2026-08-17T10:31:53-03:00
238d2d7d-d3ac-4a96-918a-d89eab374cb3,2026-08-17T10:59:40-03:00
e88174ed-c99e-46c1-bb9a-b9382febd3b0,2026-08-17T11:08:37-03:00
53b128e5-4019-4949-bd7b-e94a23e14fe3,2026-08-17T11:29:33-03:00
4790c878-eea4-4632-ab3c-25441b95d8b5,2026-08-17T11:33:05-03:00
2c8a5011-91eb-477f-a4c9-bb9e5a91e4be,2026-08-17T11:38:57-03:00
246e9c60-87ce-4e05-91ea-50ec6b353fe0,2026-08-17T11:39:32-03:00
dc261513-fa73-40cd-bef0-3aaa2663c23d,2026-08-17T11:48:55-03:00
3ac808ca-a57b-47d1-9826-72a6e9d84810,2026-08-17T11:54:36-03:00
a5200934-c28b-4403-a587-99c447caf120,2026-08-17T11:56:33-03:00
987a1c42-fa45-4b9a-8188-4b006df76679,2026-08-17T12:03:33-03:00
e897a670-e157-4f82-9aa7-15501ed3688f,2026-08-17T12:18:06-03:00
63a65720-bb80-475d-b2da-94c4c313c0b5,2026-08-17T12:43:53-03:00
f1f01bc0-6933-48fc-ac60-0091d2d69649,2026-08-17T12:49:06-03:00
0abdbb42-5920-461a-a87c-646531f438e1,2026-08-17T12:55:48-03:00
32334982-e3ef-45b6-bb72-772bb7e6b0e2,2026-08-17T13:02:57-03:00
a1700d41-f3ff-4070-8788-40b072dcef2d,2026-08-17T13:34:37-03:00
debb3c52-ad38-41dc-b901-ee2bf7e72005,2026-08-17T13:57:21-03:00
d7b7257f-01d2-40ce-b7fa-46a6a77fc5f9,2026-08-17T14:20:43-03:00
fb08f3b4-43f4-4590-946a-30fbd8094881,2026-08-17T14:26:01-03:00
a93dce4e-f917-4e15-af87-31101b777450,2026-08-17T14:40:22-03:00
9e87103d-64bb-4f6b-a5d7-55efb7bc74ce,2026-08-17T14:42:35-03:00
03168ade-ba1c-4132-b42b-e569bfb85731,2026-08-17T14:54:34-03:00
9718b411-0759-4cc4-a90f-4de4e78c4690,2026-08-17T15:08:41-03:00
b9ac272c-142f-4eaa-b923-c53f04496401,2026-08-17T15:19:15-03:00
0b1b643e-405f-44a1-a5c5-cbcae283d573,2026-08-17T15:20:01-03:00
d19af899-bb0c-4ced-9909-1643d0cd7f7c,2026-08-17T15:22:37-03:00
2c8a5011-91eb-477f-a4c9-bb9e5a91e4be,2026-08-17T15:25:25-03:00
c841bc02-d75a-4f6f-bc8d-517e4f3edebd,2026-08-17T15:26:56-03:00
760875b7-fc17-4a23-bf61-27012c6baac1,2026-08-17T15:32:44-03:00
88c643e8-67d1-4e9b-8732-12f8fa4c3540,2026-08-17T15:47:09-03:00
bbfcc507-8855-4d61-b36b-e7c503bdf9e3,2026-08-17T15:48:39-03:00
15045214-2247-4403-b0bf-4f1a9c293447,2026-08-17T16:47:30-03:00
246e9c60-87ce-4e05-91ea-50ec6b353fe0,2026-08-17T16:48:54-03:00
ee7e19bd-1403-419f-bbbb-593a0848befc,2026-08-17T17:09:47-03:00
58e9b50a-0816-4b05-a715-b8f069b2ed05,2026-08-17T17:11:51-03:00
26c6e325-a8d1-4419-b0b1-3e12ec8058a4,2026-08-17T17:17:58-03:00
7e2881f9-c700-491c-b935-76ce042b839b,2026-08-17T17:19:58-03:00
77f30d59-50e4-4c67-bd26-b1e484e261fc,2026-08-17T17:24:15-03:00
933faec4-e418-4ad9-a8a1-a1fd1915a8fc,2026-08-17T17:27:59-03:00
3ff03678-ef66-40b7-817f-75ddf5870243,2026-08-17T17:28:41-03:00
38f36f2d-de28-42c3-9c16-11b0984375cd,2026-08-17T17:28:44-03:00
47881c91-83a5-4062-adff-f9c9fd8273d7,2026-08-17T17:32:27-03:00
133e6f3e-a4eb-4f09-b051-1afb687dad4f,2026-08-17T17:39:03-03:00
c841bc02-d75a-4f6f-bc8d-517e4f3edebd,2026-08-17T18:02:01-03:00
38f36f2d-de28-42c3-9c16-11b0984375cd,2026-08-17T18:03:59-03:00
bb07a7d3-beaa-4c7a-ba58-1d0aea094568,2026-08-17T18:06:40-03:00
310ea5c5-a61e-4447-ad52-038a7276794d,2026-08-17T18:13:33-03:00
238d2d7d-d3ac-4a96-918a-d89eab374cb3,2026-08-17T18:18:28-03:00
760875b7-fc17-4a23-bf61-27012c6baac1,2026-08-17T18:26:07-03:00
66ef1093-5907-4924-ab21-56e5b7e22cb1,2026-08-17T18:34:58-03:00
763b165d-9848-4545-b83e-cb48d3de1d7e,2026-08-17T18:44:16-03:00
9803f12e-248e-4386-96ec-48e0a7e0c0b4,2026-08-17T18:51:54-03:00
9803f12e-248e-4386-96ec-48e0a7e0c0b4,2026-08-17T19:04:23-03:00
0c435edb-e146-42e3-a87a-b45f1b82e771,2026-08-17T19:10:52-03:00
ee713c93-fdc1-448c-86a9-d2f6af327b49,2026-08-17T19:27:35-03:00
e4b61e98-a580-43e7-bd42-77e61e7dee6c,2026-08-17T19:28:51-03:00
4537575d-3e72-4359-aa46-c26b20a32b08,2026-08-17T19:34:35-03:00
001481aa-8661-4c80-a221-7d0c40fd0dea,2026-08-17T19:37:34-03:00
9d100814-9d3a-42b6-917f-174fff97d163,2026-08-17T19:39:42-03:00
db1e8eaa-fa43-452e-a96a-fbb23f8a54d6,2026-08-17T19:43:13-03:00
4d6b7e01-be75-435f-9e33-807cb0803562,2026-08-17T19:48:33-03:00
fba150f6-f8ed-49c5-9257-47f3f543799a,2026-08-17T19:59:26-03:00
914ad948-05cc-48b2-af17-72a63ca5ba14,2026-08-17T20:00:35-03:00
488bfe58-d992-478c-981c-9f5b02344873,2026-08-17T20:01:37-03:00
987a1c42-fa45-4b9a-8188-4b006df76679,2026-08-17T20:03:23-03:00
d4401fcc-49a1-4a4b-a721-75f5bddf5005,2026-08-17T20:05:00-03:00
4b906469-d843-48be-b3d0-34947809e5a1,2026-08-17T20:25:57-03:00
b6a33dd7-5a14-4a50-b2f2-1ed5ff13aa3d,2026-08-17T20:28:05-03:00
04a7823c-75fa-4198-bd66-879a5d2019de,2026-08-17T20:34:01-03:00
a6a0c01f-60c8-4e70-b95d-5bd848109be3,2026-08-17T20:35:07-03:00
13011d9d-3f07-4895-94c4-0760d01cb336,2026-08-17T20:36:05-03:00
7f9ba79f-545c-4529-a340-cd6449271b7a,2026-08-17T20:38:03-03:00
77f30d59-50e4-4c67-bd26-b1e484e261fc,2026-08-17T20:47:45-03:00
66ef1093-5907-4924-ab21-56e5b7e22cb1,2026-08-17T20:52:49-03:00
2256b9c7-d1db-4536-ad72-054afd567cb2,2026-08-17T20:58:32-03:00
468123e3-2f79-46a1-8cf6-640ccd9ce86f,2026-08-17T21:19:16-03:00
b6a33dd7-5a14-4a50-b2f2-1ed5ff13aa3d,2026-08-17T21:33:56-03:00
b313c44a-8a3d-403f-bd36-6170c9a4d412,2026-08-17T21:42:46-03:00
f3ac1b9c-dc38-45a9-ba14-a9442e0ee2ab,2026-08-17T21:51:09-03:00
a2e870b4-9f0b-47e8-9b94-3b99e8a94845,2026-08-17T22:00:49-03:00
8e4e5496-10b9-40a0-935a-54aaf7300eb5,2026-08-17T22:07:54-03:00
400ffd1f-2a42-46c1-a7c9-623c3ca07a97,2026-08-17T22:43:08-03:00
488bfe58-d992-478c-981c-9f5b02344873,2026-08-17T22:54:05-03:00
310ea5c5-a61e-4447-ad52-038a7276794d,2026-08-18T06:02:18-03:00
55010fbd-a4a3-4dd6-83b4-9e43de35bf83,2026-08-18T06:07:56-03:00
f8e6eea7-4833-4b8a-8e61-a35731067f42,2026-08-18T06:13:51-03:00
06ba7f3d-7938-4082-909c-3df14c35ff73,2026-08-18T06:37:54-03:00
f1f01bc0-6933-48fc-ac60-0091d2d69649,2026-08-18T06:39:05-03:00
88373c7c-1d43-4882-bfc9-dde5b45f3d27,2026-08-18T07:06:31-03:00
129337b7-3d85-477c-b37f-5c680be7a119,2026-08-18T07:21:29-03:00
27976644-f012-41cf-8a58-e19007647ec3,2026-08-18T07:49:21-03:00
171346fe-55d9-4f3a-b276-65d8949cad2e,2026-08-18T07:52:41-03:00
b584720a-c001-408e-9f81-ad6d9cfc73ff,2026-08-18T08:02:11-03:00
afd25cdc-8200-4c75-a7b3-d828005d8b2f,2026-08-18T08:12:45-03:00
335d097b-9693-471f-ba8c-bfdf3c35061f,2026-08-18T08:26:57-03:00
4e6d95b1-b84c-47ea-8882-55bbdfbb7a52,2026-08-18T08:27:08-03:00
06ba7f3d-7938-4082-909c-3df14c35ff73,2026-08-18T08:27:37-03:00
5785a9d6-6ebe-4fde-b637-7575849d5fb5,2026-08-18T08:34:55-03:00
1123a13c-393f-4d29-acd4-e86555870c25,2026-08-18T08:36:54-03:00
781bd085-6db1-4e44-b63e-99c00cf630a2,2026-08-18T08:47:56-03:00
b584720a-c001-408e-9f81-ad6d9cfc73ff,2026-08-18T08:52:56-03:00
86b79e85-dad9-4895-87d9-df9eafa9ab32,2026-08-18T08:58:04-03:00
01c29932-843e-4157-a36f-ed9d51cbd85d,2026-08-18T09:03:16-03:00
2256b9c7-d1db-4536-ad72-054afd567cb2,2026-08-18T09:11:29-03:00
59a45fb1-e020-4768-96a5-e70ba44c522d,2026-08-18T09:16:38-03:00
468123e3-2f79-46a1-8cf6-640ccd9ce86f,2026-08-18T09:18:35-03:00
472fb8aa-f47d-4cff-a822-4e67980f64cc,2026-08-18T09:49:08-03:00
133e6f3e-a4eb-4f09-b051-1afb687dad4f,2026-08-18T09:49:40-03:00
cea1dcae-2604-4ce7-9ff2-12f15a88dc15,2026-08-18T10:11:12-03:00
75a25cfe-2388-445e-b4b8-8eecec068396,2026-08-18T10:14:21-03:00
472fb8aa-f47d-4cff-a822-4e67980f64cc,2026-08-18T10:55:18-03:00
b51c10a8-7f7c-4e7b-ade2-20756dcc0ce7,2026-08-18T11:00:13-03:00
335d097b-9693-471f-ba8c-bfdf3c35061f,2026-08-18T11:09:24-03:00
7b4f8c5b-7741-460d-9321-be16495e8fd9,2026-08-18T11:34:45-03:00
1d189842-d9c9-4c9d-8f49-c15c3b86a93d,2026-08-18T11:41:46-03:00
838c36ad-c1b7-4c32-ad3f-b3730974a00d,2026-08-18T11:48:47-03:00
b51c10a8-7f7c-4e7b-ade2-20756dcc0ce7,2026-08-18T11:59:30-03:00
b0e34b4a-2a60-4833-a81d-5c9168ee33c7,2026-08-18T12:02:09-03:00
af1c0d20-dffc-477a-87ac-045e7e90165a,2026-08-18T12:06:47-03:00
fb08f3b4-43f4-4590-946a-30fbd8094881,2026-08-18T12:29:01-03:00
546ea297-df74-4181-a16e-8a600feea3a7,2026-08-18T12:47:47-03:00
85a4ba4f-c929-4499-9241-55b327e471d6,2026-08-18T13:00:44-03:00
2679a553-1548-4b4f-afc8-8c3217fc1954,2026-08-18T13:02:33-03:00
e5f8674b-1588-4fd7-9ef5-3fa2bb18ce8f,2026-08-18T13:08:42-03:00
e803e5c6-858d-45f5-b09b-7935ad19ee74,2026-08-18T13:15:16-03:00
123f2d21-7fb8-4195-8256-ac26714a80d4,2026-08-18T13:38:49-03:00
954a9718-c280-479c-bbb0-784a272b1d0f,2026-08-18T13:52:19-03:00
e4212795-fd8c-4c13-b34f-27d79de3d91e,2026-08-18T13:59:43-03:00
879d24a3-e7ff-403f-b26c-228c09d1004c,2026-08-18T14:04:30-03:00
3bd59652-4c13-4673-bf18-180626a28b54,2026-08-18T14:32:53-03:00
7ca8f3a7-d1c0-402d-af08-90ce6f598e59,2026-08-18T14:47:30-03:00
af1c0d20-dffc-477a-87ac-045e7e90165a,2026-08-18T14:51:51-03:00
20048baf-fc52-4f1e-bc08-a8b2ab8c8fe6,2026-08-18T14:52:00-03:00
04a7823c-75fa-4198-bd66-879a5d2019de,2026-08-18T14:52:37-03:00
a5200934-c28b-4403-a587-99c447caf120,2026-08-18T15:01:05-03:00
94572e5a-a884-43b4-b0c0-3dd41add70ed,2026-08-18T15:10:35-03:00
fd04633f-6587-4b3a-b5ba-6bd78bc0b085,2026-08-18T15:12:34-03:00
ffab5aab-8c70-4b8a-8783-354343c5eedd,2026-08-18T15:39:47-03:00
f8e6eea7-4833-4b8a-8e61-a35731067f42,2026-08-18T15:56:48-03:00
999114b9-cfe0-4648-96ac-fc069e830a5f,2026-08-18T16:06:45-03:00
69be4073-7432-41bc-b4ec-569125c57aef,2026-08-18T16:09:54-03:00
e4994f3b-f44a-4bfc-a4ee-ef8fc12f9cbe,2026-08-18T16:12:04-03:00
171346fe-55d9-4f3a-b276-65d8949cad2e,2026-08-18T16:16:57-03:00
93ee3c12-9ee0-4743-b76d-7aaca0086331,2026-08-18T16:21:40-03:00
94572e5a-a884-43b4-b0c0-3dd41add70ed,2026-08-18T16:55:53-03:00
0b16a5a4-3fbb-4397-b27e-73a355aa24bf,2026-08-18T17:02:37-03:00
2c547b7c-7de5-429d-9f58-156dd1928fca,2026-08-18T17:11:01-03:00
feef3fb2-b26c-4f5e-8ac4-517bb7bd0b1a,2026-08-18T17:14:30-03:00
62fa174e-75a1-44a6-bc9c-3a9184ea89be,2026-08-18T17:25:25-03:00
a5200934-c28b-4403-a587-99c447caf120,2026-08-18T17:33:09-03:00
f3c2011a-c2ea-44a8-a17b-936c26cdebb0,2026-08-18T17:50:22-03:00
a22e90de-9f69-465f-bc31-86af1edbc160,2026-08-18T18:01:45-03:00
62a0e49d-a8a1-4322-b4f8-2cb92b4b60fd,2026-08-18T18:18:45-03:00
7ca8f3a7-d1c0-402d-af08-90ce6f598e59,2026-08-18T18:20:26-03:00
53b128e5-4019-4949-bd7b-e94a23e14fe3,2026-08-18T18:33:27-03:00
c447baa0-ecd4-420a-856a-b6d0c3ceb217,2026-08-18T18:49:35-03:00
d190f6d4-137f-4787-a68f-37428a06c1d8,2026-08-18T18:54:14-03:00
53b128e5-4019-4949-bd7b-e94a23e14fe3,2026-08-18T19:03:19-03:00
04a7823c-75fa-4198-bd66-879a5d2019de,2026-08-18T19:06:38-03:00
0631028a-1a96-44e5-bb03-b9ce1ef2681b,2026-08-18T19:09:58-03:00
25f70f1e-b4ac-4ce6-b0af-0cff8c6ca7a9,2026-08-18T19:16:40-03:00
488bfe58-d992-478c-981c-9f5b02344873,2026-08-18T19:17:04-03:00
74110cff-3ec4-480d-ad98-c8b457c50adb,2026-08-18T19:28:25-03:00
4a2020ff-a5f3-4b24-b987-09c6fe7786d4,2026-08-18T19:40:13-03:00
1dec0dd5-4ae7-4baa-8eaa-161a30963e91,2026-08-18T19:51:16-03:00
e8ad3177-6209-454e-a1e6-f1cc113cd65e,2026-08-18T19:53:38-03:00
8e4e5496-10b9-40a0-935a-54aaf7300eb5,2026-08-18T19:56:39-03:00
a34a6f47-3f1b-4fc7-8a9d-26ccb31c813f,2026-08-18T19:57:02-03:00
55010fbd-a4a3-4dd6-83b4-9e43de35bf83,2026-08-18T19:58:31-03:00
86b79e85-dad9-4895-87d9-df9eafa9ab32,2026-08-18T20:02:09-03:00
1becd6ee-0076-4970-9c82-aa1ab4cb19f4,2026-08-18T20:24:38-03:00
4e6d95b1-b84c-47ea-8882-55bbdfbb7a52,2026-08-18T20:25:58-03:00
be314718-d6d3-410e-a74a-6aa76618456e,2026-08-18T20:42:11-03:00
776b9bf6-d3ae-47bd-930b-c08ed0adb214,2026-08-18T20:45:29-03:00
e88174ed-c99e-46c1-bb9a-b9382febd3b0,2026-08-18T20:49:07-03:00
824a7c61-0bbb-46e3-87bf-4b48cc63793e,2026-08-18T20:50:12-03:00
64c553e9-120c-4401-8a5f-29609abfbe42,2026-08-18T20:51:13-03:00
277cc565-3546-4009-accd-9cabfc7aea6a,2026-08-18T20:53:23-03:00
b0e34b4a-2a60-4833-a81d-5c9168ee33c7,2026-08-18T20:57:41-03:00
0631028a-1a96-44e5-bb03-b9ce1ef2681b,2026-08-18T20:58:05-03:00
4dfd42d4-1264-4b24-affd-7a251c499291,2026-08-18T21:07:56-03:00
9a25cc5e-3637-42be-b9d3-a2f8f0ede11a,2026-08-18T21:11:43-03:00
954a9718-c280-479c-bbb0-784a272b1d0f,2026-08-18T21:15:39-03:00
262f6a10-bfe6-49db-939f-bc0efe55a2c6,2026-08-18T21:16:03-03:00
2c8a5011-91eb-477f-a4c9-bb9e5a91e4be,2026-08-18T21:48:24-03:00
b61e4aa6-ca79-4db0-bad5-d6fb1aa9ef99,2026-08-18T21:58:31-03:00
c447baa0-ecd4-420a-856a-b6d0c3ceb217,2026-08-18T22:35:44-03:00
713a6f71-65b2-49f8-8851-982b335a76f3,2026-08-18T22:39:56-03:00
e06e4bfa-990a-4455-9071-a255e525ddf2,2026-08-19T06:19:20-03:00
debb3c52-ad38-41dc-b901-ee2bf7e72005,2026-08-19T06:23:31-03:00
33e08ff5-827d-4c2e-aa56-725d0fc585c9,2026-08-19T06:35:23-03:00
d254e996-2363-4025-9c3e-7cc48327196e,2026-08-19T06:35:58-03:00
74110cff-3ec4-480d-ad98-c8b457c50adb,2026-08-19T06:47:24-03:00
0abdbb42-5920-461a-a87c-646531f438e1,2026-08-19T07:07:10-03:00
d066278c-51f0-4f51-bec6-8b9c15ec35b6,2026-08-19T07:19:03-03:00
400ffd1f-2a42-46c1-a7c9-623c3ca07a97,2026-08-19T07:36:28-03:00
6eed1d6d-8a1b-4e89-8969-e546c8c50e9d,2026-08-19T07:39:20-03:00
e169f77f-4018-4d94-8684-72cf414ea2a4,2026-08-19T07:39:36-03:00
e88174ed-c99e-46c1-bb9a-b9382febd3b0,2026-08-19T08:03:59-03:00
12662e6b-2068-415f-966e-e3ada53c8185,2026-08-19T08:27:02-03:00
31b7e580-7030-4bc6-8d59-8e23d5e9e8c0,2026-08-19T08:30:32-03:00
f3ac1b9c-dc38-45a9-ba14-a9442e0ee2ab,2026-08-19T08:53:07-03:00
25580a3a-f097-45a2-8406-de31f44a22d4,2026-08-19T09:03:48-03:00
a6a1e65d-8b81-4ad0-b57d-b5dc550a4d1a,2026-08-19T09:11:26-03:00
d7b7257f-01d2-40ce-b7fa-46a6a77fc5f9,2026-08-19T09:31:22-03:00
656306f4-8a57-4e18-9d0a-565b197ba01a,2026-08-19T09:32:40-03:00
4537575d-3e72-4359-aa46-c26b20a32b08,2026-08-19T09:38:01-03:00
03168ade-ba1c-4132-b42b-e569bfb85731,2026-08-19T09:39:21-03:00
246e9c60-87ce-4e05-91ea-50ec6b353fe0,2026-08-19T09:43:51-03:00
0571a628-58b5-4e94-a85c-76b4d1be06f2,2026-08-19T10:01:00-03:00
4efa166e-94e8-484e-9ee8-66403a183164,2026-08-19T10:02:55-03:00
86b79e85-dad9-4895-87d9-df9eafa9ab32,2026-08-19T10:11:03-03:00
38a7897a-3596-4ffc-9142-87f5d9c1d8f6,2026-08-19T10:27:17-03:00
5a6329da-c0e5-4791-ac77-7503d82554ea,2026-08-19T10:48:27-03:00
e06e4bfa-990a-4455-9071-a255e525ddf2,2026-08-19T10:53:51-03:00
2c8a5011-91eb-477f-a4c9-bb9e5a91e4be,2026-08-19T11:17:13-03:00
26c6e325-a8d1-4419-b0b1-3e12ec8058a4,2026-08-19T11:21:35-03:00
a22e90de-9f69-465f-bc31-86af1edbc160,2026-08-19T11:43:41-03:00
f0abcab1-6321-4ecb-8ba9-7bd317a089a7,2026-08-19T12:08:08-03:00
62b64148-c6cf-4c07-b3e3-ab3e6bdfd457,2026-08-19T12:31:22-03:00
0b1b643e-405f-44a1-a5c5-cbcae283d573,2026-08-19T12:36:44-03:00
dc6c60b4-42a9-4bb4-8563-b575c024d2d0,2026-08-19T12:44:29-03:00
a5200934-c28b-4403-a587-99c447caf120,2026-08-19T12:52:10-03:00
f16dc111-041c-4d2b-89f5-59312798b9a8,2026-08-19T13:04:46-03:00
33b15fc2-f2b3-48cb-9480-00dd9f1fd02c,2026-08-19T13:04:49-03:00
912d7559-e2c5-4f11-b828-c68dddf16b16,2026-08-19T13:08:00-03:00
ffab5aab-8c70-4b8a-8783-354343c5eedd,2026-08-19T13:15:27-03:00
e4994f3b-f44a-4bfc-a4ee-ef8fc12f9cbe,2026-08-19T13:15:51-03:00
9ddd711a-ffc7-4c98-afdb-7228af3aa563,2026-08-19T13:18:15-03:00
c7aac888-75e4-42f2-9131-4b0abb0cee03,2026-08-19T13:18:29-03:00
32334982-e3ef-45b6-bb72-772bb7e6b0e2,2026-08-19T13:40:22-03:00
6618bd2b-0cf0-4e0c-808a-9f5e6169b9ee,2026-08-19T13:40:59-03:00
a2ba3863-a98c-4cad-a126-e80e8c7cde7a,2026-08-19T13:44:17-03:00
e9e55568-4c3b-497d-aa0c-d932c05e3d96,2026-08-19T13:49:10-03:00
12662e6b-2068-415f-966e-e3ada53c8185,2026-08-19T13:51:29-03:00
8d9404ad-8b0f-43f6-a11f-8e1daf97a1d1,2026-08-19T13:59:33-03:00
693486f5-1cb4-46ab-bd7c-85ca30bd1527,2026-08-19T14:02:32-03:00
81f3f4f0-9ed1-4a15-bb1f-1a95178fc98d,2026-08-19T14:08:55-03:00
35d62d40-ced7-4fde-bc5d-310038b37ad4,2026-08-19T14:12:14-03:00
123f2d21-7fb8-4195-8256-ac26714a80d4,2026-08-19T14:18:28-03:00
3743a7f0-afdd-4331-ba16-86ca4be7fdce,2026-08-19T14:24:25-03:00
f3ac1b9c-dc38-45a9-ba14-a9442e0ee2ab,2026-08-19T14:59:44-03:00
d7b7257f-01d2-40ce-b7fa-46a6a77fc5f9,2026-08-19T15:12:41-03:00
0a1bf5c0-04bf-4fb4-8261-ecdbc80298a8,2026-08-19T15:13:12-03:00
47833223-98ea-4e00-bfc1-11f99ea76662,2026-08-19T16:01:04-03:00
6a12ff42-a5a7-4e83-9cde-15d2eee4193c,2026-08-19T16:03:21-03:00
df07c0c6-cb94-498c-9efa-52697656cf48,2026-08-19T16:21:33-03:00
f3689675-9c1e-40ec-857c-0898d5b47de8,2026-08-19T16:32:57-03:00
53b128e5-4019-4949-bd7b-e94a23e14fe3,2026-08-19T16:37:21-03:00
dc808835-36ba-495a-b944-cb4f9075ac76,2026-08-19T16:43:28-03:00
86b79e85-dad9-4895-87d9-df9eafa9ab32,2026-08-19T16:55:51-03:00
7e0aa57f-3b9c-4ac3-9c64-959b7ddb265c,2026-08-19T17:09:25-03:00
ef710db7-b23f-4f82-bc23-439496d7fbdf,2026-08-19T17:20:09-03:00
6e8d79f1-3124-4837-9efb-8cb717a160e7,2026-08-19T17:22:32-03:00
366eaccb-6abd-42f7-bce5-d0238495366a,2026-08-19T17:23:08-03:00
760875b7-fc17-4a23-bf61-27012c6baac1,2026-08-19T17:26:28-03:00
77907b7d-2c49-4096-861a-40d8b858e199,2026-08-19T17:39:25-03:00
f205b5d9-5fb3-4774-b977-ba9802edbe7e,2026-08-19T17:43:57-03:00
9013e723-b84a-4835-86ef-432590a004dd,2026-08-19T17:49:22-03:00
0963027b-315c-450e-8c3a-74550ffa10ef,2026-08-19T17:55:08-03:00
3a43653f-97dd-419b-8816-76483027349f,2026-08-19T18:09:23-03:00
25b0935a-b37b-4003-9fc9-8e197f351e42,2026-08-19T18:10:17-03:00
001481aa-8661-4c80-a221-7d0c40fd0dea,2026-08-19T18:13:06-03:00
47881c91-83a5-4062-adff-f9c9fd8273d7,2026-08-19T18:33:45-03:00
d066278c-51f0-4f51-bec6-8b9c15ec35b6,2026-08-19T18:42:44-03:00
f572c334-5672-41a1-842d-c470f4925d18,2026-08-19T18:50:45-03:00
35d62d40-ced7-4fde-bc5d-310038b37ad4,2026-08-19T19:00:04-03:00
c58f53fe-c900-41d1-848b-d586fb2d953b,2026-08-19T19:08:12-03:00
e9b4f4f6-8dbc-4f90-ba08-645b17fea11a,2026-08-19T19:09:03-03:00
fc160c5b-5da4-4901-9d7c-9fd85712be19,2026-08-19T19:13:50-03:00
58e9b50a-0816-4b05-a715-b8f069b2ed05,2026-08-19T19:20:14-03:00
4ec0ffb3-a441-4db4-bc08-a66c1ee36107,2026-08-19T19:27:02-03:00
879d24a3-e7ff-403f-b26c-228c09d1004c,2026-08-19T19:37:45-03:00
64da9850-391c-4d38-af39-3a1d8db33a14,2026-08-19T19:40:05-03:00
987a1c42-fa45-4b9a-8188-4b006df76679,2026-08-19T19:44:08-03:00
e8de25ab-e07d-49fe-b6ff-055c75945578,2026-08-19T19:46:38-03:00
3a417762-5b53-445e-bbac-cd3c649e78b8,2026-08-19T19:46:47-03:00
914ad948-05cc-48b2-af17-72a63ca5ba14,2026-08-19T19:56:31-03:00
fcf632f0-dab7-45ac-9220-74d216a8390d,2026-08-19T19:56:57-03:00
47833223-98ea-4e00-bfc1-11f99ea76662,2026-08-19T20:04:23-03:00
9803f12e-248e-4386-96ec-48e0a7e0c0b4,2026-08-19T20:16:04-03:00
df07c0c6-cb94-498c-9efa-52697656cf48,2026-08-19T20:26:51-03:00
300c0bb2-1f6c-4308-9e85-249d8a11a277,2026-08-19T20:31:27-03:00
8ea2d02d-3431-40f8-a08b-24373c80014d,2026-08-19T20:39:16-03:00
a34a6f47-3f1b-4fc7-8a9d-26ccb31c813f,2026-08-19T20:40:37-03:00
4a78ff1b-a832-4d8c-ad9d-f3a7fc3b78c9,2026-08-19T20:40:56-03:00
94572e5a-a884-43b4-b0c0-3dd41add70ed,2026-08-19T20:57:44-03:00
b3d71a4c-34a6-4f0f-bea2-79c2c5f81f16,2026-08-19T20:59:42-03:00
d786bdde-e18b-46fc-9e05-201ebef1f85c,2026-08-19T20:59:45-03:00
df13cbb0-d954-4cf6-8987-7b0389cf03ae,2026-08-19T21:09:12-03:00
47881c91-83a5-4062-adff-f9c9fd8273d7,2026-08-19T21:31:19-03:00
879d24a3-e7ff-403f-b26c-228c09d1004c,2026-08-19T21:34:51-03:00
2c547b7c-7de5-429d-9f58-156dd1928fca,2026-08-19T21:42:09-03:00
097341c9-1abe-4cbe-9633-f4240c77ab57,2026-08-19T21:43:00-03:00
c76e885b-ad04-403b-921d-bb338b80b059,2026-08-19T21:45:38-03:00
e88174ed-c99e-46c1-bb9a-b9382febd3b0,2026-08-19T21:49:02-03:00
9d71a8eb-0c4b-4edc-bf8a-6a0bbc1da7ab,2026-08-19T22:10:55-03:00
ee713c93-fdc1-448c-86a9-d2f6af327b49,2026-08-19T22:11:38-03:00
53b128e5-4019-4949-bd7b-e94a23e14fe3,2026-08-19T22:11:41-03:00
075befb4-f2ec-44f9-8b0c-fe306bb91a45,2026-08-19T22:17:42-03:00
979675c6-ec4a-4f9a-b0da-f99c0433b845,2026-08-19T23:27:38-03:00
58e9b50a-0816-4b05-a715-b8f069b2ed05,2026-08-20T06:10:57-03:00
3ec98084-12f3-4656-a538-46d59d4fe3c5,2026-08-20T06:59:33-03:00
8456daf7-dd51-4b97-86e3-e427d5f57842,2026-08-20T07:03:44-03:00
37d86361-2ccf-43c9-94e2-574ffb8efe85,2026-08-20T07:14:27-03:00
c76e885b-ad04-403b-921d-bb338b80b059,2026-08-20T07:25:57-03:00
72872c81-60ab-48bb-a1b6-98668f73ef13,2026-08-20T07:26:30-03:00
9d100814-9d3a-42b6-917f-174fff97d163,2026-08-20T07:29:06-03:00
cc5aff6d-c56e-44ff-877c-54bba590fb55,2026-08-20T07:31:20-03:00
912d7559-e2c5-4f11-b828-c68dddf16b16,2026-08-20T07:37:19-03:00
a45528e3-636e-493d-a38c-52bf86c091dc,2026-08-20T07:48:35-03:00
a1c42ac3-c204-4a54-9d3a-25603a5c23b3,2026-08-20T07:53:18-03:00
406bfc66-2242-4acf-b578-3979c4072ea8,2026-08-20T07:58:33-03:00
f444e259-79d8-4de1-b226-d4be699f51ea,2026-08-20T08:08:29-03:00
ca8f0ffe-e2ad-476f-a26a-2d3dd898912d,2026-08-20T08:09:59-03:00
001481aa-8661-4c80-a221-7d0c40fd0dea,2026-08-20T08:22:18-03:00
ffca5939-33a1-47bd-853d-bd6457c05e0b,2026-08-20T08:22:50-03:00
58e9b50a-0816-4b05-a715-b8f069b2ed05,2026-08-20T08:32:42-03:00
d254e996-2363-4025-9c3e-7cc48327196e,2026-08-20T08:36:41-03:00
0a1bf5c0-04bf-4fb4-8261-ecdbc80298a8,2026-08-20T08:37:53-03:00
cddb0c66-a759-4cf8-bec0-0d405bf1ab4b,2026-08-20T08:41:49-03:00
66ef1093-5907-4924-ab21-56e5b7e22cb1,2026-08-20T08:47:28-03:00
3d7e230e-453f-4032-90e3-e55ab858d745,2026-08-20T09:03:11-03:00
3bd59652-4c13-4673-bf18-180626a28b54,2026-08-20T09:28:27-03:00
a5200934-c28b-4403-a587-99c447caf120,2026-08-20T09:48:49-03:00
6e8d79f1-3124-4837-9efb-8cb717a160e7,2026-08-20T09:49:54-03:00
3f819d2b-b335-48f1-97ed-f46e8338de3d,2026-08-20T10:14:04-03:00
b9a7b147-c815-4b76-a46a-a5f0d965ef5f,2026-08-20T10:37:08-03:00
9718b411-0759-4cc4-a90f-4de4e78c4690,2026-08-20T10:47:37-03:00
7ca8f3a7-d1c0-402d-af08-90ce6f598e59,2026-08-20T10:48:08-03:00
b6219ffa-dd01-4ea8-a806-ca8868dbb7aa,2026-08-20T10:49:27-03:00
e36ec4f0-03ff-4628-a217-8752c64604c8,2026-08-20T11:17:13-03:00
55010fbd-a4a3-4dd6-83b4-9e43de35bf83,2026-08-20T11:30:36-03:00
349d270a-13df-4680-bff7-e047d48f7cdd,2026-08-20T11:40:44-03:00
5d1b11a1-4118-4e2c-8702-1d81810c3c60,2026-08-20T11:53:12-03:00
66ef1093-5907-4924-ab21-56e5b7e22cb1,2026-08-20T12:02:14-03:00
a5200934-c28b-4403-a587-99c447caf120,2026-08-20T12:02:29-03:00
91c4252d-aea4-431a-8f29-902a5f443858,2026-08-20T12:07:42-03:00
d4811533-5d56-4643-bb3b-2be5e7395570,2026-08-20T12:15:28-03:00
7a2058c8-a9ea-42d5-94f4-bf3cdbe66c12,2026-08-20T12:17:42-03:00
879d24a3-e7ff-403f-b26c-228c09d1004c,2026-08-20T12:28:22-03:00
a9298473-3c90-49a5-8614-deeb8631b14c,2026-08-20T13:17:36-03:00
a6a0c01f-60c8-4e70-b95d-5bd848109be3,2026-08-20T13:34:09-03:00
9abd0778-5f4c-433c-bfb1-39c14721a0c6,2026-08-20T13:57:15-03:00
e03cf354-f2a3-4841-b547-e76792eb1a8d,2026-08-20T14:04:20-03:00
6dcecd81-e8ee-421f-a34f-55a7e02dd82d,2026-08-20T14:20:20-03:00
d19af899-bb0c-4ced-9909-1643d0cd7f7c,2026-08-20T14:24:01-03:00
49617dc3-a1b9-4fd2-88f6-58a1ce51a2d3,2026-08-20T14:28:34-03:00
96721e62-3b7f-4ada-a2b0-c71fd9f27055,2026-08-20T14:42:11-03:00
fcfada1b-f44b-49de-998d-dd6247a49881,2026-08-20T14:51:06-03:00
63a65720-bb80-475d-b2da-94c4c313c0b5,2026-08-20T14:58:10-03:00
488bfe58-d992-478c-981c-9f5b02344873,2026-08-20T15:10:12-03:00
37d86361-2ccf-43c9-94e2-574ffb8efe85,2026-08-20T15:26:10-03:00
f7b74bb2-3821-4209-9eac-cacf1d407f69,2026-08-20T15:40:19-03:00
488bfe58-d992-478c-981c-9f5b02344873,2026-08-20T16:07:07-03:00
b930c4bd-20e0-4b39-966b-64443421e308,2026-08-20T16:13:30-03:00
4599f02b-432c-4c24-89a5-24d383c71e75,2026-08-20T16:26:55-03:00
d4811533-5d56-4643-bb3b-2be5e7395570,2026-08-20T16:27:27-03:00
8721d034-e5a9-44e9-9e8c-0a536ae75e87,2026-08-20T17:06:25-03:00
ffab5aab-8c70-4b8a-8783-354343c5eedd,2026-08-20T17:13:14-03:00
123f2d21-7fb8-4195-8256-ac26714a80d4,2026-08-20T17:23:10-03:00
63a65720-bb80-475d-b2da-94c4c313c0b5,2026-08-20T17:31:23-03:00
248ee5e3-74a7-493e-86a3-217122c55074,2026-08-20T17:32:54-03:00
2394a17e-9092-4d66-a7cf-df4ebe59ba2b,2026-08-20T17:47:13-03:00
933faec4-e418-4ad9-a8a1-a1fd1915a8fc,2026-08-20T18:00:09-03:00
4b906469-d843-48be-b3d0-34947809e5a1,2026-08-20T18:37:42-03:00
174e05d6-ed19-4459-a399-9612310d573b,2026-08-20T18:46:55-03:00
fb08f3b4-43f4-4590-946a-30fbd8094881,2026-08-20T18:52:38-03:00
49617dc3-a1b9-4fd2-88f6-58a1ce51a2d3,2026-08-20T18:56:55-03:00
cd25610d-4679-45a0-895b-933d66b183d1,2026-08-20T18:57:19-03:00
246e9c60-87ce-4e05-91ea-50ec6b353fe0,2026-08-20T18:59:26-03:00
277cc565-3546-4009-accd-9cabfc7aea6a,2026-08-20T19:13:53-03:00
dc261513-fa73-40cd-bef0-3aaa2663c23d,2026-08-20T19:24:31-03:00
4d35528d-76d0-4d5c-a2ce-52cb6cf5eb97,2026-08-20T19:24:45-03:00
dfee5d1f-d60a-4c28-a75d-0cd2b3e54da1,2026-08-20T19:35:56-03:00
7e4dcb48-7804-4cc1-9904-38a4233c9739,2026-08-20T19:36:38-03:00
6a12ff42-a5a7-4e83-9cde-15d2eee4193c,2026-08-20T19:48:02-03:00
6c78ca96-d349-40f8-85b3-dd319d960d06,2026-08-20T19:53:38-03:00
2f23cce2-bbaa-4c08-b122-571f224155fb,2026-08-20T19:58:15-03:00
95d9fd79-c27b-4406-87b6-ff3292e75385,2026-08-20T20:01:57-03:00
d4401fcc-49a1-4a4b-a721-75f5bddf5005,2026-08-20T20:10:18-03:00
22f187c7-edbd-4db9-9ebf-8a91f18c8204,2026-08-20T20:12:20-03:00
d7b7257f-01d2-40ce-b7fa-46a6a77fc5f9,2026-08-20T20:13:44-03:00
133e6f3e-a4eb-4f09-b051-1afb687dad4f,2026-08-20T20:16:05-03:00
277cc565-3546-4009-accd-9cabfc7aea6a,2026-08-20T20:21:04-03:00
77f30d59-50e4-4c67-bd26-b1e484e261fc,2026-08-20T20:26:34-03:00
f3689675-9c1e-40ec-857c-0898d5b47de8,2026-08-20T20:29:33-03:00
25f70f1e-b4ac-4ce6-b0af-0cff8c6ca7a9,2026-08-20T20:37:49-03:00
c76e885b-ad04-403b-921d-bb338b80b059,2026-08-20T20:43:32-03:00
3743a7f0-afdd-4331-ba16-86ca4be7fdce,2026-08-20T20:45:07-03:00
f0abcab1-6321-4ecb-8ba9-7bd317a089a7,2026-08-20T20:48:35-03:00
175cfd69-c02f-4d98-b426-9d7fa134f4a8,2026-08-20T20:49:00-03:00
7c1c6639-9fef-4015-8d6d-0e7dbe78e987,2026-08-20T20:52:30-03:00
4a40f649-c222-4311-88b4-fb48e9b846b3,2026-08-20T21:06:13-03:00
300c0bb2-1f6c-4308-9e85-249d8a11a277,2026-08-20T21:08:50-03:00
a1700d41-f3ff-4070-8788-40b072dcef2d,2026-08-20T21:10:57-03:00
bfe9472b-9197-4fa9-b4ed-8249cfaaa5d3,2026-08-20T21:13:21-03:00
86c56b5e-359a-4221-b7d0-3162eeae05bc,2026-08-20T21:19:35-03:00
47cf2dc7-e7f7-4797-89f0-789c17cc0a00,2026-08-20T21:27:24-03:00
d254e996-2363-4025-9c3e-7cc48327196e,2026-08-20T21:34:06-03:00
5683d94c-8c3b-4609-b4e8-e11c81d4fead,2026-08-20T21:38:02-03:00
5743afa0-3d18-4002-8e5b-51d30468a9ed,2026-08-20T21:39:20-03:00
3ec98084-12f3-4656-a538-46d59d4fe3c5,2026-08-20T21:42:55-03:00
f71673ba-2970-4f51-8bb2-abdbda8675cd,2026-08-20T21:47:04-03:00
cd25610d-4679-45a0-895b-933d66b183d1,2026-08-20T21:55:51-03:00
81f3f4f0-9ed1-4a15-bb1f-1a95178fc98d,2026-08-20T22:15:27-03:00
3d7e230e-453f-4032-90e3-e55ab858d745,2026-08-20T22:27:55-03:00
69dadbcc-4438-4f2c-9b83-586227e06f52,2026-08-20T22:40:22-03:00
69dadbcc-4438-4f2c-9b83-586227e06f52,2026-08-20T22:47:01-03:00
042d5d43-f6fe-4f05-85ea-15fc3a0020c0,2026-08-20T22:58:52-03:00
461064e2-68de-40b7-b251-70697277f917,2026-08-20T23:07:20-03:00
fc51d2b5-a5f3-4e9d-b30e-bc5420ab3879,2026-08-20T23:26:27-03:00
879d24a3-e7ff-403f-b26c-228c09d1004c,2026-08-20T23:44:46-03:00
53b128e5-4019-4949-bd7b-e94a23e14fe3,2026-08-20T23:56:55-03:00
713a6f71-65b2-49f8-8851-982b335a76f3,2026-08-21T06:17:10-03:00
133e6f3e-a4eb-4f09-b051-1afb687dad4f,2026-08-21T06:22:58-03:00
62fa174e-75a1-44a6-bc9c-3a9184ea89be,2026-08-21T06:45:37-03:00
c1789e70-b21e-4f52-95f0-7e1067a59d0c,2026-08-21T07:02:37-03:00
d254e996-2363-4025-9c3e-7cc48327196e,2026-08-21T07:07:25-03:00
e36ec4f0-03ff-4628-a217-8752c64604c8,2026-08-21T07:08:43-03:00
0571a628-58b5-4e94-a85c-76b4d1be06f2,2026-08-21T07:14:41-03:00
bb07a7d3-beaa-4c7a-ba58-1d0aea094568,2026-08-21T07:16:45-03:00
edba9f48-1982-44e0-8600-1f83e681059b,2026-08-21T07:19:42-03:00
ffab5aab-8c70-4b8a-8783-354343c5eedd,2026-08-21T07:28:58-03:00
47cf2dc7-e7f7-4797-89f0-789c17cc0a00,2026-08-21T07:55:41-03:00
137b3b91-440d-4ad4-bf34-9ceb3642ceba,2026-08-21T07:56:46-03:00
5785a9d6-6ebe-4fde-b637-7575849d5fb5,2026-08-21T08:00:26-03:00
7567df4c-ce25-4213-b1f1-5860b29db2cc,2026-08-21T08:02:19-03:00
adc731c9-d533-439b-8076-31e78726feaa,2026-08-21T08:25:33-03:00
88373c7c-1d43-4882-bfc9-dde5b45f3d27,2026-08-21T08:52:16-03:00
3817ecfa-cdbb-402b-bdf7-ab09674a7d6b,2026-08-21T09:07:06-03:00
951a6ec7-56a9-4aca-a65a-625bf2b25ff9,2026-08-21T09:07:22-03:00
a22e90de-9f69-465f-bc31-86af1edbc160,2026-08-21T09:10:11-03:00
c2177ed1-7491-40ea-9e75-88882e612998,2026-08-21T09:41:25-03:00
58e9b50a-0816-4b05-a715-b8f069b2ed05,2026-08-21T09:54:28-03:00
070127a1-c98c-4140-b09a-f87482f52384,2026-08-21T09:57:47-03:00
48fcc312-cf83-4aa3-9abf-7d656f455037,2026-08-21T10:03:48-03:00
be314718-d6d3-410e-a74a-6aa76618456e,2026-08-21T10:13:19-03:00
36ebd5c3-5bd1-4830-a1be-19f63f4191af,2026-08-21T10:15:13-03:00
f3689675-9c1e-40ec-857c-0898d5b47de8,2026-08-21T10:41:37-03:00
cddb0c66-a759-4cf8-bec0-0d405bf1ab4b,2026-08-21T10:55:25-03:00
300c0bb2-1f6c-4308-9e85-249d8a11a277,2026-08-21T11:07:30-03:00
55010fbd-a4a3-4dd6-83b4-9e43de35bf83,2026-08-21T11:08:04-03:00
fcff47c9-85c9-4b47-ac8c-990c030f8498,2026-08-21T11:11:57-03:00
7bd4e04f-d0a6-4128-9aff-7ed948770493,2026-08-21T11:23:48-03:00
2e5befb3-57ff-4a4d-8019-5856f458e73e,2026-08-21T11:27:28-03:00
5a6329da-c0e5-4791-ac77-7503d82554ea,2026-08-21T11:32:23-03:00
bc6115c8-f4b7-40c9-bc9a-f69f90036ab0,2026-08-21T12:10:57-03:00
4537575d-3e72-4359-aa46-c26b20a32b08,2026-08-21T12:35:03-03:00
691ffc9e-f56a-4bac-8f4d-4307f09e01e6,2026-08-21T12:58:15-03:00
2679a553-1548-4b4f-afc8-8c3217fc1954,2026-08-21T12:58:35-03:00
dd31392f-7950-44a4-af42-c8a615706f7b,2026-08-21T13:00:11-03:00
852cc580-9cf4-4de2-8fa3-d1a506a4aaa0,2026-08-21T13:10:59-03:00
4ec0ffb3-a441-4db4-bc08-a66c1ee36107,2026-08-21T13:30:35-03:00
8456daf7-dd51-4b97-86e3-e427d5f57842,2026-08-21T13:31:27-03:00
fcff47c9-85c9-4b47-ac8c-990c030f8498,2026-08-21T13:45:27-03:00
050b3afe-ff51-47fa-83bd-6e6c004d8b32,2026-08-21T14:01:32-03:00
dd31392f-7950-44a4-af42-c8a615706f7b,2026-08-21T14:50:42-03:00
dc261513-fa73-40cd-bef0-3aaa2663c23d,2026-08-21T15:05:52-03:00
19977258-4c8e-4d6b-95ae-979e7fee5b68,2026-08-21T15:27:13-03:00
d254e996-2363-4025-9c3e-7cc48327196e,2026-08-21T15:35:43-03:00
d19af899-bb0c-4ced-9909-1643d0cd7f7c,2026-08-21T15:49:46-03:00
951a6ec7-56a9-4aca-a65a-625bf2b25ff9,2026-08-21T15:59:49-03:00
468123e3-2f79-46a1-8cf6-640ccd9ce86f,2026-08-21T16:02:06-03:00
e803e5c6-858d-45f5-b09b-7935ad19ee74,2026-08-21T16:04:43-03:00
400ffd1f-2a42-46c1-a7c9-623c3ca07a97,2026-08-21T16:18:01-03:00
6f5d94b5-a9c3-403f-8d38-6bd62e7ec428,2026-08-21T16:42:12-03:00
be314718-d6d3-410e-a74a-6aa76618456e,2026-08-21T16:49:02-03:00
713a6f71-65b2-49f8-8851-982b335a76f3,2026-08-21T16:51:24-03:00
824a7c61-0bbb-46e3-87bf-4b48cc63793e,2026-08-21T17:24:10-03:00
2494ba8f-73c5-48a3-823b-986b77c853e8,2026-08-21T17:45:13-03:00
a93dce4e-f917-4e15-af87-31101b777450,2026-08-21T17:51:20-03:00
8b3cf516-5450-4d24-a68a-bfcc36f33067,2026-08-21T18:04:35-03:00
64c553e9-120c-4401-8a5f-29609abfbe42,2026-08-21T18:05:28-03:00
36ebd5c3-5bd1-4830-a1be-19f63f4191af,2026-08-21T18:06:36-03:00
987a1c42-fa45-4b9a-8188-4b006df76679,2026-08-21T18:08:05-03:00
5e40a847-1cc2-469f-a387-571cabcdd708,2026-08-21T18:09:56-03:00
6e8d79f1-3124-4837-9efb-8cb717a160e7,2026-08-21T18:17:32-03:00
62fa174e-75a1-44a6-bc9c-3a9184ea89be,2026-08-21T18:27:06-03:00
c5a6684a-0092-4497-b63e-0e80f3d2fc73,2026-08-21T18:29:58-03:00
f4f7636b-baf3-4924-8927-21d16976e9a2,2026-08-21T18:48:22-03:00
097341c9-1abe-4cbe-9633-f4240c77ab57,2026-08-21T19:03:10-03:00
4c62e000-8079-4aad-b6cb-a871cd35df39,2026-08-21T19:03:29-03:00
3817ecfa-cdbb-402b-bdf7-ab09674a7d6b,2026-08-21T19:09:21-03:00
691ffc9e-f56a-4bac-8f4d-4307f09e01e6,2026-08-21T19:29:53-03:00
48fcc312-cf83-4aa3-9abf-7d656f455037,2026-08-21T19:30:42-03:00
3bd59652-4c13-4673-bf18-180626a28b54,2026-08-21T19:36:40-03:00
37b64a8a-328e-495c-9352-bd05647edff8,2026-08-21T19:38:58-03:00
b584720a-c001-408e-9f81-ad6d9cfc73ff,2026-08-21T19:44:31-03:00
0360e35a-0379-4ff2-a7ca-4b2353e2d129,2026-08-21T19:47:43-03:00
050b3afe-ff51-47fa-83bd-6e6c004d8b32,2026-08-21T19:58:09-03:00
c9bc0a35-47cd-4533-85a2-f38050bf398c,2026-08-21T20:02:31-03:00
53b128e5-4019-4949-bd7b-e94a23e14fe3,2026-08-21T20:13:08-03:00
53b128e5-4019-4949-bd7b-e94a23e14fe3,2026-08-21T20:22:46-03:00
5a6329da-c0e5-4791-ac77-7503d82554ea,2026-08-21T20:33:46-03:00
6adfc3a9-4471-4957-b9d2-be798fed6c9f,2026-08-21T20:34:02-03:00
7bd4e04f-d0a6-4128-9aff-7ed948770493,2026-08-21T20:58:36-03:00
824a7c61-0bbb-46e3-87bf-4b48cc63793e,2026-08-21T21:00:50-03:00
e9e55568-4c3b-497d-aa0c-d932c05e3d96,2026-08-21T21:27:51-03:00
f9bc69f7-f81c-42ac-b8ab-0a3ebed8496a,2026-08-21T21:33:38-03:00
0a1bf5c0-04bf-4fb4-8261-ecdbc80298a8,2026-08-21T21:54:41-03:00
47cf2dc7-e7f7-4797-89f0-789c17cc0a00,2026-08-21T22:33:27-03:00
fba150f6-f8ed-49c5-9257-47f3f543799a,2026-08-21T22:36:40-03:00
81eb2192-b6f9-48f5-bc82-461677369b11,2026-08-21T22:45:16-03:00
17f56689-36c5-4349-8c1f-604553aa5a36,2026-08-21T22:58:15-03:00
6dcecd81-e8ee-421f-a34f-55a7e02dd82d,2026-08-21T23:51:57-03:00
17f56689-36c5-4349-8c1f-604553aa5a36,2026-08-22T06:23:05-03:00
83734873-b407-416d-9043-cf1f03203e48,2026-08-22T06:34:07-03:00
531dc22c-9cb5-4361-8805-8ba72d944f51,2026-08-22T06:41:18-03:00
ee713c93-fdc1-448c-86a9-d2f6af327b49,2026-08-22T06:47:32-03:00
b9a7b147-c815-4b76-a46a-a5f0d965ef5f,2026-08-22T06:57:34-03:00
04a7823c-75fa-4198-bd66-879a5d2019de,2026-08-22T07:03:46-03:00
cf694a1e-cbc9-4f6e-8eef-ea20f93dc713,2026-08-22T07:16:33-03:00
469caca6-0c28-4a6d-a436-6528d82e0b56,2026-08-22T07:26:08-03:00
97895d21-a8d3-4f7c-bdd2-63f108fc1a8d,2026-08-22T07:36:14-03:00
6f5d94b5-a9c3-403f-8d38-6bd62e7ec428,2026-08-22T07:38:44-03:00
4e6d95b1-b84c-47ea-8882-55bbdfbb7a52,2026-08-22T08:00:24-03:00
63a65720-bb80-475d-b2da-94c4c313c0b5,2026-08-22T08:11:18-03:00
be314718-d6d3-410e-a74a-6aa76618456e,2026-08-22T08:11:34-03:00
d7b7257f-01d2-40ce-b7fa-46a6a77fc5f9,2026-08-22T08:17:34-03:00
be577f71-b4f7-4bdc-a4c2-6a0325a828ff,2026-08-22T08:48:54-03:00
ef710db7-b23f-4f82-bc23-439496d7fbdf,2026-08-22T08:51:29-03:00
47881c91-83a5-4062-adff-f9c9fd8273d7,2026-08-22T09:12:55-03:00
68b5711a-cdd4-42df-b956-2992d25a04ef,2026-08-22T09:17:25-03:00
81f3f4f0-9ed1-4a15-bb1f-1a95178fc98d,2026-08-22T09:36:37-03:00
4803068d-93ec-47fb-96c4-f8a0c06ddebe,2026-08-22T09:41:59-03:00
ba6c08b6-b16a-41e1-a462-9d5c621b71a7,2026-08-22T09:43:01-03:00
f205b5d9-5fb3-4774-b977-ba9802edbe7e,2026-08-22T09:45:43-03:00
81eb2192-b6f9-48f5-bc82-461677369b11,2026-08-22T09:46:04-03:00
4ec0ffb3-a441-4db4-bc08-a66c1ee36107,2026-08-22T09:47:29-03:00
3743a7f0-afdd-4331-ba16-86ca4be7fdce,2026-08-22T10:14:00-03:00
a2e870b4-9f0b-47e8-9b94-3b99e8a94845,2026-08-22T10:18:00-03:00
824a7c61-0bbb-46e3-87bf-4b48cc63793e,2026-08-22T10:19:37-03:00
fdbe4621-4a25-43ca-9bac-8a603281ff15,2026-08-22T10:24:05-03:00
c5e1ac5d-ad71-4bc7-8105-dcffc3279f9c,2026-08-22T10:24:45-03:00
8b357f63-c24d-4122-a745-b3a624e7d951,2026-08-22T10:35:23-03:00
1becd6ee-0076-4970-9c82-aa1ab4cb19f4,2026-08-22T10:45:06-03:00
f42beb3e-9bd9-4a7b-a699-c1bdee25eb32,2026-08-22T10:50:54-03:00
ffab5aab-8c70-4b8a-8783-354343c5eedd,2026-08-22T10:53:48-03:00
75a25cfe-2388-445e-b4b8-8eecec068396,2026-08-22T11:01:47-03:00
879d24a3-e7ff-403f-b26c-228c09d1004c,2026-08-22T11:02:50-03:00
47cf2dc7-e7f7-4797-89f0-789c17cc0a00,2026-08-22T11:04:20-03:00
e889db89-08d9-4613-a770-4ef8ad84e134,2026-08-22T11:06:01-03:00
74110cff-3ec4-480d-ad98-c8b457c50adb,2026-08-22T11:10:18-03:00
2256b9c7-d1db-4536-ad72-054afd567cb2,2026-08-22T11:16:55-03:00
a31ed329-2aa6-424d-9c9b-7a85bcf6951c,2026-08-22T11:19:31-03:00
507bb5cb-6426-477c-accd-78625b80cd14,2026-08-22T11:33:49-03:00
63a65720-bb80-475d-b2da-94c4c313c0b5,2026-08-22T11:40:42-03:00
401a0b87-0156-48ce-8883-75abe3c366dc,2026-08-22T11:45:59-03:00
cbbcf8c0-c10e-4a2e-8f73-d45930317336,2026-08-22T11:55:10-03:00
fcf632f0-dab7-45ac-9220-74d216a8390d,2026-08-22T11:58:48-03:00
d1ac406d-fe9a-44bf-b21c-9d33258e5559,2026-08-22T12:13:56-03:00
f205b5d9-5fb3-4774-b977-ba9802edbe7e,2026-08-22T12:14:33-03:00
12662e6b-2068-415f-966e-e3ada53c8185,2026-08-22T12:15:11-03:00
954a9718-c280-479c-bbb0-784a272b1d0f,2026-08-22T12:20:05-03:00
6a73b3d4-a3f0-4770-9c66-f54c279d2ffb,2026-08-22T12:38:53-03:00
954a9718-c280-479c-bbb0-784a272b1d0f,2026-08-22T12:40:08-03:00
15045214-2247-4403-b0bf-4f1a9c293447,2026-08-22T12:52:11-03:00
0327acf1-2fee-47d2-beec-c9acf777b543,2026-08-22T13:06:34-03:00
f3689675-9c1e-40ec-857c-0898d5b47de8,2026-08-22T13:36:38-03:00
81f3f4f0-9ed1-4a15-bb1f-1a95178fc98d,2026-08-22T13:39:17-03:00
a22e90de-9f69-465f-bc31-86af1edbc160,2026-08-22T13:43:26-03:00
2198e7b7-1971-466d-8051-1f36e7a71b9a,2026-08-22T13:54:45-03:00
171346fe-55d9-4f3a-b276-65d8949cad2e,2026-08-22T14:05:15-03:00
f0649493-34cf-4141-abf4-4aa52aba8302,2026-08-22T14:15:13-03:00
2b0a3003-67f1-4e44-9723-212e69760007,2026-08-22T14:16:19-03:00
88373c7c-1d43-4882-bfc9-dde5b45f3d27,2026-08-22T14:39:46-03:00
04a7823c-75fa-4198-bd66-879a5d2019de,2026-08-22T14:43:39-03:00
171346fe-55d9-4f3a-b276-65d8949cad2e,2026-08-22T14:46:43-03:00
e4aa20fd-17ad-4ef4-b1dc-61fcb6c7110d,2026-08-22T15:03:24-03:00
53b128e5-4019-4949-bd7b-e94a23e14fe3,2026-08-22T15:08:24-03:00
f4e90515-e3d6-4ffe-8206-808ab1cb68c4,2026-08-22T15:15:39-03:00
3b70fae7-97ae-4e52-8a5a-c06921faaec1,2026-08-22T15:25:33-03:00
83734873-b407-416d-9043-cf1f03203e48,2026-08-22T15:33:12-03:00
334af7c8-ef2d-4c8d-8bea-23cc393c5fb5,2026-08-22T15:38:58-03:00
fd04633f-6587-4b3a-b5ba-6bd78bc0b085,2026-08-22T15:49:23-03:00
a2ea1fc7-6f8c-4640-85c0-ac9720b088c9,2026-08-22T16:17:37-03:00
9483f44e-8fa7-4c8a-a52c-8ee9ea41b115,2026-08-22T16:26:13-03:00
531dc22c-9cb5-4361-8805-8ba72d944f51,2026-08-22T16:28:31-03:00
6224c4f3-0406-47c6-9bf4-7661eba06211,2026-08-22T16:28:48-03:00
e9b4f4f6-8dbc-4f90-ba08-645b17fea11a,2026-08-22T17:14:00-03:00
123f2d21-7fb8-4195-8256-ac26714a80d4,2026-08-22T17:24:39-03:00
53c6fefc-cc71-4914-b4a3-75faa0e867c3,2026-08-22T17:32:27-03:00
12662e6b-2068-415f-966e-e3ada53c8185,2026-08-22T17:35:10-03:00
b584720a-c001-408e-9f81-ad6d9cfc73ff,2026-08-22T18:10:42-03:00
f3ac1b9c-dc38-45a9-ba14-a9442e0ee2ab,2026-08-22T18:15:10-03:00
a258cf44-bed3-4bc6-82a2-00bdfb48eed5,2026-08-22T18:17:08-03:00
47cf2dc7-e7f7-4797-89f0-789c17cc0a00,2026-08-22T18:22:12-03:00
15045214-2247-4403-b0bf-4f1a9c293447,2026-08-22T18:23:53-03:00
360dbb7d-938f-4118-8f15-d8497b7041e1,2026-08-22T18:25:10-03:00
cbbcf8c0-c10e-4a2e-8f73-d45930317336,2026-08-22T18:36:01-03:00
4f012abf-f086-4826-951c-7edb3b0a1502,2026-08-22T18:37:34-03:00
9d100814-9d3a-42b6-917f-174fff97d163,2026-08-22T18:55:11-03:00
4dfd42d4-1264-4b24-affd-7a251c499291,2026-08-22T19:00:19-03:00
468123e3-2f79-46a1-8cf6-640ccd9ce86f,2026-08-22T19:05:41-03:00
5a6329da-c0e5-4791-ac77-7503d82554ea,2026-08-22T19:13:17-03:00
2b0a3003-67f1-4e44-9723-212e69760007,2026-08-22T19:13:40-03:00
4599f02b-432c-4c24-89a5-24d383c71e75,2026-08-22T19:20:32-03:00
86b79e85-dad9-4895-87d9-df9eafa9ab32,2026-08-22T19:24:59-03:00
faaaf95c-b4d5-4c31-a41c-7f2aad53a4a5,2026-08-22T19:26:25-03:00
8e81c4a0-72a2-422a-8340-4766e58b612c,2026-08-22T19:32:36-03:00
3743a7f0-afdd-4331-ba16-86ca4be7fdce,2026-08-22T19:36:45-03:00
879d24a3-e7ff-403f-b26c-228c09d1004c,2026-08-22T19:36:54-03:00
401a0b87-0156-48ce-8883-75abe3c366dc,2026-08-22T19:51:33-03:00
b930c4bd-20e0-4b39-966b-64443421e308,2026-08-22T20:01:55-03:00
d7b7257f-01d2-40ce-b7fa-46a6a77fc5f9,2026-08-22T20:06:31-03:00
5683d94c-8c3b-4609-b4e8-e11c81d4fead,2026-08-22T20:09:28-03:00
9b777407-b410-4ba3-8325-31caa437157d,2026-08-22T20:21:03-03:00
88373c7c-1d43-4882-bfc9-dde5b45f3d27,2026-08-22T20:21:43-03:00
b61e4aa6-ca79-4db0-bad5-d6fb1aa9ef99,2026-08-22T20:24:20-03:00
4537575d-3e72-4359-aa46-c26b20a32b08,2026-08-22T20:24:47-03:00
1becd6ee-0076-4970-9c82-aa1ab4cb19f4,2026-08-22T20:30:58-03:00
64c553e9-120c-4401-8a5f-29609abfbe42,2026-08-22T20:33:58-03:00
b8a18f30-62c6-4681-8a22-6220f351119a,2026-08-22T20:36:47-03:00
67738df0-4784-4a08-8c9d-f1b8db152f50,2026-08-22T20:38:55-03:00
693486f5-1cb4-46ab-bd7c-85ca30bd1527,2026-08-22T20:46:49-03:00
ba6c08b6-b16a-41e1-a462-9d5c621b71a7,2026-08-22T20:50:48-03:00
174495c8-be31-4c1c-a8bd-f98e453476a4,2026-08-22T20:51:18-03:00
277cc565-3546-4009-accd-9cabfc7aea6a,2026-08-22T20:57:21-03:00
8b357f63-c24d-4122-a745-b3a624e7d951,2026-08-22T21:01:50-03:00
a5200934-c28b-4403-a587-99c447caf120,2026-08-22T21:08:58-03:00
9d71a8eb-0c4b-4edc-bf8a-6a0bbc1da7ab,2026-08-22T21:44:03-03:00
823ffdec-43d2-478a-a7d1-12738434afaf,2026-08-22T21:45:46-03:00
dbc9b450-24e7-4583-803c-b20bd4f0d6c4,2026-08-22T21:48:00-03:00
fb08f3b4-43f4-4590-946a-30fbd8094881,2026-08-22T21:54:37-03:00
ffca5939-33a1-47bd-853d-bd6457c05e0b,2026-08-22T21:57:11-03:00
a22e90de-9f69-465f-bc31-86af1edbc160,2026-08-22T22:12:14-03:00
0063959e-9d2f-4e89-bdf1-159fa165adda,2026-08-22T22:27:04-03:00
b584720a-c001-408e-9f81-ad6d9cfc73ff,2026-08-22T22:30:30-03:00
4537575d-3e72-4359-aa46-c26b20a32b08,2026-08-22T23:00:08-03:00
4dfd42d4-1264-4b24-affd-7a251c499291,2026-08-22T23:01:42-03:00
68b5711a-cdd4-42df-b956-2992d25a04ef,2026-08-22T23:02:38-03:00
cddb0c66-a759-4cf8-bec0-0d405bf1ab4b,2026-08-22T23:08:54-03:00
824a7c61-0bbb-46e3-87bf-4b48cc63793e,2026-08-22T23:42:23-03:00
3a43653f-97dd-419b-8816-76483027349f,2026-08-23T06:17:12-03:00
cea1dcae-2604-4ce7-9ff2-12f15a88dc15,2026-08-23T06:21:54-03:00
59a45fb1-e020-4768-96a5-e70ba44c522d,2026-08-23T06:32:16-03:00
53b128e5-4019-4949-bd7b-e94a23e14fe3,2026-08-23T06:55:05-03:00
86c56b5e-359a-4221-b7d0-3162eeae05bc,2026-08-23T07:02:22-03:00
8456daf7-dd51-4b97-86e3-e427d5f57842,2026-08-23T07:16:58-03:00
75a25cfe-2388-445e-b4b8-8eecec068396,2026-08-23T07:21:11-03:00
3a43653f-97dd-419b-8816-76483027349f,2026-08-23T07:29:58-03:00
4a78ff1b-a832-4d8c-ad9d-f3a7fc3b78c9,2026-08-23T07:50:57-03:00
488bfe58-d992-478c-981c-9f5b02344873,2026-08-23T07:54:24-03:00
8cc5d5e5-4c08-4f20-8110-6e3e9674c27c,2026-08-23T08:07:27-03:00
e031beb6-e312-4aed-bc34-662198074cd1,2026-08-23T08:25:02-03:00
126086f7-f3e9-4d5f-b73c-aa51003e4de4,2026-08-23T08:25:51-03:00
bc49028d-2f3f-4f93-a6a7-80a0c556f5e1,2026-08-23T08:34:34-03:00
4537575d-3e72-4359-aa46-c26b20a32b08,2026-08-23T08:46:55-03:00
693486f5-1cb4-46ab-bd7c-85ca30bd1527,2026-08-23T08:55:09-03:00
468123e3-2f79-46a1-8cf6-640ccd9ce86f,2026-08-23T08:57:10-03:00
9d71a8eb-0c4b-4edc-bf8a-6a0bbc1da7ab,2026-08-23T08:58:17-03:00
2c547b7c-7de5-429d-9f58-156dd1928fca,2026-08-23T09:09:01-03:00
15045214-2247-4403-b0bf-4f1a9c293447,2026-08-23T09:16:13-03:00
4537575d-3e72-4359-aa46-c26b20a32b08,2026-08-23T09:24:00-03:00
47cf2dc7-e7f7-4797-89f0-789c17cc0a00,2026-08-23T09:32:21-03:00
cbbcf8c0-c10e-4a2e-8f73-d45930317336,2026-08-23T09:34:04-03:00
bc49028d-2f3f-4f93-a6a7-80a0c556f5e1,2026-08-23T09:49:05-03:00
23c605cb-2abf-4c39-af0b-4c67b18630ef,2026-08-23T09:52:24-03:00
2679a553-1548-4b4f-afc8-8c3217fc1954,2026-08-23T09:57:26-03:00
23662632-da8d-47e0-9f6a-504ff9f81dcf,2026-08-23T09:58:19-03:00
990fa00a-bbad-4894-8b31-69f866efb5ce,2026-08-23T10:17:03-03:00
4599f02b-432c-4c24-89a5-24d383c71e75,2026-08-23T10:22:07-03:00
954a9718-c280-479c-bbb0-784a272b1d0f,2026-08-23T10:30:45-03:00
8b31db54-1aa0-45f6-aca1-02b8f3a9ffd8,2026-08-23T10:42:51-03:00
e5f8674b-1588-4fd7-9ef5-3fa2bb18ce8f,2026-08-23T10:51:20-03:00
c4144ca9-cf42-4275-a93b-68d7789406e8,2026-08-23T10:51:36-03:00
62fa174e-75a1-44a6-bc9c-3a9184ea89be,2026-08-23T11:01:11-03:00
c8995bc6-1b20-42e7-a5eb-9d16482081bf,2026-08-23T11:05:18-03:00
129337b7-3d85-477c-b37f-5c680be7a119,2026-08-23T11:07:21-03:00
b61e4aa6-ca79-4db0-bad5-d6fb1aa9ef99,2026-08-23T11:34:50-03:00
bdbbcebd-7d29-417f-a9d7-cfbf46301c28,2026-08-23T11:36:51-03:00
1b652d83-ecc6-4c26-8662-f5e33caf7754,2026-08-23T11:51:35-03:00
17f56689-36c5-4349-8c1f-604553aa5a36,2026-08-23T11:53:27-03:00
c3efdaec-5835-48e8-969d-6ca021b28cbd,2026-08-23T12:00:28-03:00
b584720a-c001-408e-9f81-ad6d9cfc73ff,2026-08-23T12:19:56-03:00
2256b9c7-d1db-4536-ad72-054afd567cb2,2026-08-23T12:21:29-03:00
56dce94c-861b-4176-a534-b7d9e60c06ad,2026-08-23T12:30:41-03:00
ef710db7-b23f-4f82-bc23-439496d7fbdf,2026-08-23T12:32:52-03:00
3ddc7eeb-0f87-41fa-9849-5c63625f19b4,2026-08-23T12:41:22-03:00
89934fab-906f-4bf0-ba46-c9292c0f7870,2026-08-23T12:41:53-03:00
47f62a2b-247d-47e2-b8f8-b777a6b33a0c,2026-08-23T12:42:07-03:00
e169f77f-4018-4d94-8684-72cf414ea2a4,2026-08-23T12:43:01-03:00
1dec0dd5-4ae7-4baa-8eaa-161a30963e91,2026-08-23T12:50:19-03:00
cddb0c66-a759-4cf8-bec0-0d405bf1ab4b,2026-08-23T12:56:19-03:00
63a65720-bb80-475d-b2da-94c4c313c0b5,2026-08-23T13:12:53-03:00
488bfe58-d992-478c-981c-9f5b02344873,2026-08-23T13:45:56-03:00
b7c2c8d3-2026-49c9-9955-1946d4749338,2026-08-23T13:56:28-03:00
a34a6f47-3f1b-4fc7-8a9d-26ccb31c813f,2026-08-23T13:57:46-03:00
c3efdaec-5835-48e8-969d-6ca021b28cbd,2026-08-23T14:05:42-03:00
366eaccb-6abd-42f7-bce5-d0238495366a,2026-08-23T14:32:01-03:00
38a7897a-3596-4ffc-9142-87f5d9c1d8f6,2026-08-23T14:48:19-03:00
c58f53fe-c900-41d1-848b-d586fb2d953b,2026-08-23T15:32:21-03:00
81f3f4f0-9ed1-4a15-bb1f-1a95178fc98d,2026-08-23T15:46:14-03:00
8cf21f89-bc20-46e7-800c-2548028dc9eb,2026-08-23T15:49:25-03:00
ffca5939-33a1-47bd-853d-bd6457c05e0b,2026-08-23T15:50:17-03:00
c76e885b-ad04-403b-921d-bb338b80b059,2026-08-23T15:53:04-03:00
8e4e5496-10b9-40a0-935a-54aaf7300eb5,2026-08-23T16:05:16-03:00
b930c4bd-20e0-4b39-966b-64443421e308,2026-08-23T16:33:25-03:00
23662632-da8d-47e0-9f6a-504ff9f81dcf,2026-08-23T17:04:53-03:00
e88174ed-c99e-46c1-bb9a-b9382febd3b0,2026-08-23T17:39:31-03:00
1dec0dd5-4ae7-4baa-8eaa-161a30963e91,2026-08-23T17:44:17-03:00
6aec4faa-8aea-4773-a9a0-2e49ca3d83fd,2026-08-23T17:57:52-03:00
e169f77f-4018-4d94-8684-72cf414ea2a4,2026-08-23T18:02:48-03:00
2c547b7c-7de5-429d-9f58-156dd1928fca,2026-08-23T18:03:45-03:00
335d097b-9693-471f-ba8c-bfdf3c35061f,2026-08-23T18:05:30-03:00
4e6d95b1-b84c-47ea-8882-55bbdfbb7a52,2026-08-23T18:10:20-03:00
b60bbd7d-8c43-4dee-bef9-136f66093c73,2026-08-23T18:12:21-03:00
990fa00a-bbad-4894-8b31-69f866efb5ce,2026-08-23T18:15:12-03:00
912d7559-e2c5-4f11-b828-c68dddf16b16,2026-08-23T18:22:27-03:00
55010fbd-a4a3-4dd6-83b4-9e43de35bf83,2026-08-23T18:22:50-03:00
4efa166e-94e8-484e-9ee8-66403a183164,2026-08-23T18:28:33-03:00
126086f7-f3e9-4d5f-b73c-aa51003e4de4,2026-08-23T18:28:40-03:00
6f5d94b5-a9c3-403f-8d38-6bd62e7ec428,2026-08-23T18:29:07-03:00
26d1fbd7-76dc-4672-9547-ab1a24edc02d,2026-08-23T18:29:29-03:00
68b5711a-cdd4-42df-b956-2992d25a04ef,2026-08-23T18:33:49-03:00
a2ea1fc7-6f8c-4640-85c0-ac9720b088c9,2026-08-23T18:45:13-03:00
5d1b11a1-4118-4e2c-8702-1d81810c3c60,2026-08-23T18:46:40-03:00
b5b66e1d-2391-4e19-ba80-34b9dd7a85e3,2026-08-23T18:57:38-03:00
9803f12e-248e-4386-96ec-48e0a7e0c0b4,2026-08-23T19:02:14-03:00
0327acf1-2fee-47d2-beec-c9acf777b543,2026-08-23T19:08:42-03:00
9718b411-0759-4cc4-a90f-4de4e78c4690,2026-08-23T19:11:33-03:00
8721d034-e5a9-44e9-9e8c-0a536ae75e87,2026-08-23T19:19:03-03:00
b61e4aa6-ca79-4db0-bad5-d6fb1aa9ef99,2026-08-23T19:19:49-03:00
b9ac272c-142f-4eaa-b923-c53f04496401,2026-08-23T19:25:29-03:00
db41dddf-e277-468c-98fc-679ec1f125e3,2026-08-23T19:27:06-03:00
d347e1b4-86a7-4154-b9a4-b1905c4f7969,2026-08-23T19:31:41-03:00
fc160c5b-5da4-4901-9d7c-9fd85712be19,2026-08-23T19:38:43-03:00
d786bdde-e18b-46fc-9e05-201ebef1f85c,2026-08-23T19:39:00-03:00
6271b391-e2f8-4f56-8d32-f79ae8ddf088,2026-08-23T19:46:16-03:00
3ac808ca-a57b-47d1-9826-72a6e9d84810,2026-08-23T19:46:38-03:00
2198e7b7-1971-466d-8051-1f36e7a71b9a,2026-08-23T19:49:55-03:00
9a25cc5e-3637-42be-b9d3-a2f8f0ede11a,2026-08-23T19:50:53-03:00
2e5befb3-57ff-4a4d-8019-5856f458e73e,2026-08-23T19:57:00-03:00
713a6f71-65b2-49f8-8851-982b335a76f3,2026-08-23T19:59:39-03:00
4e6d95b1-b84c-47ea-8882-55bbdfbb7a52,2026-08-23T20:04:16-03:00
a34a6f47-3f1b-4fc7-8a9d-26ccb31c813f,2026-08-23T20:11:42-03:00
f16dc111-041c-4d2b-89f5-59312798b9a8,2026-08-23T20:13:39-03:00
8e4e5496-10b9-40a0-935a-54aaf7300eb5,2026-08-23T20:17:55-03:00
58e9b50a-0816-4b05-a715-b8f069b2ed05,2026-08-23T20:19:39-03:00
ba6c08b6-b16a-41e1-a462-9d5c621b71a7,2026-08-23T20:33:24-03:00
81f3f4f0-9ed1-4a15-bb1f-1a95178fc98d,2026-08-23T20:49:40-03:00
300c0bb2-1f6c-4308-9e85-249d8a11a277,2026-08-23T20:53:30-03:00
cbbcf8c0-c10e-4a2e-8f73-d45930317336,2026-08-23T20:55:24-03:00
3463aff6-7d41-4eec-b488-7b480d30d761,2026-08-23T20:57:42-03:00
129337b7-3d85-477c-b37f-5c680be7a119,2026-08-23T21:04:38-03:00
bdbbcebd-7d29-417f-a9d7-cfbf46301c28,2026-08-23T21:05:47-03:00
66ef1093-5907-4924-ab21-56e5b7e22cb1,2026-08-23T21:11:04-03:00
f16dc111-041c-4d2b-89f5-59312798b9a8,2026-08-23T21:15:03-03:00
df13cbb0-d954-4cf6-8987-7b0389cf03ae,2026-08-23T21:16:33-03:00
37b64a8a-328e-495c-9352-bd05647edff8,2026-08-23T21:22:20-03:00
15045214-2247-4403-b0bf-4f1a9c293447,2026-08-23T21:23:25-03:00
f3689675-9c1e-40ec-857c-0898d5b47de8,2026-08-23T21:23:29-03:00
d4401fcc-49a1-4a4b-a721-75f5bddf5005,2026-08-23T21:29:36-03:00
8cf21f89-bc20-46e7-800c-2548028dc9eb,2026-08-23T21:29:58-03:00
a3882624-2f38-4aac-afb0-a231f18866b5,2026-08-23T21:33:25-03:00
cf694a1e-cbc9-4f6e-8eef-ea20f93dc713,2026-08-23T21:47:24-03:00
a6348d1a-9cf7-400c-ade5-a6acd24f916b,2026-08-23T21:50:35-03:00
11fd8831-3e87-4ba6-a6ac-5edfe0ac2da1,2026-08-23T21:54:02-03:00
760875b7-fc17-4a23-bf61-27012c6baac1,2026-08-23T21:54:44-03:00
d772e854-52c2-464c-b181-956f550c447b,2026-08-23T21:58:10-03:00
b7c2c8d3-2026-49c9-9955-1946d4749338,2026-08-23T22:36:30-03:00
12662e6b-2068-415f-966e-e3ada53c8185,2026-08-24T06:02:45-03:00
0a1bf5c0-04bf-4fb4-8261-ecdbc80298a8,2026-08-24T06:04:28-03:00
b930c4bd-20e0-4b39-966b-64443421e308,2026-08-24T06:17:28-03:00
484bbfc1-7c26-4bd0-b389-efc5bdf335a2,2026-08-24T06:35:31-03:00
4d35528d-76d0-4d5c-a2ce-52cb6cf5eb97,2026-08-24T07:06:36-03:00
9b777407-b410-4ba3-8325-31caa437157d,2026-08-24T07:13:46-03:00
d4401fcc-49a1-4a4b-a721-75f5bddf5005,2026-08-24T07:14:57-03:00
ef986927-1c28-4a03-9ec6-018cae673269,2026-08-24T07:23:26-03:00
b1cc1bcf-9582-460d-b875-64f3fad2e73a,2026-08-24T07:25:38-03:00
6b82afa6-3d31-4620-93ba-15200f3cf1b1,2026-08-24T07:33:31-03:00
8d29dfa3-a0a9-4dee-b7b4-d33c6e49ddd4,2026-08-24T07:39:44-03:00
c9bc0a35-47cd-4533-85a2-f38050bf398c,2026-08-24T07:46:25-03:00
be314718-d6d3-410e-a74a-6aa76618456e,2026-08-24T07:54:35-03:00
a086891f-d6ab-4709-a303-75ef4c56512f,2026-08-24T07:58:04-03:00
912d7559-e2c5-4f11-b828-c68dddf16b16,2026-08-24T08:02:14-03:00
66ef1093-5907-4924-ab21-56e5b7e22cb1,2026-08-24T08:08:25-03:00
62b64148-c6cf-4c07-b3e3-ab3e6bdfd457,2026-08-24T08:19:50-03:00
fdbe4621-4a25-43ca-9bac-8a603281ff15,2026-08-24T08:20:54-03:00
838c36ad-c1b7-4c32-ad3f-b3730974a00d,2026-08-24T08:26:08-03:00
c58f53fe-c900-41d1-848b-d586fb2d953b,2026-08-24T08:31:44-03:00
271b8140-24fa-4926-81a7-01f041000520,2026-08-24T08:34:34-03:00
d89ac958-867e-41dc-b69a-086b6eabe468,2026-08-24T08:40:07-03:00
693486f5-1cb4-46ab-bd7c-85ca30bd1527,2026-08-24T08:42:03-03:00
8e4207fd-a513-4999-b9f5-267b7662f66d,2026-08-24T08:48:15-03:00
360dbb7d-938f-4118-8f15-d8497b7041e1,2026-08-24T09:38:41-03:00
9258996d-ca0c-4158-b9c5-5166d54296f2,2026-08-24T09:49:42-03:00
ab1a4c26-8dd9-4508-805b-030c7630e2f2,2026-08-24T10:04:19-03:00
d254e996-2363-4025-9c3e-7cc48327196e,2026-08-24T10:21:39-03:00
a258cf44-bed3-4bc6-82a2-00bdfb48eed5,2026-08-24T10:27:48-03:00
8456daf7-dd51-4b97-86e3-e427d5f57842,2026-08-24T10:36:12-03:00
2198e7b7-1971-466d-8051-1f36e7a71b9a,2026-08-24T11:05:51-03:00
677cb034-b991-4736-a616-c6f28dc205bf,2026-08-24T11:20:10-03:00
a5200934-c28b-4403-a587-99c447caf120,2026-08-24T11:26:08-03:00
776b9bf6-d3ae-47bd-930b-c08ed0adb214,2026-08-24T11:48:26-03:00
2494ba8f-73c5-48a3-823b-986b77c853e8,2026-08-24T11:51:22-03:00
61af23c4-34f0-4c33-beb8-fb097aaf4c96,2026-08-24T12:02:22-03:00
15045214-2247-4403-b0bf-4f1a9c293447,2026-08-24T12:26:59-03:00
d4811533-5d56-4643-bb3b-2be5e7395570,2026-08-24T12:37:02-03:00
6b82afa6-3d31-4620-93ba-15200f3cf1b1,2026-08-24T12:43:05-03:00
2198e7b7-1971-466d-8051-1f36e7a71b9a,2026-08-24T12:54:37-03:00
03168ade-ba1c-4132-b42b-e569bfb85731,2026-08-24T12:59:29-03:00
6eed1d6d-8a1b-4e89-8969-e546c8c50e9d,2026-08-24T13:21:01-03:00
4efa166e-94e8-484e-9ee8-66403a183164,2026-08-24T13:23:54-03:00
ea7cbf9a-686a-4ece-b803-4146e4b4f338,2026-08-24T13:41:06-03:00
461064e2-68de-40b7-b251-70697277f917,2026-08-24T13:45:52-03:00
1dec0dd5-4ae7-4baa-8eaa-161a30963e91,2026-08-24T14:01:29-03:00
400ffd1f-2a42-46c1-a7c9-623c3ca07a97,2026-08-24T14:26:04-03:00
6c43397b-8607-4da5-ae6c-c742e66c7dac,2026-08-24T15:04:20-03:00
c5a6684a-0092-4497-b63e-0e80f3d2fc73,2026-08-24T15:08:18-03:00
ea7cbf9a-686a-4ece-b803-4146e4b4f338,2026-08-24T15:14:52-03:00
469caca6-0c28-4a6d-a436-6528d82e0b56,2026-08-24T15:19:23-03:00
fd04633f-6587-4b3a-b5ba-6bd78bc0b085,2026-08-24T16:10:38-03:00
153fec11-c53e-4100-936b-45957e556ac8,2026-08-24T16:31:09-03:00
d4811533-5d56-4643-bb3b-2be5e7395570,2026-08-24T16:47:46-03:00
341ada20-eb43-4767-aa77-60de86281677,2026-08-24T16:52:02-03:00
d19af899-bb0c-4ced-9909-1643d0cd7f7c,2026-08-24T17:23:57-03:00
acbdd1bd-c4bd-42af-8f35-3f2afad152fd,2026-08-24T17:43:42-03:00
fdbe4621-4a25-43ca-9bac-8a603281ff15,2026-08-24T17:51:39-03:00
a6348d1a-9cf7-400c-ade5-a6acd24f916b,2026-08-24T17:56:08-03:00
ae05ddbc-960b-4702-ba85-a7020d552f96,2026-08-24T18:12:48-03:00
27976644-f012-41cf-8a58-e19007647ec3,2026-08-24T18:19:00-03:00
a93dce4e-f917-4e15-af87-31101b777450,2026-08-24T18:21:01-03:00
e88174ed-c99e-46c1-bb9a-b9382febd3b0,2026-08-24T18:21:55-03:00
b584720a-c001-408e-9f81-ad6d9cfc73ff,2026-08-24T18:41:18-03:00
fb30db7b-63d2-419f-9710-1efd105a6b96,2026-08-24T18:41:21-03:00
2e5befb3-57ff-4a4d-8019-5856f458e73e,2026-08-24T18:46:45-03:00
b9a7b147-c815-4b76-a46a-a5f0d965ef5f,2026-08-24T18:49:55-03:00
1dfbf03b-7032-452c-a560-7d6790928670,2026-08-24T19:06:28-03:00
998d064d-9729-4f12-bd01-8efa3e2bc8e5,2026-08-24T19:10:52-03:00
89bc8120-2e60-401c-b3cf-d9c3bf263bb3,2026-08-24T19:17:59-03:00
b6219ffa-dd01-4ea8-a806-ca8868dbb7aa,2026-08-24T19:21:25-03:00
2494ba8f-73c5-48a3-823b-986b77c853e8,2026-08-24T19:24:17-03:00
b0e34b4a-2a60-4833-a81d-5c9168ee33c7,2026-08-24T19:24:43-03:00
17f56689-36c5-4349-8c1f-604553aa5a36,2026-08-24T19:25:37-03:00
c5a6684a-0092-4497-b63e-0e80f3d2fc73,2026-08-24T19:30:14-03:00
300c0bb2-1f6c-4308-9e85-249d8a11a277,2026-08-24T19:34:48-03:00
91c26aed-c3b4-4d82-ad2f-04dac1fc8d94,2026-08-24T19:40:41-03:00
f8ce0f67-48c8-4ccf-b8b1-21159cb64d8f,2026-08-24T19:41:48-03:00
776b9bf6-d3ae-47bd-930b-c08ed0adb214,2026-08-24T19:54:03-03:00
d190f6d4-137f-4787-a68f-37428a06c1d8,2026-08-24T20:00:03-03:00
a34a6f47-3f1b-4fc7-8a9d-26ccb31c813f,2026-08-24T20:05:55-03:00
5d1b11a1-4118-4e2c-8702-1d81810c3c60,2026-08-24T20:06:23-03:00
5785a9d6-6ebe-4fde-b637-7575849d5fb5,2026-08-24T20:13:03-03:00
f7b74bb2-3821-4209-9eac-cacf1d407f69,2026-08-24T20:14:38-03:00
26c6e325-a8d1-4419-b0b1-3e12ec8058a4,2026-08-24T20:15:33-03:00
cbbcf8c0-c10e-4a2e-8f73-d45930317336,2026-08-24T20:18:47-03:00
0571a628-58b5-4e94-a85c-76b4d1be06f2,2026-08-24T20:23:20-03:00
bc49028d-2f3f-4f93-a6a7-80a0c556f5e1,2026-08-24T20:26:05-03:00
86c56b5e-359a-4221-b7d0-3162eeae05bc,2026-08-24T20:35:29-03:00
2679a553-1548-4b4f-afc8-8c3217fc1954,2026-08-24T20:36:23-03:00
91c4252d-aea4-431a-8f29-902a5f443858,2026-08-24T20:50:52-03:00
e4994f3b-f44a-4bfc-a4ee-ef8fc12f9cbe,2026-08-24T20:51:57-03:00
b61e4aa6-ca79-4db0-bad5-d6fb1aa9ef99,2026-08-24T21:04:39-03:00
f3ac1b9c-dc38-45a9-ba14-a9442e0ee2ab,2026-08-24T21:35:25-03:00
ee713c93-fdc1-448c-86a9-d2f6af327b49,2026-08-24T21:45:58-03:00
0a1bf5c0-04bf-4fb4-8261-ecdbc80298a8,2026-08-24T21:51:29-03:00
b6219ffa-dd01-4ea8-a806-ca8868dbb7aa,2026-08-24T21:52:43-03:00
27976644-f012-41cf-8a58-e19007647ec3,2026-08-24T21:54:35-03:00
d4401fcc-49a1-4a4b-a721-75f5bddf5005,2026-08-24T22:02:23-03:00
cddb0c66-a759-4cf8-bec0-0d405bf1ab4b,2026-08-24T22:28:53-03:00
dd31392f-7950-44a4-af42-c8a615706f7b,2026-08-24T22:40:44-03:00
271b8140-24fa-4926-81a7-01f041000520,2026-08-24T22:44:35-03:00
0e7c8426-1733-453f-9577-2e986ab7cc5c,2026-08-24T22:55:19-03:00
ef710db7-b23f-4f82-bc23-439496d7fbdf,2026-08-24T22:56:22-03:00
366eaccb-6abd-42f7-bce5-d0238495366a,2026-08-24T23:28:16-03:00
a6348d1a-9cf7-400c-ade5-a6acd24f916b,2026-08-24T23:49:33-03:00
6c1f7d40-9275-4195-9f2e-18a521120595,2026-08-25T06:18:08-03:00
823ffdec-43d2-478a-a7d1-12738434afaf,2026-08-25T06:23:17-03:00
5596c686-cbf1-4819-a517-5095b5c57595,2026-08-25T06:43:34-03:00
6c1f7d40-9275-4195-9f2e-18a521120595,2026-08-25T07:28:54-03:00
cdd5bcc0-c444-48cf-9585-27f11d972081,2026-08-25T07:32:07-03:00
954a9718-c280-479c-bbb0-784a272b1d0f,2026-08-25T07:33:27-03:00
9a112cc1-b941-40fc-b8f0-7683bebfea5e,2026-08-25T07:39:35-03:00
4a78ff1b-a832-4d8c-ad9d-f3a7fc3b78c9,2026-08-25T08:00:54-03:00
27976644-f012-41cf-8a58-e19007647ec3,2026-08-25T08:03:30-03:00
3a6d3f6e-4428-4989-9a3f-a748fda41b68,2026-08-25T08:04:13-03:00
be314718-d6d3-410e-a74a-6aa76618456e,2026-08-25T08:20:02-03:00
58e9b50a-0816-4b05-a715-b8f069b2ed05,2026-08-25T08:52:43-03:00
64059a86-34a3-4500-bdc8-4b605287cbf2,2026-08-25T09:03:36-03:00
7ca8f3a7-d1c0-402d-af08-90ce6f598e59,2026-08-25T09:21:27-03:00
001481aa-8661-4c80-a221-7d0c40fd0dea,2026-08-25T09:24:57-03:00
7e1cea2e-497a-40ec-a492-45cb6ec68eae,2026-08-25T09:26:02-03:00
39f3c09b-0777-46ae-b8b0-f11398450952,2026-08-25T09:54:13-03:00
bd3de0ea-abd0-41b5-a886-778fe3251ae0,2026-08-25T09:57:31-03:00
dfee5d1f-d60a-4c28-a75d-0cd2b3e54da1,2026-08-25T09:57:56-03:00
d066278c-51f0-4f51-bec6-8b9c15ec35b6,2026-08-25T10:21:37-03:00
335d097b-9693-471f-ba8c-bfdf3c35061f,2026-08-25T10:37:18-03:00
39f3c09b-0777-46ae-b8b0-f11398450952,2026-08-25T10:39:02-03:00
1db74be8-4e28-47d9-90df-e92b7cba2322,2026-08-25T10:42:14-03:00
146d5882-3511-4c6f-aed7-020af2642681,2026-08-25T11:27:43-03:00
04a7823c-75fa-4198-bd66-879a5d2019de,2026-08-25T11:37:01-03:00
17be997b-ea98-4cd4-9c5e-452c7cf50b24,2026-08-25T11:40:22-03:00
86c56b5e-359a-4221-b7d0-3162eeae05bc,2026-08-25T11:43:16-03:00
b9ac272c-142f-4eaa-b923-c53f04496401,2026-08-25T11:51:09-03:00
92ad3213-116f-40b8-b833-83323cc83bb5,2026-08-25T11:52:10-03:00
b9ac272c-142f-4eaa-b923-c53f04496401,2026-08-25T12:03:51-03:00
2198e7b7-1971-466d-8051-1f36e7a71b9a,2026-08-25T12:16:16-03:00
1d189842-d9c9-4c9d-8f49-c15c3b86a93d,2026-08-25T12:19:04-03:00
b9a7b147-c815-4b76-a46a-a5f0d965ef5f,2026-08-25T12:23:29-03:00
a29ea1e6-c745-4eda-a9f5-e869c5d59704,2026-08-25T12:26:09-03:00
2198e7b7-1971-466d-8051-1f36e7a71b9a,2026-08-25T12:36:39-03:00
64c553e9-120c-4401-8a5f-29609abfbe42,2026-08-25T12:41:06-03:00
3f5a3ed9-7c02-4e0b-ae61-0c1789918e4d,2026-08-25T12:49:05-03:00
954a9718-c280-479c-bbb0-784a272b1d0f,2026-08-25T12:55:31-03:00
8e4e5496-10b9-40a0-935a-54aaf7300eb5,2026-08-25T12:55:47-03:00
912d7559-e2c5-4f11-b828-c68dddf16b16,2026-08-25T12:57:34-03:00
2f23cce2-bbaa-4c08-b122-571f224155fb,2026-08-25T12:59:59-03:00
ee713c93-fdc1-448c-86a9-d2f6af327b49,2026-08-25T13:03:58-03:00
03168ade-ba1c-4132-b42b-e569bfb85731,2026-08-25T13:07:27-03:00
9b777407-b410-4ba3-8325-31caa437157d,2026-08-25T13:27:57-03:00
133e6f3e-a4eb-4f09-b051-1afb687dad4f,2026-08-25T13:32:42-03:00
5596c686-cbf1-4819-a517-5095b5c57595,2026-08-25T13:37:29-03:00
35d62d40-ced7-4fde-bc5d-310038b37ad4,2026-08-25T13:44:55-03:00
eb9e4898-30e2-4a67-8c23-3ba31fb5238e,2026-08-25T13:51:21-03:00
ffab5aab-8c70-4b8a-8783-354343c5eedd,2026-08-25T14:30:29-03:00
27223943-84b0-42de-bc98-f22b31f5f3d0,2026-08-25T14:35:37-03:00
63a65720-bb80-475d-b2da-94c4c313c0b5,2026-08-25T14:48:14-03:00
47cf2dc7-e7f7-4797-89f0-789c17cc0a00,2026-08-25T14:59:19-03:00
72872c81-60ab-48bb-a1b6-98668f73ef13,2026-08-25T15:00:54-03:00
fb08f3b4-43f4-4590-946a-30fbd8094881,2026-08-25T15:13:45-03:00
64c553e9-120c-4401-8a5f-29609abfbe42,2026-08-25T15:19:09-03:00
f4da9499-c9aa-427d-ab30-ee6aae5f87b8,2026-08-25T15:34:13-03:00
32334982-e3ef-45b6-bb72-772bb7e6b0e2,2026-08-25T15:44:32-03:00
1dec0dd5-4ae7-4baa-8eaa-161a30963e91,2026-08-25T15:46:48-03:00
53b128e5-4019-4949-bd7b-e94a23e14fe3,2026-08-25T16:27:53-03:00
20048baf-fc52-4f1e-bc08-a8b2ab8c8fe6,2026-08-25T16:38:29-03:00
050b3afe-ff51-47fa-83bd-6e6c004d8b32,2026-08-25T17:00:03-03:00
1d189842-d9c9-4c9d-8f49-c15c3b86a93d,2026-08-25T17:00:11-03:00
e0131205-9109-4780-afc3-f0aec0b43432,2026-08-25T17:23:01-03:00
4ec0ffb3-a441-4db4-bc08-a66c1ee36107,2026-08-25T17:25:08-03:00
656306f4-8a57-4e18-9d0a-565b197ba01a,2026-08-25T17:29:41-03:00
77f30d59-50e4-4c67-bd26-b1e484e261fc,2026-08-25T17:33:11-03:00
4b2c7017-ddfa-4dad-8fc5-e8fd35a235d7,2026-08-25T17:33:37-03:00
f3ac1b9c-dc38-45a9-ba14-a9442e0ee2ab,2026-08-25T17:44:09-03:00
c6356017-0820-4f21-8406-1a4f08ca48a4,2026-08-25T17:46:42-03:00
65c43e3a-7de7-467f-80eb-f6da3ecaa17c,2026-08-25T17:46:54-03:00
17be997b-ea98-4cd4-9c5e-452c7cf50b24,2026-08-25T17:52:14-03:00
02b7b989-4b19-4dc5-8ddd-fdbf79c522d6,2026-08-25T18:11:44-03:00
2256b9c7-d1db-4536-ad72-054afd567cb2,2026-08-25T18:33:01-03:00
335d097b-9693-471f-ba8c-bfdf3c35061f,2026-08-25T18:39:54-03:00
6e8d79f1-3124-4837-9efb-8cb717a160e7,2026-08-25T18:41:45-03:00
8b31db54-1aa0-45f6-aca1-02b8f3a9ffd8,2026-08-25T18:51:26-03:00
d786bdde-e18b-46fc-9e05-201ebef1f85c,2026-08-25T18:54:05-03:00
e0131205-9109-4780-afc3-f0aec0b43432,2026-08-25T19:00:23-03:00
5a6329da-c0e5-4791-ac77-7503d82554ea,2026-08-25T19:05:24-03:00
fd04633f-6587-4b3a-b5ba-6bd78bc0b085,2026-08-25T19:08:42-03:00
c6356017-0820-4f21-8406-1a4f08ca48a4,2026-08-25T19:15:25-03:00
3ddc7eeb-0f87-41fa-9849-5c63625f19b4,2026-08-25T19:22:21-03:00
fb08f3b4-43f4-4590-946a-30fbd8094881,2026-08-25T19:25:59-03:00
7b4f8c5b-7741-460d-9321-be16495e8fd9,2026-08-25T19:33:12-03:00
0b16a5a4-3fbb-4397-b27e-73a355aa24bf,2026-08-25T19:34:32-03:00
da3e0c10-c8cb-4cd1-8368-d04b97f6693c,2026-08-25T19:36:10-03:00
ffab5aab-8c70-4b8a-8783-354343c5eedd,2026-08-25T19:38:17-03:00
ab1a4c26-8dd9-4508-805b-030c7630e2f2,2026-08-25T19:41:25-03:00
2e5befb3-57ff-4a4d-8019-5856f458e73e,2026-08-25T19:56:33-03:00
1db74be8-4e28-47d9-90df-e92b7cba2322,2026-08-25T20:10:52-03:00
96721e62-3b7f-4ada-a2b0-c71fd9f27055,2026-08-25T20:33:18-03:00
a2ea1fc7-6f8c-4640-85c0-ac9720b088c9,2026-08-25T20:38:51-03:00
7e1cea2e-497a-40ec-a492-45cb6ec68eae,2026-08-25T20:57:35-03:00
cd753b9e-183b-4f2d-9bfd-3504dea21c52,2026-08-25T21:08:46-03:00
0e7c8426-1733-453f-9577-2e986ab7cc5c,2026-08-25T21:09:42-03:00
86b79e85-dad9-4895-87d9-df9eafa9ab32,2026-08-25T21:10:47-03:00
488bfe58-d992-478c-981c-9f5b02344873,2026-08-25T21:20:53-03:00
ee713c93-fdc1-448c-86a9-d2f6af327b49,2026-08-25T21:21:44-03:00
350fdb78-2528-4b24-aa65-ab09a56fd76c,2026-08-25T21:22:33-03:00
0f9b8c97-4f53-4bbb-a24d-0a19f6a5f944,2026-08-25T21:30:34-03:00
22f187c7-edbd-4db9-9ebf-8a91f18c8204,2026-08-25T21:33:27-03:00
dc6c60b4-42a9-4bb4-8563-b575c024d2d0,2026-08-25T22:15:29-03:00
68b5711a-cdd4-42df-b956-2992d25a04ef,2026-08-25T22:54:37-03:00
15045214-2247-4403-b0bf-4f1a9c293447,2026-08-25T23:58:09-03:00
63a65720-bb80-475d-b2da-94c4c313c0b5,2026-08-26T06:01:37-03:00
9c93bb17-f097-48b8-8b49-f27b419c4f21,2026-08-26T06:05:05-03:00
17e569ff-b707-4edb-8046-ad4771c3c962,2026-08-26T06:48:47-03:00
e803e5c6-858d-45f5-b09b-7935ad19ee74,2026-08-26T07:18:56-03:00
4d35528d-76d0-4d5c-a2ce-52cb6cf5eb97,2026-08-26T07:19:21-03:00
691ffc9e-f56a-4bac-8f4d-4307f09e01e6,2026-08-26T07:44:45-03:00
18490f79-4ffb-4e33-876e-8117d0622fc5,2026-08-26T07:55:15-03:00
75a25cfe-2388-445e-b4b8-8eecec068396,2026-08-26T08:04:39-03:00
745c5ac7-3469-496f-b90c-a779ffd662ae,2026-08-26T08:19:24-03:00
ce329e7e-249a-4eb7-a685-a7f5a1f798a6,2026-08-26T08:26:07-03:00
fc160c5b-5da4-4901-9d7c-9fd85712be19,2026-08-26T08:30:25-03:00
2c8a5011-91eb-477f-a4c9-bb9e5a91e4be,2026-08-26T08:30:36-03:00
62b64148-c6cf-4c07-b3e3-ab3e6bdfd457,2026-08-26T08:38:00-03:00
3bd59652-4c13-4673-bf18-180626a28b54,2026-08-26T08:47:47-03:00
701d5d6c-29a3-4f99-88ab-9ad29e236345,2026-08-26T08:48:24-03:00
2cc7ad16-39c0-4340-ac9b-d269bc12414d,2026-08-26T08:52:28-03:00
691ffc9e-f56a-4bac-8f4d-4307f09e01e6,2026-08-26T09:05:14-03:00
1123a13c-393f-4d29-acd4-e86555870c25,2026-08-26T09:10:01-03:00
0e7c8426-1733-453f-9577-2e986ab7cc5c,2026-08-26T09:16:08-03:00
658472a8-0e3d-4598-8eae-37f86a769186,2026-08-26T09:45:05-03:00
6dcecd81-e8ee-421f-a34f-55a7e02dd82d,2026-08-26T09:46:23-03:00
626b5de9-c568-42f1-b9e5-974228c7e642,2026-08-26T09:51:44-03:00
47cf2dc7-e7f7-4797-89f0-789c17cc0a00,2026-08-26T10:06:38-03:00
b61e4aa6-ca79-4db0-bad5-d6fb1aa9ef99,2026-08-26T10:13:19-03:00
d7b7257f-01d2-40ce-b7fa-46a6a77fc5f9,2026-08-26T10:16:28-03:00
c9bc0a35-47cd-4533-85a2-f38050bf398c,2026-08-26T10:19:31-03:00
b8a18f30-62c6-4681-8a22-6220f351119a,2026-08-26T10:21:11-03:00
1dec0dd5-4ae7-4baa-8eaa-161a30963e91,2026-08-26T10:47:25-03:00
9d71a8eb-0c4b-4edc-bf8a-6a0bbc1da7ab,2026-08-26T10:54:49-03:00
6e8d79f1-3124-4837-9efb-8cb717a160e7,2026-08-26T11:21:54-03:00
55010fbd-a4a3-4dd6-83b4-9e43de35bf83,2026-08-26T11:58:38-03:00
4537575d-3e72-4359-aa46-c26b20a32b08,2026-08-26T12:00:05-03:00
f3689675-9c1e-40ec-857c-0898d5b47de8,2026-08-26T12:11:38-03:00
fc51d2b5-a5f3-4e9d-b30e-bc5420ab3879,2026-08-26T12:32:06-03:00
62b64148-c6cf-4c07-b3e3-ab3e6bdfd457,2026-08-26T12:33:27-03:00
380d1f46-9ae3-4ee4-b603-75a8684d619c,2026-08-26T12:34:49-03:00
b64f51fa-8ad4-4a81-bf09-714a2fc3b823,2026-08-26T12:40:17-03:00
8456daf7-dd51-4b97-86e3-e427d5f57842,2026-08-26T12:41:13-03:00
f16dc111-041c-4d2b-89f5-59312798b9a8,2026-08-26T12:50:47-03:00
a2b00c70-8142-4f3b-918c-a49601eafba3,2026-08-26T12:53:56-03:00
824a7c61-0bbb-46e3-87bf-4b48cc63793e,2026-08-26T13:09:06-03:00
4d6b7e01-be75-435f-9e33-807cb0803562,2026-08-26T13:27:56-03:00
fb08f3b4-43f4-4590-946a-30fbd8094881,2026-08-26T13:38:46-03:00
366eaccb-6abd-42f7-bce5-d0238495366a,2026-08-26T13:46:01-03:00
cf694a1e-cbc9-4f6e-8eef-ea20f93dc713,2026-08-26T14:10:32-03:00
300c0bb2-1f6c-4308-9e85-249d8a11a277,2026-08-26T14:34:07-03:00
3ec98084-12f3-4656-a538-46d59d4fe3c5,2026-08-26T14:37:33-03:00
5785a9d6-6ebe-4fde-b637-7575849d5fb5,2026-08-26T14:48:45-03:00
a5200934-c28b-4403-a587-99c447caf120,2026-08-26T14:50:55-03:00
c58f53fe-c900-41d1-848b-d586fb2d953b,2026-08-26T15:29:02-03:00
133e6f3e-a4eb-4f09-b051-1afb687dad4f,2026-08-26T15:40:36-03:00
86c56b5e-359a-4221-b7d0-3162eeae05bc,2026-08-26T15:49:46-03:00
4e6d95b1-b84c-47ea-8882-55bbdfbb7a52,2026-08-26T15:51:19-03:00
86b79e85-dad9-4895-87d9-df9eafa9ab32,2026-08-26T16:41:32-03:00
050b3afe-ff51-47fa-83bd-6e6c004d8b32,2026-08-26T17:07:40-03:00
4537575d-3e72-4359-aa46-c26b20a32b08,2026-08-26T17:38:05-03:00
26d1fbd7-76dc-4672-9547-ab1a24edc02d,2026-08-26T18:05:26-03:00
81eb2192-b6f9-48f5-bc82-461677369b11,2026-08-26T18:32:09-03:00
c3efdaec-5835-48e8-969d-6ca021b28cbd,2026-08-26T18:38:20-03:00
86b79e85-dad9-4895-87d9-df9eafa9ab32,2026-08-26T19:05:41-03:00
954a9718-c280-479c-bbb0-784a272b1d0f,2026-08-26T19:06:52-03:00
af1c0d20-dffc-477a-87ac-045e7e90165a,2026-08-26T19:07:25-03:00
64c553e9-120c-4401-8a5f-29609abfbe42,2026-08-26T19:24:08-03:00
a086891f-d6ab-4709-a303-75ef4c56512f,2026-08-26T19:28:54-03:00
701d5d6c-29a3-4f99-88ab-9ad29e236345,2026-08-26T19:32:31-03:00
63a65720-bb80-475d-b2da-94c4c313c0b5,2026-08-26T19:33:52-03:00
987a1c42-fa45-4b9a-8188-4b006df76679,2026-08-26T19:35:12-03:00
300c0bb2-1f6c-4308-9e85-249d8a11a277,2026-08-26T19:45:13-03:00
17e569ff-b707-4edb-8046-ad4771c3c962,2026-08-26T19:47:30-03:00
ee7e19bd-1403-419f-bbbb-593a0848befc,2026-08-26T19:52:16-03:00
b9a7b147-c815-4b76-a46a-a5f0d965ef5f,2026-08-26T19:54:18-03:00
37d86361-2ccf-43c9-94e2-574ffb8efe85,2026-08-26T19:56:59-03:00
2198e7b7-1971-466d-8051-1f36e7a71b9a,2026-08-26T19:57:16-03:00
f71673ba-2970-4f51-8bb2-abdbda8675cd,2026-08-26T20:02:48-03:00
a2ba3863-a98c-4cad-a126-e80e8c7cde7a,2026-08-26T20:35:02-03:00
62fa174e-75a1-44a6-bc9c-3a9184ea89be,2026-08-26T20:42:08-03:00
fcf632f0-dab7-45ac-9220-74d216a8390d,2026-08-26T20:51:28-03:00
674bbcbe-427e-4d47-998b-dfbfaae16381,2026-08-26T20:53:01-03:00
626b5de9-c568-42f1-b9e5-974228c7e642,2026-08-26T20:54:57-03:00
06ba7f3d-7938-4082-909c-3df14c35ff73,2026-08-26T20:59:36-03:00
e169f77f-4018-4d94-8684-72cf414ea2a4,2026-08-26T21:08:43-03:00
2c547b7c-7de5-429d-9f58-156dd1928fca,2026-08-26T21:09:51-03:00
175cfd69-c02f-4d98-b426-9d7fa134f4a8,2026-08-26T21:15:17-03:00
3ff0c8f1-c848-4b97-8f03-11f82d2d24ae,2026-08-26T21:15:43-03:00
6eed1d6d-8a1b-4e89-8969-e546c8c50e9d,2026-08-26T21:32:13-03:00
af7a70a9-3d3c-4023-b3e3-549673c64c85,2026-08-26T21:56:44-03:00
129337b7-3d85-477c-b37f-5c680be7a119,2026-08-26T22:03:13-03:00
d254e996-2363-4025-9c3e-7cc48327196e,2026-08-26T22:16:51-03:00
b6a33dd7-5a14-4a50-b2f2-1ed5ff13aa3d,2026-08-26T22:47:09-03:00
3ac808ca-a57b-47d1-9826-72a6e9d84810,2026-08-27T06:40:31-03:00
bc6115c8-f4b7-40c9-bc9a-f69f90036ab0,2026-08-27T07:13:50-03:00
66ef1093-5907-4924-ab21-56e5b7e22cb1,2026-08-27T07:15:32-03:00
b7c259ff-57be-4f82-b403-07a28d29aa68,2026-08-27T07:39:06-03:00
914ad948-05cc-48b2-af17-72a63ca5ba14,2026-08-27T07:41:04-03:00
d19af899-bb0c-4ced-9909-1643d0cd7f7c,2026-08-27T07:49:09-03:00
7b4f8c5b-7741-460d-9321-be16495e8fd9,2026-08-27T07:55:36-03:00
5a6329da-c0e5-4791-ac77-7503d82554ea,2026-08-27T08:07:50-03:00
9718b411-0759-4cc4-a90f-4de4e78c4690,2026-08-27T08:14:55-03:00
97895d21-a8d3-4f7c-bdd2-63f108fc1a8d,2026-08-27T08:21:50-03:00
40e5a92b-c727-4879-a65e-b8e5f046f7db,2026-08-27T08:29:43-03:00
713a6f71-65b2-49f8-8851-982b335a76f3,2026-08-27T08:33:38-03:00
a2e870b4-9f0b-47e8-9b94-3b99e8a94845,2026-08-27T08:38:16-03:00
4efa166e-94e8-484e-9ee8-66403a183164,2026-08-27T08:46:34-03:00
88373c7c-1d43-4882-bfc9-dde5b45f3d27,2026-08-27T08:56:37-03:00
ba6c08b6-b16a-41e1-a462-9d5c621b71a7,2026-08-27T09:01:55-03:00
0a1bf5c0-04bf-4fb4-8261-ecdbc80298a8,2026-08-27T09:19:14-03:00
d19af899-bb0c-4ced-9909-1643d0cd7f7c,2026-08-27T09:23:54-03:00
12662e6b-2068-415f-966e-e3ada53c8185,2026-08-27T09:27:00-03:00
33e39822-e9b8-4cf7-b89b-7c9cf580087a,2026-08-27T09:51:56-03:00
c8995bc6-1b20-42e7-a5eb-9d16482081bf,2026-08-27T09:55:19-03:00
df13cbb0-d954-4cf6-8987-7b0389cf03ae,2026-08-27T09:58:15-03:00
400ffd1f-2a42-46c1-a7c9-623c3ca07a97,2026-08-27T10:01:20-03:00
be314718-d6d3-410e-a74a-6aa76618456e,2026-08-27T10:36:52-03:00
6aec4faa-8aea-4773-a9a0-2e49ca3d83fd,2026-08-27T10:56:20-03:00
5d1b11a1-4118-4e2c-8702-1d81810c3c60,2026-08-27T11:00:40-03:00
88373c7c-1d43-4882-bfc9-dde5b45f3d27,2026-08-27T11:16:56-03:00
f3689675-9c1e-40ec-857c-0898d5b47de8,2026-08-27T11:18:22-03:00
25b0935a-b37b-4003-9fc9-8e197f351e42,2026-08-27T11:22:54-03:00
26d1fbd7-76dc-4672-9547-ab1a24edc02d,2026-08-27T12:04:43-03:00
7b4f8c5b-7741-460d-9321-be16495e8fd9,2026-08-27T12:09:15-03:00
8e4207fd-a513-4999-b9f5-267b7662f66d,2026-08-27T12:14:06-03:00
b7c259ff-57be-4f82-b403-07a28d29aa68,2026-08-27T12:33:00-03:00
40e5a92b-c727-4879-a65e-b8e5f046f7db,2026-08-27T12:43:39-03:00
fdbe4621-4a25-43ca-9bac-8a603281ff15,2026-08-27T12:55:51-03:00
04a7823c-75fa-4198-bd66-879a5d2019de,2026-08-27T13:06:04-03:00
6a12ff42-a5a7-4e83-9cde-15d2eee4193c,2026-08-27T13:26:55-03:00
c6356017-0820-4f21-8406-1a4f08ca48a4,2026-08-27T13:27:24-03:00
ffab5aab-8c70-4b8a-8783-354343c5eedd,2026-08-27T13:45:08-03:00
129337b7-3d85-477c-b37f-5c680be7a119,2026-08-27T13:52:37-03:00
9483f44e-8fa7-4c8a-a52c-8ee9ea41b115,2026-08-27T13:53:31-03:00
9d71a8eb-0c4b-4edc-bf8a-6a0bbc1da7ab,2026-08-27T14:18:49-03:00
04a7823c-75fa-4198-bd66-879a5d2019de,2026-08-27T14:34:00-03:00
6aec4faa-8aea-4773-a9a0-2e49ca3d83fd,2026-08-27T14:41:23-03:00
a797facd-97b8-4d7c-814c-832665dff6ae,2026-08-27T14:55:41-03:00
8e4e5496-10b9-40a0-935a-54aaf7300eb5,2026-08-27T15:08:12-03:00
6512b278-cf67-47cf-9508-c0646ca624a3,2026-08-27T15:15:45-03:00
c58f53fe-c900-41d1-848b-d586fb2d953b,2026-08-27T15:18:45-03:00
25b0935a-b37b-4003-9fc9-8e197f351e42,2026-08-27T15:34:05-03:00
360dbb7d-938f-4118-8f15-d8497b7041e1,2026-08-27T16:20:47-03:00
91c26aed-c3b4-4d82-ad2f-04dac1fc8d94,2026-08-27T16:23:14-03:00
fb30db7b-63d2-419f-9710-1efd105a6b96,2026-08-27T16:25:06-03:00
12662e6b-2068-415f-966e-e3ada53c8185,2026-08-27T16:25:50-03:00
e8de25ab-e07d-49fe-b6ff-055c75945578,2026-08-27T16:33:35-03:00
e803e5c6-858d-45f5-b09b-7935ad19ee74,2026-08-27T16:34:09-03:00
c9bc0a35-47cd-4533-85a2-f38050bf398c,2026-08-27T16:37:56-03:00
246e9c60-87ce-4e05-91ea-50ec6b353fe0,2026-08-27T17:35:41-03:00
53b128e5-4019-4949-bd7b-e94a23e14fe3,2026-08-27T17:55:49-03:00
5743afa0-3d18-4002-8e5b-51d30468a9ed,2026-08-27T18:08:17-03:00
bc6115c8-f4b7-40c9-bc9a-f69f90036ab0,2026-08-27T18:14:18-03:00
9718b411-0759-4cc4-a90f-4de4e78c4690,2026-08-27T18:16:35-03:00
8b357f63-c24d-4122-a745-b3a624e7d951,2026-08-27T18:51:54-03:00
693486f5-1cb4-46ab-bd7c-85ca30bd1527,2026-08-27T18:59:19-03:00
0a1bf5c0-04bf-4fb4-8261-ecdbc80298a8,2026-08-27T19:03:23-03:00
e4aa20fd-17ad-4ef4-b1dc-61fcb6c7110d,2026-08-27T19:14:21-03:00
546ea297-df74-4181-a16e-8a600feea3a7,2026-08-27T19:14:50-03:00
27261032-9603-4799-afc5-2a00d9d493e9,2026-08-27T19:19:46-03:00
17f56689-36c5-4349-8c1f-604553aa5a36,2026-08-27T19:29:16-03:00
f3ac1b9c-dc38-45a9-ba14-a9442e0ee2ab,2026-08-27T19:38:12-03:00
b6929d99-2355-4df5-a1d4-ee3057f8f8ba,2026-08-27T19:38:27-03:00
cf694a1e-cbc9-4f6e-8eef-ea20f93dc713,2026-08-27T19:42:25-03:00
b9ac272c-142f-4eaa-b923-c53f04496401,2026-08-27T19:47:33-03:00
3743a7f0-afdd-4331-ba16-86ca4be7fdce,2026-08-27T20:00:31-03:00
53b128e5-4019-4949-bd7b-e94a23e14fe3,2026-08-27T20:02:42-03:00
be314718-d6d3-410e-a74a-6aa76618456e,2026-08-27T20:02:48-03:00
a22e90de-9f69-465f-bc31-86af1edbc160,2026-08-27T20:17:35-03:00
a34a6f47-3f1b-4fc7-8a9d-26ccb31c813f,2026-08-27T20:17:37-03:00
5743afa0-3d18-4002-8e5b-51d30468a9ed,2026-08-27T20:25:56-03:00
5d636e3a-1e10-4161-ad9f-250d1e15ad07,2026-08-27T20:26:53-03:00
20048baf-fc52-4f1e-bc08-a8b2ab8c8fe6,2026-08-27T20:41:34-03:00
ab1a4c26-8dd9-4508-805b-030c7630e2f2,2026-08-27T20:41:37-03:00
3ff03678-ef66-40b7-817f-75ddf5870243,2026-08-27T20:52:29-03:00
838c36ad-c1b7-4c32-ad3f-b3730974a00d,2026-08-27T20:53:39-03:00
001481aa-8661-4c80-a221-7d0c40fd0dea,2026-08-27T21:26:23-03:00
13eea0b3-4d75-4a9c-853e-c7e4decf01f2,2026-08-27T21:31:32-03:00
7bd4e04f-d0a6-4128-9aff-7ed948770493,2026-08-27T21:55:43-03:00
824a7c61-0bbb-46e3-87bf-4b48cc63793e,2026-08-27T21:58:22-03:00
55010fbd-a4a3-4dd6-83b4-9e43de35bf83,2026-08-27T22:24:08-03:00
7f9ba79f-545c-4529-a340-cd6449271b7a,2026-08-27T22:31:08-03:00
0360e35a-0379-4ff2-a7ca-4b2353e2d129,2026-08-27T22:42:38-03:00
fc160c5b-5da4-4901-9d7c-9fd85712be19,2026-08-27T22:57:17-03:00
6a12ff42-a5a7-4e83-9cde-15d2eee4193c,2026-08-27T23:48:22-03:00
b9a7b147-c815-4b76-a46a-a5f0d965ef5f,2026-08-28T06:46:02-03:00
3ee0951e-a424-4546-9803-47dbae958b8f,2026-08-28T07:04:11-03:00
f3689675-9c1e-40ec-857c-0898d5b47de8,2026-08-28T07:08:28-03:00
f7b74bb2-3821-4209-9eac-cacf1d407f69,2026-08-28T07:08:42-03:00
0571a628-58b5-4e94-a85c-76b4d1be06f2,2026-08-28T07:12:19-03:00
6f4ade15-5e94-4f9e-9a8a-0720d4bce02a,2026-08-28T07:19:09-03:00
97dc6616-185f-41d9-8051-fc93f7a26837,2026-08-28T07:34:08-03:00
dfee5d1f-d60a-4c28-a75d-0cd2b3e54da1,2026-08-28T08:01:48-03:00
83a5bb64-0113-4f1a-89de-2963095c9274,2026-08-28T08:09:28-03:00
d89621a1-5037-4797-9e55-38fe6e5fc933,2026-08-28T08:14:21-03:00
f3ac1b9c-dc38-45a9-ba14-a9442e0ee2ab,2026-08-28T08:28:35-03:00
a31ed329-2aa6-424d-9c9b-7a85bcf6951c,2026-08-28T08:29:00-03:00
e8de25ab-e07d-49fe-b6ff-055c75945578,2026-08-28T08:30:25-03:00
afd25cdc-8200-4c75-a7b3-d828005d8b2f,2026-08-28T08:33:51-03:00
e4b61e98-a580-43e7-bd42-77e61e7dee6c,2026-08-28T08:39:17-03:00
fc4dec09-64fb-46e0-85ae-59c5db864719,2026-08-28T08:44:25-03:00
a6a1e65d-8b81-4ad0-b57d-b5dc550a4d1a,2026-08-28T08:53:58-03:00
4b2c7017-ddfa-4dad-8fc5-e8fd35a235d7,2026-08-28T09:02:10-03:00
e88174ed-c99e-46c1-bb9a-b9382febd3b0,2026-08-28T09:18:56-03:00
8cd3e480-4058-46e3-84a1-8ea19728c3be,2026-08-28T09:20:38-03:00
133e6f3e-a4eb-4f09-b051-1afb687dad4f,2026-08-28T09:23:15-03:00
693486f5-1cb4-46ab-bd7c-85ca30bd1527,2026-08-28T09:27:26-03:00
8d29dfa3-a0a9-4dee-b7b4-d33c6e49ddd4,2026-08-28T09:44:24-03:00
8e4e5496-10b9-40a0-935a-54aaf7300eb5,2026-08-28T09:53:00-03:00
468123e3-2f79-46a1-8cf6-640ccd9ce86f,2026-08-28T10:35:40-03:00
fdbe4621-4a25-43ca-9bac-8a603281ff15,2026-08-28T10:44:49-03:00
df13cbb0-d954-4cf6-8987-7b0389cf03ae,2026-08-28T11:06:31-03:00
5634f9b6-edd0-4bfa-b48a-d2a2c1bf94e8,2026-08-28T11:08:30-03:00
a2e870b4-9f0b-47e8-9b94-3b99e8a94845,2026-08-28T11:18:46-03:00
70a51575-c911-4186-b366-d8d963dde7a0,2026-08-28T11:35:18-03:00
bfe9472b-9197-4fa9-b4ed-8249cfaaa5d3,2026-08-28T11:49:59-03:00
37d86361-2ccf-43c9-94e2-574ffb8efe85,2026-08-28T12:00:00-03:00
df13cbb0-d954-4cf6-8987-7b0389cf03ae,2026-08-28T12:04:24-03:00
4efa166e-94e8-484e-9ee8-66403a183164,2026-08-28T12:09:12-03:00
4a78ff1b-a832-4d8c-ad9d-f3a7fc3b78c9,2026-08-28T12:09:26-03:00
53b128e5-4019-4949-bd7b-e94a23e14fe3,2026-08-28T12:26:42-03:00
edb92465-fcdb-4d82-9302-295ccd0d8686,2026-08-28T12:27:39-03:00
0963027b-315c-450e-8c3a-74550ffa10ef,2026-08-28T12:42:01-03:00
b313c44a-8a3d-403f-bd36-6170c9a4d412,2026-08-28T12:54:37-03:00
33cfefba-e906-464c-854d-25679d6ef852,2026-08-28T12:54:47-03:00
b9a7b147-c815-4b76-a46a-a5f0d965ef5f,2026-08-28T12:54:49-03:00
e06e4bfa-990a-4455-9071-a255e525ddf2,2026-08-28T12:57:53-03:00
5743afa0-3d18-4002-8e5b-51d30468a9ed,2026-08-28T13:50:37-03:00
1c04bcec-4168-4c92-a401-8c35e4667b1b,2026-08-28T13:50:48-03:00
86c56b5e-359a-4221-b7d0-3162eeae05bc,2026-08-28T13:54:42-03:00
64c553e9-120c-4401-8a5f-29609abfbe42,2026-08-28T13:59:23-03:00
8175ace9-f5d9-4f3b-b376-53e3af9521a1,2026-08-28T14:28:16-03:00
133e6f3e-a4eb-4f09-b051-1afb687dad4f,2026-08-28T14:37:36-03:00
01c29932-843e-4157-a36f-ed9d51cbd85d,2026-08-28T14:41:37-03:00
cd25610d-4679-45a0-895b-933d66b183d1,2026-08-28T14:47:17-03:00
faaaf95c-b4d5-4c31-a41c-7f2aad53a4a5,2026-08-28T14:50:50-03:00
d19af899-bb0c-4ced-9909-1643d0cd7f7c,2026-08-28T15:19:45-03:00
fb30db7b-63d2-419f-9710-1efd105a6b96,2026-08-28T15:44:24-03:00
c6356017-0820-4f21-8406-1a4f08ca48a4,2026-08-28T15:45:11-03:00
1123a13c-393f-4d29-acd4-e86555870c25,2026-08-28T16:05:11-03:00
3743a7f0-afdd-4331-ba16-86ca4be7fdce,2026-08-28T16:58:21-03:00
debb3c52-ad38-41dc-b901-ee2bf7e72005,2026-08-28T17:02:49-03:00
bc49028d-2f3f-4f93-a6a7-80a0c556f5e1,2026-08-28T17:18:07-03:00
2679a553-1548-4b4f-afc8-8c3217fc1954,2026-08-28T17:20:47-03:00
1c04bcec-4168-4c92-a401-8c35e4667b1b,2026-08-28T17:38:05-03:00
b584720a-c001-408e-9f81-ad6d9cfc73ff,2026-08-28T17:47:26-03:00
171346fe-55d9-4f3a-b276-65d8949cad2e,2026-08-28T17:49:43-03:00
400ffd1f-2a42-46c1-a7c9-623c3ca07a97,2026-08-28T17:56:52-03:00
123f2d21-7fb8-4195-8256-ac26714a80d4,2026-08-28T17:59:53-03:00
d169743e-652c-4fa7-b85b-fc7bedc2de89,2026-08-28T18:18:26-03:00
c5a6684a-0092-4497-b63e-0e80f3d2fc73,2026-08-28T18:21:57-03:00
f9bc69f7-f81c-42ac-b8ab-0a3ebed8496a,2026-08-28T18:22:13-03:00
e06e4bfa-990a-4455-9071-a255e525ddf2,2026-08-28T18:33:17-03:00
d786bdde-e18b-46fc-9e05-201ebef1f85c,2026-08-28T18:48:00-03:00
8175ace9-f5d9-4f3b-b376-53e3af9521a1,2026-08-28T18:50:01-03:00
9718b411-0759-4cc4-a90f-4de4e78c4690,2026-08-28T19:14:02-03:00
6224c4f3-0406-47c6-9bf4-7661eba06211,2026-08-28T19:18:12-03:00
a22e90de-9f69-465f-bc31-86af1edbc160,2026-08-28T19:31:46-03:00
fc4dec09-64fb-46e0-85ae-59c5db864719,2026-08-28T19:33:01-03:00
7a2058c8-a9ea-42d5-94f4-bf3cdbe66c12,2026-08-28T19:41:27-03:00
987a1c42-fa45-4b9a-8188-4b006df76679,2026-08-28T19:41:40-03:00
a63b4b46-7ab4-4473-8f5e-3bb2af2412b4,2026-08-28T19:47:11-03:00
26d1fbd7-76dc-4672-9547-ab1a24edc02d,2026-08-28T19:47:46-03:00
97dc6616-185f-41d9-8051-fc93f7a26837,2026-08-28T19:48:44-03:00
d89621a1-5037-4797-9e55-38fe6e5fc933,2026-08-28T19:50:24-03:00
5743afa0-3d18-4002-8e5b-51d30468a9ed,2026-08-28T19:54:35-03:00
400ffd1f-2a42-46c1-a7c9-623c3ca07a97,2026-08-28T20:00:51-03:00
987a1c42-fa45-4b9a-8188-4b006df76679,2026-08-28T20:09:15-03:00
e8de25ab-e07d-49fe-b6ff-055c75945578,2026-08-28T20:09:31-03:00
097341c9-1abe-4cbe-9633-f4240c77ab57,2026-08-28T20:29:55-03:00
f3ac1b9c-dc38-45a9-ba14-a9442e0ee2ab,2026-08-28T20:32:15-03:00
d790a58f-4a45-4a41-96c9-344084d5d5b4,2026-08-28T20:44:19-03:00
1d418502-22a7-4b6e-9978-0fefc147e915,2026-08-28T20:53:03-03:00
25f70f1e-b4ac-4ce6-b0af-0cff8c6ca7a9,2026-08-28T21:07:13-03:00
baf8b356-a185-4330-848a-8bdc72265a10,2026-08-28T21:08:06-03:00
954a9718-c280-479c-bbb0-784a272b1d0f,2026-08-28T21:10:35-03:00
2494ba8f-73c5-48a3-823b-986b77c853e8,2026-08-28T21:24:55-03:00
8d29dfa3-a0a9-4dee-b7b4-d33c6e49ddd4,2026-08-28T21:27:40-03:00
a2ba3863-a98c-4cad-a126-e80e8c7cde7a,2026-08-28T21:42:43-03:00
a2ba3863-a98c-4cad-a126-e80e8c7cde7a,2026-08-28T21:43:15-03:00
a2ea1fc7-6f8c-4640-85c0-ac9720b088c9,2026-08-28T21:47:51-03:00
d1ac406d-fe9a-44bf-b21c-9d33258e5559,2026-08-28T21:51:58-03:00
04a7823c-75fa-4198-bd66-879a5d2019de,2026-08-28T21:52:23-03:00
8d6104c4-cb32-44fd-a4c2-b4f45f166128,2026-08-28T22:02:29-03:00
2198e7b7-1971-466d-8051-1f36e7a71b9a,2026-08-28T22:31:28-03:00
be314718-d6d3-410e-a74a-6aa76618456e,2026-08-28T22:32:21-03:00
ba6c08b6-b16a-41e1-a462-9d5c621b71a7,2026-08-28T22:43:22-03:00
2c8a5011-91eb-477f-a4c9-bb9e5a91e4be,2026-08-28T22:56:53-03:00
19d6827a-6c3b-4e57-8236-bb763b328799,2026-08-28T22:58:22-03:00
8e4e5496-10b9-40a0-935a-54aaf7300eb5,2026-08-28T23:56:50-03:00
17f56689-36c5-4349-8c1f-604553aa5a36,2026-08-29T06:00:40-03:00
d7b7257f-01d2-40ce-b7fa-46a6a77fc5f9,2026-08-29T06:17:01-03:00
75a25cfe-2388-445e-b4b8-8eecec068396,2026-08-29T06:30:23-03:00
17f56689-36c5-4349-8c1f-604553aa5a36,2026-08-29T06:53:25-03:00
f16dc111-041c-4d2b-89f5-59312798b9a8,2026-08-29T07:02:01-03:00
f75c9fbb-766f-472a-898f-c82a7e708e10,2026-08-29T07:09:19-03:00
f75c9fbb-766f-472a-898f-c82a7e708e10,2026-08-29T07:16:01-03:00
04a7823c-75fa-4198-bd66-879a5d2019de,2026-08-29T07:20:39-03:00
fcf632f0-dab7-45ac-9220-74d216a8390d,2026-08-29T07:34:09-03:00
cddb0c66-a759-4cf8-bec0-0d405bf1ab4b,2026-08-29T07:47:51-03:00
4d6b7e01-be75-435f-9e33-807cb0803562,2026-08-29T07:49:21-03:00
7c1c6639-9fef-4015-8d6d-0e7dbe78e987,2026-08-29T07:52:32-03:00
a34a6f47-3f1b-4fc7-8a9d-26ccb31c813f,2026-08-29T08:03:41-03:00
3a43653f-97dd-419b-8816-76483027349f,2026-08-29T08:23:16-03:00
e06e4bfa-990a-4455-9071-a255e525ddf2,2026-08-29T08:23:38-03:00
123f2d21-7fb8-4195-8256-ac26714a80d4,2026-08-29T08:45:55-03:00
d190f6d4-137f-4787-a68f-37428a06c1d8,2026-08-29T08:47:17-03:00
5a6329da-c0e5-4791-ac77-7503d82554ea,2026-08-29T08:47:20-03:00
7e0aa57f-3b9c-4ac3-9c64-959b7ddb265c,2026-08-29T08:47:25-03:00
6f5d94b5-a9c3-403f-8d38-6bd62e7ec428,2026-08-29T08:52:21-03:00
642ea164-a302-402c-ae4d-4ec15f2cf519,2026-08-29T08:56:01-03:00
701d5d6c-29a3-4f99-88ab-9ad29e236345,2026-08-29T09:02:56-03:00
7ca8f3a7-d1c0-402d-af08-90ce6f598e59,2026-08-29T09:05:32-03:00
1becd6ee-0076-4970-9c82-aa1ab4cb19f4,2026-08-29T09:19:42-03:00
0f8beb1a-84f0-40e8-ace5-4c696d75b31a,2026-08-29T09:33:20-03:00
fc160c5b-5da4-4901-9d7c-9fd85712be19,2026-08-29T09:35:29-03:00
987a1c42-fa45-4b9a-8188-4b006df76679,2026-08-29T09:36:06-03:00
a2ea1fc7-6f8c-4640-85c0-ac9720b088c9,2026-08-29T10:15:05-03:00
4803068d-93ec-47fb-96c4-f8a0c06ddebe,2026-08-29T10:29:41-03:00
95d9fd79-c27b-4406-87b6-ff3292e75385,2026-08-29T10:36:11-03:00
bfe9472b-9197-4fa9-b4ed-8249cfaaa5d3,2026-08-29T10:37:28-03:00
488bfe58-d992-478c-981c-9f5b02344873,2026-08-29T10:55:28-03:00
f5e66b66-35cc-4417-b3ee-67da8b72762c,2026-08-29T10:56:58-03:00
f3689675-9c1e-40ec-857c-0898d5b47de8,2026-08-29T11:08:20-03:00
5683d94c-8c3b-4609-b4e8-e11c81d4fead,2026-08-29T11:14:59-03:00
1d418502-22a7-4b6e-9978-0fefc147e915,2026-08-29T11:34:16-03:00
1b9fe081-7fc4-4cfe-a13e-a6d86ea76128,2026-08-29T11:37:05-03:00
6eed1d6d-8a1b-4e89-8969-e546c8c50e9d,2026-08-29T11:44:08-03:00
123f2d21-7fb8-4195-8256-ac26714a80d4,2026-08-29T11:46:55-03:00
824a7c61-0bbb-46e3-87bf-4b48cc63793e,2026-08-29T11:52:58-03:00
86c56b5e-359a-4221-b7d0-3162eeae05bc,2026-08-29T12:00:37-03:00
129337b7-3d85-477c-b37f-5c680be7a119,2026-08-29T12:21:03-03:00
b64f51fa-8ad4-4a81-bf09-714a2fc3b823,2026-08-29T12:24:42-03:00
fb08f3b4-43f4-4590-946a-30fbd8094881,2026-08-29T12:38:06-03:00
f8ce0f67-48c8-4ccf-b8b1-21159cb64d8f,2026-08-29T12:50:09-03:00
afd25cdc-8200-4c75-a7b3-d828005d8b2f,2026-08-29T12:51:32-03:00
0c435edb-e146-42e3-a87a-b45f1b82e771,2026-08-29T12:59:53-03:00
1d189842-d9c9-4c9d-8f49-c15c3b86a93d,2026-08-29T13:09:00-03:00
bcf1a04a-e328-47be-8bcc-1af572389d59,2026-08-29T13:15:03-03:00
5cef4e91-beb5-41d2-9fa7-806a91139a66,2026-08-29T13:19:49-03:00
dc261513-fa73-40cd-bef0-3aaa2663c23d,2026-08-29T13:32:05-03:00
26c6e325-a8d1-4419-b0b1-3e12ec8058a4,2026-08-29T13:34:06-03:00
89934fab-906f-4bf0-ba46-c9292c0f7870,2026-08-29T13:42:12-03:00
da9ca611-b084-4786-a49c-1c37709e5896,2026-08-29T13:42:23-03:00
468123e3-2f79-46a1-8cf6-640ccd9ce86f,2026-08-29T14:27:40-03:00
400ffd1f-2a42-46c1-a7c9-623c3ca07a97,2026-08-29T14:41:09-03:00
4b71bfa6-41ce-4689-880b-c67a177a3c1c,2026-08-29T14:59:34-03:00
55010fbd-a4a3-4dd6-83b4-9e43de35bf83,2026-08-29T15:02:17-03:00
0a1bf5c0-04bf-4fb4-8261-ecdbc80298a8,2026-08-29T15:07:01-03:00
3ac808ca-a57b-47d1-9826-72a6e9d84810,2026-08-29T15:11:04-03:00
175cfd69-c02f-4d98-b426-9d7fa134f4a8,2026-08-29T15:48:10-03:00
300c0bb2-1f6c-4308-9e85-249d8a11a277,2026-08-29T15:49:00-03:00
ffab5aab-8c70-4b8a-8783-354343c5eedd,2026-08-29T15:51:23-03:00
75a25cfe-2388-445e-b4b8-8eecec068396,2026-08-29T15:54:41-03:00
2494ba8f-73c5-48a3-823b-986b77c853e8,2026-08-29T16:08:54-03:00
1becd6ee-0076-4970-9c82-aa1ab4cb19f4,2026-08-29T16:13:46-03:00
838c36ad-c1b7-4c32-ad3f-b3730974a00d,2026-08-29T16:54:26-03:00
e36ec4f0-03ff-4628-a217-8752c64604c8,2026-08-29T16:54:48-03:00
a5cb5c3b-949e-485b-9799-2f56d096dbb6,2026-08-29T17:01:00-03:00
4537575d-3e72-4359-aa46-c26b20a32b08,2026-08-29T17:08:33-03:00
a81a5af9-195e-4e1a-a42d-4df574b9d5c9,2026-08-29T17:13:42-03:00
4a78ff1b-a832-4d8c-ad9d-f3a7fc3b78c9,2026-08-29T17:54:52-03:00
2e5befb3-57ff-4a4d-8019-5856f458e73e,2026-08-29T17:55:58-03:00
d190f6d4-137f-4787-a68f-37428a06c1d8,2026-08-29T17:56:53-03:00
6f5d94b5-a9c3-403f-8d38-6bd62e7ec428,2026-08-29T18:09:13-03:00
afd25cdc-8200-4c75-a7b3-d828005d8b2f,2026-08-29T18:12:24-03:00
7e0aa57f-3b9c-4ac3-9c64-959b7ddb265c,2026-08-29T18:13:03-03:00
b1ed24c0-4037-4922-b5bb-fd9bc6ec04c9,2026-08-29T18:27:31-03:00
a5cb5c3b-949e-485b-9799-2f56d096dbb6,2026-08-29T18:30:09-03:00
3a6d3f6e-4428-4989-9a3f-a748fda41b68,2026-08-29T19:00:56-03:00
67738df0-4784-4a08-8c9d-f1b8db152f50,2026-08-29T19:10:02-03:00
c9bc0a35-47cd-4533-85a2-f38050bf398c,2026-08-29T19:11:21-03:00
62fa174e-75a1-44a6-bc9c-3a9184ea89be,2026-08-29T19:26:08-03:00
9483f44e-8fa7-4c8a-a52c-8ee9ea41b115,2026-08-29T19:31:37-03:00
0063959e-9d2f-4e89-bdf1-159fa165adda,2026-08-29T19:34:44-03:00
2256b9c7-d1db-4536-ad72-054afd567cb2,2026-08-29T19:37:08-03:00
335d097b-9693-471f-ba8c-bfdf3c35061f,2026-08-29T19:38:22-03:00
d19af899-bb0c-4ced-9909-1643d0cd7f7c,2026-08-29T19:40:04-03:00
1b9fe081-7fc4-4cfe-a13e-a6d86ea76128,2026-08-29T19:42:31-03:00
9d71a8eb-0c4b-4edc-bf8a-6a0bbc1da7ab,2026-08-29T19:48:13-03:00
776b9bf6-d3ae-47bd-930b-c08ed0adb214,2026-08-29T19:51:06-03:00
5785a9d6-6ebe-4fde-b637-7575849d5fb5,2026-08-29T19:51:48-03:00
3a43653f-97dd-419b-8816-76483027349f,2026-08-29T20:01:29-03:00
03ecedfb-fe06-46f2-9974-4b0d4a2bc528,2026-08-29T20:03:27-03:00
5a6329da-c0e5-4791-ac77-7503d82554ea,2026-08-29T20:04:57-03:00
300c0bb2-1f6c-4308-9e85-249d8a11a277,2026-08-29T20:07:32-03:00
8ea2d02d-3431-40f8-a08b-24373c80014d,2026-08-29T20:08:22-03:00
67738df0-4784-4a08-8c9d-f1b8db152f50,2026-08-29T20:08:34-03:00
04a7823c-75fa-4198-bd66-879a5d2019de,2026-08-29T20:12:45-03:00
15045214-2247-4403-b0bf-4f1a9c293447,2026-08-29T20:19:52-03:00
380d1f46-9ae3-4ee4-b603-75a8684d619c,2026-08-29T20:22:56-03:00
e803e5c6-858d-45f5-b09b-7935ad19ee74,2026-08-29T20:28:39-03:00
979675c6-ec4a-4f9a-b0da-f99c0433b845,2026-08-29T20:38:12-03:00
ad653810-09ec-4061-beb5-04c4aa9175ee,2026-08-29T20:38:45-03:00
96bdb30c-dfda-456a-a2a9-f39c084bcdf4,2026-08-29T20:40:15-03:00
d7b7257f-01d2-40ce-b7fa-46a6a77fc5f9,2026-08-29T20:43:42-03:00
a34a6f47-3f1b-4fc7-8a9d-26ccb31c813f,2026-08-29T20:47:43-03:00
9803f12e-248e-4386-96ec-48e0a7e0c0b4,2026-08-29T20:53:51-03:00
9718b411-0759-4cc4-a90f-4de4e78c4690,2026-08-29T20:58:08-03:00
133e6f3e-a4eb-4f09-b051-1afb687dad4f,2026-08-29T20:58:49-03:00
246e9c60-87ce-4e05-91ea-50ec6b353fe0,2026-08-29T20:59:33-03:00
b51c10a8-7f7c-4e7b-ade2-20756dcc0ce7,2026-08-29T21:06:01-03:00
1126057b-bd2b-445d-9c34-368fa4bf8866,2026-08-29T21:06:32-03:00
c7580664-77c5-4166-8723-b6de4ef703ac,2026-08-29T21:09:03-03:00
f5e66b66-35cc-4417-b3ee-67da8b72762c,2026-08-29T21:09:15-03:00
e0131205-9109-4780-afc3-f0aec0b43432,2026-08-29T21:10:13-03:00
ce4dc588-6fac-49fa-87e1-3dae38e8eed5,2026-08-29T21:11:57-03:00
0f8beb1a-84f0-40e8-ace5-4c696d75b31a,2026-08-29T21:13:06-03:00
2c8a5011-91eb-477f-a4c9-bb9e5a91e4be,2026-08-29T21:21:46-03:00
26d1fbd7-76dc-4672-9547-ab1a24edc02d,2026-08-29T21:40:08-03:00
758bfed6-18db-4238-8c97-ae19f442c70e,2026-08-29T21:41:35-03:00
f7b74bb2-3821-4209-9eac-cacf1d407f69,2026-08-29T21:45:48-03:00
129337b7-3d85-477c-b37f-5c680be7a119,2026-08-29T21:49:10-03:00
03658df2-2721-4ff3-aa5e-8bf7925c8add,2026-08-29T21:52:28-03:00
d781854d-bd42-40ef-878f-1fe6d78acf10,2026-08-29T21:52:43-03:00
5f4d93bb-eb45-475a-829f-65479bdf1e3f,2026-08-29T21:57:19-03:00
1abbb612-9208-427e-bfae-1eccac4cfb35,2026-08-29T21:59:08-03:00
dc261513-fa73-40cd-bef0-3aaa2663c23d,2026-08-29T22:01:22-03:00
64059a86-34a3-4500-bdc8-4b605287cbf2,2026-08-29T22:44:21-03:00
7c1c6639-9fef-4015-8d6d-0e7dbe78e987,2026-08-29T22:44:45-03:00
58e9b50a-0816-4b05-a715-b8f069b2ed05,2026-08-29T22:55:33-03:00
4ec0ffb3-a441-4db4-bc08-a66c1ee36107,2026-08-29T22:59:28-03:00
954a9718-c280-479c-bbb0-784a272b1d0f,2026-08-29T23:54:52-03:00
1dec0dd5-4ae7-4baa-8eaa-161a30963e91,2026-08-29T23:55:30-03:00
3a43653f-97dd-419b-8816-76483027349f,2026-08-30T06:23:55-03:00
e803e5c6-858d-45f5-b09b-7935ad19ee74,2026-08-30T06:36:40-03:00
6271b391-e2f8-4f56-8d32-f79ae8ddf088,2026-08-30T06:59:50-03:00
4a2020ff-a5f3-4b24-b987-09c6fe7786d4,2026-08-30T07:05:34-03:00
246e9c60-87ce-4e05-91ea-50ec6b353fe0,2026-08-30T07:10:04-03:00
ef710db7-b23f-4f82-bc23-439496d7fbdf,2026-08-30T07:18:17-03:00
d89ac958-867e-41dc-b69a-086b6eabe468,2026-08-30T07:20:50-03:00
b7c2c8d3-2026-49c9-9955-1946d4749338,2026-08-30T07:20:51-03:00
488bfe58-d992-478c-981c-9f5b02344873,2026-08-30T07:25:56-03:00
c5e1ac5d-ad71-4bc7-8105-dcffc3279f9c,2026-08-30T07:28:32-03:00
990fa00a-bbad-4894-8b31-69f866efb5ce,2026-08-30T07:30:40-03:00
edf863bb-1bdc-4539-9ddb-5ef04cdde9ba,2026-08-30T07:31:02-03:00
f3689675-9c1e-40ec-857c-0898d5b47de8,2026-08-30T07:35:34-03:00
d786bdde-e18b-46fc-9e05-201ebef1f85c,2026-08-30T07:37:40-03:00
c9bc0a35-47cd-4533-85a2-f38050bf398c,2026-08-30T07:52:40-03:00
b8a18f30-62c6-4681-8a22-6220f351119a,2026-08-30T07:58:31-03:00
88373c7c-1d43-4882-bfc9-dde5b45f3d27,2026-08-30T08:00:36-03:00
5838ef61-70f6-429f-8d61-3b88fa5908e9,2026-08-30T08:01:39-03:00
fc160c5b-5da4-4901-9d7c-9fd85712be19,2026-08-30T08:06:28-03:00
d0afb21c-e136-42c1-83dd-0121d083b2fa,2026-08-30T08:10:29-03:00
8456daf7-dd51-4b97-86e3-e427d5f57842,2026-08-30T08:23:25-03:00
8ea2d02d-3431-40f8-a08b-24373c80014d,2026-08-30T08:25:06-03:00
530b1a00-3091-47a6-b2f4-697153a29902,2026-08-30T08:25:19-03:00
d7b7257f-01d2-40ce-b7fa-46a6a77fc5f9,2026-08-30T08:27:19-03:00
9c4372c0-b901-4fe2-8d89-083d69e390af,2026-08-30T08:37:06-03:00
3f9fe139-99a1-47a5-b02f-a796ffd2aa10,2026-08-30T08:37:40-03:00
8b357f63-c24d-4122-a745-b3a624e7d951,2026-08-30T08:38:07-03:00
c39cc65a-0bf5-4036-87d6-f52aad2a005e,2026-08-30T08:48:23-03:00
401a0b87-0156-48ce-8883-75abe3c366dc,2026-08-30T08:48:54-03:00
a2ea1fc7-6f8c-4640-85c0-ac9720b088c9,2026-08-30T08:51:58-03:00
001481aa-8661-4c80-a221-7d0c40fd0dea,2026-08-30T08:58:26-03:00
310ea5c5-a61e-4447-ad52-038a7276794d,2026-08-30T08:59:51-03:00
47f3759f-c05d-4700-9354-e9cbea6907c1,2026-08-30T09:06:27-03:00
d7b7257f-01d2-40ce-b7fa-46a6a77fc5f9,2026-08-30T09:11:39-03:00
3074b4d6-0aed-43e5-bd97-04f4487c4543,2026-08-30T09:13:41-03:00
8e4e5496-10b9-40a0-935a-54aaf7300eb5,2026-08-30T09:24:34-03:00
fcfada1b-f44b-49de-998d-dd6247a49881,2026-08-30T09:30:10-03:00
7e2881f9-c700-491c-b935-76ce042b839b,2026-08-30T09:30:26-03:00
4e6d95b1-b84c-47ea-8882-55bbdfbb7a52,2026-08-30T09:39:36-03:00
a2ba3863-a98c-4cad-a126-e80e8c7cde7a,2026-08-30T10:20:19-03:00
cfb18594-1f06-4914-8e4b-85991b12895b,2026-08-30T10:42:49-03:00
9e7efe95-51f6-487e-bb82-7e9777e80193,2026-08-30T10:49:03-03:00
cc5aff6d-c56e-44ff-877c-54bba590fb55,2026-08-30T10:54:14-03:00
742e5b4b-7ead-4aa7-a9a1-5d385a35e348,2026-08-30T10:57:52-03:00
701d5d6c-29a3-4f99-88ab-9ad29e236345,2026-08-30T11:01:25-03:00
171346fe-55d9-4f3a-b276-65d8949cad2e,2026-08-30T11:16:12-03:00
58e9b50a-0816-4b05-a715-b8f069b2ed05,2026-08-30T11:22:30-03:00
b9a7b147-c815-4b76-a46a-a5f0d965ef5f,2026-08-30T11:31:19-03:00
070127a1-c98c-4140-b09a-f87482f52384,2026-08-30T11:39:34-03:00
987a1c42-fa45-4b9a-8188-4b006df76679,2026-08-30T11:52:49-03:00
401a0b87-0156-48ce-8883-75abe3c366dc,2026-08-30T11:58:21-03:00
7567df4c-ce25-4213-b1f1-5860b29db2cc,2026-08-30T12:07:31-03:00
4599f02b-432c-4c24-89a5-24d383c71e75,2026-08-30T12:08:46-03:00
4e6d95b1-b84c-47ea-8882-55bbdfbb7a52,2026-08-30T12:30:43-03:00
852cc580-9cf4-4de2-8fa3-d1a506a4aaa0,2026-08-30T12:32:25-03:00
954a9718-c280-479c-bbb0-784a272b1d0f,2026-08-30T12:45:28-03:00
31b7e580-7030-4bc6-8d59-8e23d5e9e8c0,2026-08-30T13:02:44-03:00
9c4372c0-b901-4fe2-8d89-083d69e390af,2026-08-30T13:13:04-03:00
68b5711a-cdd4-42df-b956-2992d25a04ef,2026-08-30T13:41:25-03:00
171346fe-55d9-4f3a-b276-65d8949cad2e,2026-08-30T13:56:13-03:00
5785a9d6-6ebe-4fde-b637-7575849d5fb5,2026-08-30T14:05:16-03:00
53b128e5-4019-4949-bd7b-e94a23e14fe3,2026-08-30T14:06:58-03:00
b9a7b147-c815-4b76-a46a-a5f0d965ef5f,2026-08-30T14:07:07-03:00
658472a8-0e3d-4598-8eae-37f86a769186,2026-08-30T14:13:40-03:00
fc160c5b-5da4-4901-9d7c-9fd85712be19,2026-08-30T14:21:04-03:00
4efa166e-94e8-484e-9ee8-66403a183164,2026-08-30T14:30:59-03:00
8e81c4a0-72a2-422a-8340-4766e58b612c,2026-08-30T14:54:49-03:00
81eb2192-b6f9-48f5-bc82-461677369b11,2026-08-30T15:03:53-03:00
6224c4f3-0406-47c6-9bf4-7661eba06211,2026-08-30T15:06:42-03:00
cddb0c66-a759-4cf8-bec0-0d405bf1ab4b,2026-08-30T15:16:22-03:00
47f3759f-c05d-4700-9354-e9cbea6907c1,2026-08-30T15:22:46-03:00
86d8cbc1-4132-415e-b5d1-669c87b15536,2026-08-30T15:30:42-03:00
277cc565-3546-4009-accd-9cabfc7aea6a,2026-08-30T16:10:32-03:00
4537575d-3e72-4359-aa46-c26b20a32b08,2026-08-30T16:12:48-03:00
1dec0dd5-4ae7-4baa-8eaa-161a30963e91,2026-08-30T16:19:19-03:00
16416905-7ecb-47fa-8cd0-4b1e60d9a70b,2026-08-30T16:20:54-03:00
5ff3d90a-37b1-4d9d-9fa5-95c79daaae38,2026-08-30T17:05:15-03:00
745c5ac7-3469-496f-b90c-a779ffd662ae,2026-08-30T17:13:42-03:00
7198f3bb-647c-4e8f-a60f-442671556353,2026-08-30T17:21:50-03:00
ca562769-23f1-4a2c-a696-9383438f8306,2026-08-30T18:02:23-03:00
47881c91-83a5-4062-adff-f9c9fd8273d7,2026-08-30T18:07:46-03:00
cc5aff6d-c56e-44ff-877c-54bba590fb55,2026-08-30T18:13:56-03:00
1b9fe081-7fc4-4cfe-a13e-a6d86ea76128,2026-08-30T18:18:09-03:00
5d1b11a1-4118-4e2c-8702-1d81810c3c60,2026-08-30T18:20:26-03:00
c2c6c6da-ba55-4225-908a-b5248ca6c137,2026-08-30T18:23:01-03:00
bd3de0ea-abd0-41b5-a886-778fe3251ae0,2026-08-30T18:26:15-03:00
ef710db7-b23f-4f82-bc23-439496d7fbdf,2026-08-30T18:29:41-03:00
16416905-7ecb-47fa-8cd0-4b1e60d9a70b,2026-08-30T18:33:53-03:00
2198e7b7-1971-466d-8051-1f36e7a71b9a,2026-08-30T18:41:44-03:00
d254e996-2363-4025-9c3e-7cc48327196e,2026-08-30T18:47:55-03:00
914ad948-05cc-48b2-af17-72a63ca5ba14,2026-08-30T19:05:17-03:00
64059a86-34a3-4500-bdc8-4b605287cbf2,2026-08-30T19:05:34-03:00
55010fbd-a4a3-4dd6-83b4-9e43de35bf83,2026-08-30T19:13:02-03:00
e9e55568-4c3b-497d-aa0c-d932c05e3d96,2026-08-30T19:16:40-03:00
8b3cf516-5450-4d24-a68a-bfcc36f33067,2026-08-30T19:35:00-03:00
123f2d21-7fb8-4195-8256-ac26714a80d4,2026-08-30T19:35:41-03:00
300c0bb2-1f6c-4308-9e85-249d8a11a277,2026-08-30T19:42:37-03:00
68b5711a-cdd4-42df-b956-2992d25a04ef,2026-08-30T19:47:19-03:00
133e6f3e-a4eb-4f09-b051-1afb687dad4f,2026-08-30T19:51:33-03:00
335d097b-9693-471f-ba8c-bfdf3c35061f,2026-08-30T19:54:41-03:00
e8461fd8-c033-47a2-a2b9-63ec8d6e4271,2026-08-30T20:03:02-03:00
eed6bc1c-63a7-4605-8a76-a38dddc9b5a1,2026-08-30T20:10:15-03:00
5634f9b6-edd0-4bfa-b48a-d2a2c1bf94e8,2026-08-30T20:13:55-03:00
4a2020ff-a5f3-4b24-b987-09c6fe7786d4,2026-08-30T20:16:15-03:00
ee713c93-fdc1-448c-86a9-d2f6af327b49,2026-08-30T20:30:12-03:00
693486f5-1cb4-46ab-bd7c-85ca30bd1527,2026-08-30T20:34:15-03:00
59a45fb1-e020-4768-96a5-e70ba44c522d,2026-08-30T20:35:10-03:00
5785a9d6-6ebe-4fde-b637-7575849d5fb5,2026-08-30T20:51:50-03:00
2256b9c7-d1db-4536-ad72-054afd567cb2,2026-08-30T21:04:51-03:00
94572e5a-a884-43b4-b0c0-3dd41add70ed,2026-08-30T21:08:48-03:00
55010fbd-a4a3-4dd6-83b4-9e43de35bf83,2026-08-30T21:12:34-03:00
e4994f3b-f44a-4bfc-a4ee-ef8fc12f9cbe,2026-08-30T21:28:03-03:00
d786bdde-e18b-46fc-9e05-201ebef1f85c,2026-08-30T21:36:38-03:00
58e9b50a-0816-4b05-a715-b8f069b2ed05,2026-08-30T21:40:23-03:00
dd31392f-7950-44a4-af42-c8a615706f7b,2026-08-30T21:42:27-03:00
507bb5cb-6426-477c-accd-78625b80cd14,2026-08-30T21:45:52-03:00
fcfada1b-f44b-49de-998d-dd6247a49881,2026-08-30T21:48:03-03:00
94def69b-2b19-47f8-9cc1-dcd995febd4f,2026-08-30T21:48:41-03:00
a3882624-2f38-4aac-afb0-a231f18866b5,2026-08-30T21:54:31-03:00
2ce49497-d69f-432a-8cd1-8d025a15d84a,2026-08-30T21:58:59-03:00
dc6c60b4-42a9-4bb4-8563-b575c024d2d0,2026-08-30T22:16:59-03:00
64059a86-34a3-4500-bdc8-4b605287cbf2,2026-08-30T22:38:46-03:00
5683d94c-8c3b-4609-b4e8-e11c81d4fead,2026-08-30T22:55:14-03:00
e8461fd8-c033-47a2-a2b9-63ec8d6e4271,2026-08-30T22:57:02-03:00
3f9fe139-99a1-47a5-b02f-a796ffd2aa10,2026-08-30T23:47:05-03:00
745c5ac7-3469-496f-b90c-a779ffd662ae,2026-08-31T06:45:02-03:00
fcff47c9-85c9-4b47-ac8c-990c030f8498,2026-08-31T06:48:54-03:00
fcf632f0-dab7-45ac-9220-74d216a8390d,2026-08-31T06:50:08-03:00
47833223-98ea-4e00-bfc1-11f99ea76662,2026-08-31T07:00:54-03:00
3ff03678-ef66-40b7-817f-75ddf5870243,2026-08-31T07:11:20-03:00
2c547b7c-7de5-429d-9f58-156dd1928fca,2026-08-31T07:15:59-03:00
3ddc7eeb-0f87-41fa-9849-5c63625f19b4,2026-08-31T07:36:45-03:00
17f56689-36c5-4349-8c1f-604553aa5a36,2026-08-31T07:51:44-03:00
5d1b11a1-4118-4e2c-8702-1d81810c3c60,2026-08-31T07:51:53-03:00
246e9c60-87ce-4e05-91ea-50ec6b353fe0,2026-08-31T08:06:36-03:00
cddb0c66-a759-4cf8-bec0-0d405bf1ab4b,2026-08-31T08:17:03-03:00
4efa166e-94e8-484e-9ee8-66403a183164,2026-08-31T08:20:23-03:00
674bbcbe-427e-4d47-998b-dfbfaae16381,2026-08-31T08:20:38-03:00
62fa174e-75a1-44a6-bc9c-3a9184ea89be,2026-08-31T08:21:51-03:00
cddb0c66-a759-4cf8-bec0-0d405bf1ab4b,2026-08-31T08:27:47-03:00
17f56689-36c5-4349-8c1f-604553aa5a36,2026-08-31T08:32:44-03:00
d786bdde-e18b-46fc-9e05-201ebef1f85c,2026-08-31T08:47:51-03:00
89bc8120-2e60-401c-b3cf-d9c3bf263bb3,2026-08-31T08:50:27-03:00
b584720a-c001-408e-9f81-ad6d9cfc73ff,2026-08-31T08:57:03-03:00
7bd4e04f-d0a6-4128-9aff-7ed948770493,2026-08-31T09:00:26-03:00
945d32af-2611-4fb8-b931-e83ec0454ad9,2026-08-31T09:19:43-03:00
400ffd1f-2a42-46c1-a7c9-623c3ca07a97,2026-08-31T09:34:36-03:00
15045214-2247-4403-b0bf-4f1a9c293447,2026-08-31T09:47:22-03:00
7a2058c8-a9ea-42d5-94f4-bf3cdbe66c12,2026-08-31T10:07:08-03:00
fb08f3b4-43f4-4590-946a-30fbd8094881,2026-08-31T10:10:51-03:00
85a4ba4f-c929-4499-9241-55b327e471d6,2026-08-31T10:20:44-03:00
b3010f1e-1097-4583-90c4-c22e1bbd666f,2026-08-31T10:22:10-03:00
954a9718-c280-479c-bbb0-784a272b1d0f,2026-08-31T10:40:45-03:00
b215dedb-270b-4a72-973d-aa6cf9d6d9fe,2026-08-31T10:58:09-03:00
26d1fbd7-76dc-4672-9547-ab1a24edc02d,2026-08-31T11:01:53-03:00
5683d94c-8c3b-4609-b4e8-e11c81d4fead,2026-08-31T11:53:26-03:00
cbbcf8c0-c10e-4a2e-8f73-d45930317336,2026-08-31T12:10:54-03:00
86c56b5e-359a-4221-b7d0-3162eeae05bc,2026-08-31T12:11:22-03:00
bfae6158-8749-4142-b18b-8e1db3e10de9,2026-08-31T12:28:02-03:00
a34a6f47-3f1b-4fc7-8a9d-26ccb31c813f,2026-08-31T12:30:00-03:00
3bd59652-4c13-4673-bf18-180626a28b54,2026-08-31T12:33:11-03:00
531f8674-2534-4f20-beaa-aa4d9e202d2e,2026-08-31T12:35:40-03:00
0c435edb-e146-42e3-a87a-b45f1b82e771,2026-08-31T12:52:47-03:00
b60bbd7d-8c43-4dee-bef9-136f66093c73,2026-08-31T13:01:12-03:00
89bc8120-2e60-401c-b3cf-d9c3bf263bb3,2026-08-31T13:01:27-03:00
531f8674-2534-4f20-beaa-aa4d9e202d2e,2026-08-31T13:40:24-03:00
68b5711a-cdd4-42df-b956-2992d25a04ef,2026-08-31T13:42:08-03:00
1dec0dd5-4ae7-4baa-8eaa-161a30963e91,2026-08-31T13:47:50-03:00
ffab5aab-8c70-4b8a-8783-354343c5eedd,2026-08-31T14:12:09-03:00
9c4372c0-b901-4fe2-8d89-083d69e390af,2026-08-31T14:26:17-03:00
4e6d95b1-b84c-47ea-8882-55bbdfbb7a52,2026-08-31T14:38:15-03:00
f7b74bb2-3821-4209-9eac-cacf1d407f69,2026-08-31T14:47:26-03:00
a1700d41-f3ff-4070-8788-40b072dcef2d,2026-08-31T16:07:38-03:00
713a6f71-65b2-49f8-8851-982b335a76f3,2026-08-31T16:12:28-03:00
dc261513-fa73-40cd-bef0-3aaa2663c23d,2026-08-31T16:15:54-03:00
c8995bc6-1b20-42e7-a5eb-9d16482081bf,2026-08-31T16:17:02-03:00
b215dedb-270b-4a72-973d-aa6cf9d6d9fe,2026-08-31T16:28:20-03:00
e0131205-9109-4780-afc3-f0aec0b43432,2026-08-31T16:32:57-03:00
f3689675-9c1e-40ec-857c-0898d5b47de8,2026-08-31T16:35:03-03:00
d67f10a7-d5dc-4200-b405-8c369928f310,2026-08-31T17:03:46-03:00
ffca5939-33a1-47bd-853d-bd6457c05e0b,2026-08-31T17:07:14-03:00
0c435edb-e146-42e3-a87a-b45f1b82e771,2026-08-31T17:18:26-03:00
253d8c41-2cbd-44eb-a9e4-e973c0cd5e4a,2026-08-31T17:59:28-03:00
548660f2-2f0f-417e-925b-3afd61354b7e,2026-08-31T18:01:26-03:00
507bb5cb-6426-477c-accd-78625b80cd14,2026-08-31T18:10:32-03:00
9803f12e-248e-4386-96ec-48e0a7e0c0b4,2026-08-31T18:18:25-03:00
2e5befb3-57ff-4a4d-8019-5856f458e73e,2026-08-31T18:22:48-03:00
b0e7b496-70aa-4fe2-895a-80da553af44c,2026-08-31T18:25:54-03:00
02fe8297-e88f-4f71-bef1-a7f9ce75e246,2026-08-31T18:27:24-03:00
d19af899-bb0c-4ced-9909-1643d0cd7f7c,2026-08-31T18:27:57-03:00
c4144ca9-cf42-4275-a93b-68d7789406e8,2026-08-31T18:30:35-03:00
4a78ff1b-a832-4d8c-ad9d-f3a7fc3b78c9,2026-08-31T18:32:15-03:00
546ea297-df74-4181-a16e-8a600feea3a7,2026-08-31T18:37:47-03:00
b7c259ff-57be-4f82-b403-07a28d29aa68,2026-08-31T18:41:50-03:00
2e5befb3-57ff-4a4d-8019-5856f458e73e,2026-08-31T18:48:31-03:00
c2177ed1-7491-40ea-9e75-88882e612998,2026-08-31T18:48:55-03:00
e803e5c6-858d-45f5-b09b-7935ad19ee74,2026-08-31T19:00:15-03:00
53b128e5-4019-4949-bd7b-e94a23e14fe3,2026-08-31T19:12:44-03:00
5de0b626-5742-4779-859e-93cd942eb91e,2026-08-31T19:20:40-03:00
507bb5cb-6426-477c-accd-78625b80cd14,2026-08-31T19:29:31-03:00
96721e62-3b7f-4ada-a2b0-c71fd9f27055,2026-08-31T19:54:33-03:00
548660f2-2f0f-417e-925b-3afd61354b7e,2026-08-31T20:05:09-03:00
0fc7e4a3-b941-4c46-88f0-13dfe6e0bd02,2026-08-31T20:17:43-03:00
fcf632f0-dab7-45ac-9220-74d216a8390d,2026-08-31T20:22:37-03:00
9718b411-0759-4cc4-a90f-4de4e78c4690,2026-08-31T20:26:55-03:00
b7afc9b2-5996-4ac8-a68c-ba607ec588f2,2026-08-31T20:31:51-03:00
763b165d-9848-4545-b83e-cb48d3de1d7e,2026-08-31T20:34:11-03:00
8a72821d-5a22-4a23-b8d2-63be9caaf56a,2026-08-31T20:51:10-03:00
d3357a1e-f587-4b3a-9668-d04878cb8550,2026-08-31T20:53:46-03:00
96721e62-3b7f-4ada-a2b0-c71fd9f27055,2026-08-31T20:55:21-03:00
9483f44e-8fa7-4c8a-a52c-8ee9ea41b115,2026-08-31T21:15:24-03:00
2c8a5011-91eb-477f-a4c9-bb9e5a91e4be,2026-08-31T21:26:18-03:00
ffca5939-33a1-47bd-853d-bd6457c05e0b,2026-08-31T21:35:05-03:00
ec5072c3-fa73-4738-8c72-11efa6e57dba,2026-08-31T21:42:03-03:00
f75c9fbb-766f-472a-898f-c82a7e708e10,2026-08-31T22:10:19-03:00
c58f53fe-c900-41d1-848b-d586fb2d953b,2026-08-31T22:21:26-03:00
001481aa-8661-4c80-a221-7d0c40fd0dea,2026-08-31T22:23:08-03:00
66ef1093-5907-4924-ab21-56e5b7e22cb1,2026-08-31T22:36:39-03:00
ec5072c3-fa73-4738-8c72-11efa6e57dba,2026-08-31T22:59:02-03:00
58e9b50a-0816-4b05-a715-b8f069b2ed05,2026-08-31T23:11:48-03:00
edba9f48-1982-44e0-8600-1f83e681059b,2026-09-01T06:14:05-03:00
6271b391-e2f8-4f56-8d32-f79ae8ddf088,2026-09-01T06:27:33-03:00
1dec0dd5-4ae7-4baa-8eaa-161a30963e91,2026-09-01T06:40:06-03:00
96721e62-3b7f-4ada-a2b0-c71fd9f27055,2026-09-01T07:00:35-03:00
b9a7b147-c815-4b76-a46a-a5f0d965ef5f,2026-09-01T07:41:11-03:00
a5200934-c28b-4403-a587-99c447caf120,2026-09-01T07:46:49-03:00
64c553e9-120c-4401-8a5f-29609abfbe42,2026-09-01T07:47:14-03:00
070127a1-c98c-4140-b09a-f87482f52384,2026-09-01T07:55:24-03:00
b7c2c8d3-2026-49c9-9955-1946d4749338,2026-09-01T08:08:23-03:00
a31ed329-2aa6-424d-9c9b-7a85bcf6951c,2026-09-01T08:12:17-03:00
8e4207fd-a513-4999-b9f5-267b7662f66d,2026-09-01T08:33:44-03:00
04a7823c-75fa-4198-bd66-879a5d2019de,2026-09-01T08:39:03-03:00
b584720a-c001-408e-9f81-ad6d9cfc73ff,2026-09-01T08:41:02-03:00
334af7c8-ef2d-4c8d-8bea-23cc393c5fb5,2026-09-01T08:44:22-03:00
06ba7f3d-7938-4082-909c-3df14c35ff73,2026-09-01T08:45:50-03:00
2494ba8f-73c5-48a3-823b-986b77c853e8,2026-09-01T08:46:57-03:00
04a7823c-75fa-4198-bd66-879a5d2019de,2026-09-01T09:31:10-03:00
18490f79-4ffb-4e33-876e-8117d0622fc5,2026-09-01T09:33:23-03:00
f1f01bc0-6933-48fc-ac60-0091d2d69649,2026-09-01T09:33:36-03:00
ca562769-23f1-4a2c-a696-9383438f8306,2026-09-01T09:52:26-03:00
277cc565-3546-4009-accd-9cabfc7aea6a,2026-09-01T10:04:25-03:00
c7aac888-75e4-42f2-9131-4b0abb0cee03,2026-09-01T10:07:14-03:00
350fdb78-2528-4b24-aa65-ab09a56fd76c,2026-09-01T10:23:07-03:00
fd04633f-6587-4b3a-b5ba-6bd78bc0b085,2026-09-01T10:41:25-03:00
fcf632f0-dab7-45ac-9220-74d216a8390d,2026-09-01T10:43:02-03:00
12662e6b-2068-415f-966e-e3ada53c8185,2026-09-01T11:39:53-03:00
8d9404ad-8b0f-43f6-a11f-8e1daf97a1d1,2026-09-01T11:50:28-03:00
e5f8674b-1588-4fd7-9ef5-3fa2bb18ce8f,2026-09-01T11:52:59-03:00
0a1bf5c0-04bf-4fb4-8261-ecdbc80298a8,2026-09-01T12:03:19-03:00
4efa166e-94e8-484e-9ee8-66403a183164,2026-09-01T12:04:07-03:00
a5200934-c28b-4403-a587-99c447caf120,2026-09-01T12:27:05-03:00
3743a7f0-afdd-4331-ba16-86ca4be7fdce,2026-09-01T12:28:11-03:00
ad0ea115-7763-4bc1-9062-73bb3732ddfb,2026-09-01T12:33:43-03:00
341ada20-eb43-4767-aa77-60de86281677,2026-09-01T12:35:58-03:00
83734873-b407-416d-9043-cf1f03203e48,2026-09-01T12:49:02-03:00
13545da6-1c3e-4046-bbde-415993987c8f,2026-09-01T13:04:15-03:00
2c547b7c-7de5-429d-9f58-156dd1928fca,2026-09-01T13:09:50-03:00
fb08f3b4-43f4-4590-946a-30fbd8094881,2026-09-01T13:11:48-03:00
38f36f2d-de28-42c3-9c16-11b0984375cd,2026-09-01T13:39:12-03:00
bc49028d-2f3f-4f93-a6a7-80a0c556f5e1,2026-09-01T14:12:17-03:00
4537575d-3e72-4359-aa46-c26b20a32b08,2026-09-01T14:14:25-03:00
8985960d-fb7d-4427-bcf0-bb2713e781ca,2026-09-01T14:16:34-03:00
a2ba3863-a98c-4cad-a126-e80e8c7cde7a,2026-09-01T14:18:35-03:00
26d1fbd7-76dc-4672-9547-ab1a24edc02d,2026-09-01T14:56:30-03:00
17dcbd2a-71bc-4148-8df3-e3e760e88671,2026-09-01T15:39:48-03:00
3f9fe139-99a1-47a5-b02f-a796ffd2aa10,2026-09-01T15:51:17-03:00
0571a628-58b5-4e94-a85c-76b4d1be06f2,2026-09-01T15:53:32-03:00
133e6f3e-a4eb-4f09-b051-1afb687dad4f,2026-09-01T16:22:36-03:00
879d24a3-e7ff-403f-b26c-228c09d1004c,2026-09-01T16:27:02-03:00
a748f7b5-60ec-4188-a569-69302f170a2b,2026-09-01T16:40:06-03:00
f8ce0f67-48c8-4ccf-b8b1-21159cb64d8f,2026-09-01T17:21:29-03:00
17dcbd2a-71bc-4148-8df3-e3e760e88671,2026-09-01T17:30:45-03:00
d19af899-bb0c-4ced-9909-1643d0cd7f7c,2026-09-01T17:31:01-03:00
1db74be8-4e28-47d9-90df-e92b7cba2322,2026-09-01T17:39:45-03:00
ffdef72a-f5a2-476d-a5ba-e28a084276e5,2026-09-01T18:01:50-03:00
d4811533-5d56-4643-bb3b-2be5e7395570,2026-09-01T18:17:10-03:00
06933400-79ac-4c93-a39c-a1e707111c4f,2026-09-01T18:22:40-03:00
6271b391-e2f8-4f56-8d32-f79ae8ddf088,2026-09-01T18:32:40-03:00
59a45fb1-e020-4768-96a5-e70ba44c522d,2026-09-01T18:33:33-03:00
17f56689-36c5-4349-8c1f-604553aa5a36,2026-09-01T18:36:26-03:00
acbdd1bd-c4bd-42af-8f35-3f2afad152fd,2026-09-01T18:50:27-03:00
f55c6041-eacc-4cd1-8174-59e85d80f38c,2026-09-01T19:01:21-03:00
f1f01bc0-6933-48fc-ac60-0091d2d69649,2026-09-01T19:09:57-03:00
5e40a847-1cc2-469f-a387-571cabcdd708,2026-09-01T19:20:00-03:00
ca8f0ffe-e2ad-476f-a26a-2d3dd898912d,2026-09-01T19:31:56-03:00
63a65720-bb80-475d-b2da-94c4c313c0b5,2026-09-01T19:35:53-03:00
47881c91-83a5-4062-adff-f9c9fd8273d7,2026-09-01T19:37:49-03:00
9483f44e-8fa7-4c8a-a52c-8ee9ea41b115,2026-09-01T19:39:41-03:00
eb6ff17e-b5b1-44e8-8c52-ed33a37c9566,2026-09-01T19:42:23-03:00
8f0c1aec-68d4-48d2-8677-522dab1addeb,2026-09-01T19:54:32-03:00
e803e5c6-858d-45f5-b09b-7935ad19ee74,2026-09-01T20:02:18-03:00
bce055db-9ea7-43ad-b51f-a156f2712e9a,2026-09-01T20:16:35-03:00
954a9718-c280-479c-bbb0-784a272b1d0f,2026-09-01T20:27:49-03:00
af7a70a9-3d3c-4023-b3e3-549673c64c85,2026-09-01T20:31:53-03:00
56dce94c-861b-4176-a534-b7d9e60c06ad,2026-09-01T20:37:53-03:00
d48a9613-c60d-421c-8e5d-5816c9f283bd,2026-09-01T20:38:55-03:00
a22e90de-9f69-465f-bc31-86af1edbc160,2026-09-01T20:42:13-03:00
693486f5-1cb4-46ab-bd7c-85ca30bd1527,2026-09-01T20:43:03-03:00
693486f5-1cb4-46ab-bd7c-85ca30bd1527,2026-09-01T20:45:27-03:00
ee713c93-fdc1-448c-86a9-d2f6af327b49,2026-09-01T20:53:29-03:00
ee713c93-fdc1-448c-86a9-d2f6af327b49,2026-09-01T21:18:45-03:00
468123e3-2f79-46a1-8cf6-640ccd9ce86f,2026-09-01T21:25:02-03:00
f3689675-9c1e-40ec-857c-0898d5b47de8,2026-09-01T21:30:14-03:00
0063959e-9d2f-4e89-bdf1-159fa165adda,2026-09-01T21:30:44-03:00
ef986927-1c28-4a03-9ec6-018cae673269,2026-09-01T21:32:02-03:00
823ffdec-43d2-478a-a7d1-12738434afaf,2026-09-01T21:35:00-03:00
fd04633f-6587-4b3a-b5ba-6bd78bc0b085,2026-09-01T21:43:53-03:00
300c0bb2-1f6c-4308-9e85-249d8a11a277,2026-09-01T21:58:03-03:00
eb6ff17e-b5b1-44e8-8c52-ed33a37c9566,2026-09-01T22:00:23-03:00
e0131205-9109-4780-afc3-f0aec0b43432,2026-09-01T22:14:21-03:00
a31ed329-2aa6-424d-9c9b-7a85bcf6951c,2026-09-01T23:27:44-03:00
129337b7-3d85-477c-b37f-5c680be7a119,2026-09-01T23:57:46-03:00
2679a553-1548-4b4f-afc8-8c3217fc1954,2026-09-02T06:16:40-03:00
a2ba3863-a98c-4cad-a126-e80e8c7cde7a,2026-09-02T06:57:27-03:00
7a2058c8-a9ea-42d5-94f4-bf3cdbe66c12,2026-09-02T07:03:20-03:00
5838ef61-70f6-429f-8d61-3b88fa5908e9,2026-09-02T07:14:17-03:00
6070f1b9-9507-4f23-9307-6e923b8f2be0,2026-09-02T07:22:13-03:00
4f9477cf-fe5e-4d4d-8d0b-5cc21db39074,2026-09-02T07:25:12-03:00
94572e5a-a884-43b4-b0c0-3dd41add70ed,2026-09-02T07:27:42-03:00
310ea5c5-a61e-4447-ad52-038a7276794d,2026-09-02T07:38:26-03:00
5e40a847-1cc2-469f-a387-571cabcdd708,2026-09-02T07:41:18-03:00
a63b4b46-7ab4-4473-8f5e-3bb2af2412b4,2026-09-02T07:43:29-03:00
47cf2dc7-e7f7-4797-89f0-789c17cc0a00,2026-09-02T08:03:55-03:00
bc49028d-2f3f-4f93-a6a7-80a0c556f5e1,2026-09-02T08:07:01-03:00
3ff03678-ef66-40b7-817f-75ddf5870243,2026-09-02T08:22:14-03:00
4a78ff1b-a832-4d8c-ad9d-f3a7fc3b78c9,2026-09-02T08:33:13-03:00
3074b4d6-0aed-43e5-bd97-04f4487c4543,2026-09-02T08:45:45-03:00
fd04633f-6587-4b3a-b5ba-6bd78bc0b085,2026-09-02T08:59:07-03:00
df13cbb0-d954-4cf6-8987-7b0389cf03ae,2026-09-02T09:01:12-03:00
4f9477cf-fe5e-4d4d-8d0b-5cc21db39074,2026-09-02T09:02:44-03:00
5b946577-8369-4d8b-8200-45b4b95992df,2026-09-02T09:09:20-03:00
83a5bb64-0113-4f1a-89de-2963095c9274,2026-09-02T09:58:28-03:00
bb5e0dbc-e2c0-40e8-82a5-da507ddf52a5,2026-09-02T10:02:26-03:00
fc160c5b-5da4-4901-9d7c-9fd85712be19,2026-09-02T10:05:57-03:00
9c4372c0-b901-4fe2-8d89-083d69e390af,2026-09-02T10:28:50-03:00
ee713c93-fdc1-448c-86a9-d2f6af327b49,2026-09-02T10:48:00-03:00
77f30d59-50e4-4c67-bd26-b1e484e261fc,2026-09-02T11:04:20-03:00
8b108dc3-5922-45b0-8b5d-3103da89150c,2026-09-02T11:35:56-03:00
85a4ba4f-c929-4499-9241-55b327e471d6,2026-09-02T11:39:12-03:00
13e90a5f-e4fe-4da5-afc0-24b163328980,2026-09-02T11:52:20-03:00
0e024f1a-0baa-46b7-a967-131e89cf7671,2026-09-02T12:20:33-03:00
5785a9d6-6ebe-4fde-b637-7575849d5fb5,2026-09-02T12:28:28-03:00
dd31392f-7950-44a4-af42-c8a615706f7b,2026-09-02T12:40:00-03:00
fcff47c9-85c9-4b47-ac8c-990c030f8498,2026-09-02T12:40:50-03:00
2256b9c7-d1db-4536-ad72-054afd567cb2,2026-09-02T12:42:56-03:00
af7a70a9-3d3c-4023-b3e3-549673c64c85,2026-09-02T12:43:03-03:00
dc261513-fa73-40cd-bef0-3aaa2663c23d,2026-09-02T12:43:36-03:00
bfae6158-8749-4142-b18b-8e1db3e10de9,2026-09-02T12:47:19-03:00
468123e3-2f79-46a1-8cf6-640ccd9ce86f,2026-09-02T12:47:31-03:00
852cc580-9cf4-4de2-8fa3-d1a506a4aaa0,2026-09-02T12:50:19-03:00
6a12ff42-a5a7-4e83-9cde-15d2eee4193c,2026-09-02T12:52:51-03:00
e88174ed-c99e-46c1-bb9a-b9382febd3b0,2026-09-02T12:56:25-03:00
7567df4c-ce25-4213-b1f1-5860b29db2cc,2026-09-02T13:03:28-03:00
9c93e812-e73c-4917-b0d2-b8bc860365c9,2026-09-02T13:13:02-03:00
9803f12e-248e-4386-96ec-48e0a7e0c0b4,2026-09-02T13:15:41-03:00
3743a7f0-afdd-4331-ba16-86ca4be7fdce,2026-09-02T13:25:50-03:00
3f5a3ed9-7c02-4e0b-ae61-0c1789918e4d,2026-09-02T13:52:05-03:00
e803e5c6-858d-45f5-b09b-7935ad19ee74,2026-09-02T14:03:37-03:00
310ea5c5-a61e-4447-ad52-038a7276794d,2026-09-02T14:04:49-03:00
4537575d-3e72-4359-aa46-c26b20a32b08,2026-09-02T14:10:04-03:00
63a65720-bb80-475d-b2da-94c4c313c0b5,2026-09-02T15:15:26-03:00
37d86361-2ccf-43c9-94e2-574ffb8efe85,2026-09-02T15:33:59-03:00
b64f51fa-8ad4-4a81-bf09-714a2fc3b823,2026-09-02T15:40:20-03:00
d254e996-2363-4025-9c3e-7cc48327196e,2026-09-02T15:44:08-03:00
4c62e000-8079-4aad-b6cb-a871cd35df39,2026-09-02T15:46:14-03:00
03658df2-2721-4ff3-aa5e-8bf7925c8add,2026-09-02T15:59:22-03:00
1077323b-26ce-4732-a6f1-89225ece87fd,2026-09-02T16:06:00-03:00
04a7823c-75fa-4198-bd66-879a5d2019de,2026-09-02T16:37:45-03:00
f42beb3e-9bd9-4a7b-a699-c1bdee25eb32,2026-09-02T16:46:47-03:00
0a1bf5c0-04bf-4fb4-8261-ecdbc80298a8,2026-09-02T16:59:27-03:00
842eb88e-c30f-4a09-9145-8bfefbdaa429,2026-09-02T17:32:39-03:00
88373c7c-1d43-4882-bfc9-dde5b45f3d27,2026-09-02T17:33:30-03:00
1077323b-26ce-4732-a6f1-89225ece87fd,2026-09-02T17:41:35-03:00
ce329e7e-249a-4eb7-a685-a7f5a1f798a6,2026-09-02T18:08:40-03:00
fd04633f-6587-4b3a-b5ba-6bd78bc0b085,2026-09-02T18:12:24-03:00
13e90a5f-e4fe-4da5-afc0-24b163328980,2026-09-02T18:18:31-03:00
300c0bb2-1f6c-4308-9e85-249d8a11a277,2026-09-02T18:30:20-03:00
4a40f649-c222-4311-88b4-fb48e9b846b3,2026-09-02T18:33:59-03:00
6c1f7d40-9275-4195-9f2e-18a521120595,2026-09-02T18:38:05-03:00
7a2058c8-a9ea-42d5-94f4-bf3cdbe66c12,2026-09-02T18:40:49-03:00
1b9fe081-7fc4-4cfe-a13e-a6d86ea76128,2026-09-02T18:41:22-03:00
987a1c42-fa45-4b9a-8188-4b006df76679,2026-09-02T18:41:33-03:00
6070f1b9-9507-4f23-9307-6e923b8f2be0,2026-09-02T18:45:35-03:00
90858990-d659-4191-87e0-223cc1f90e3a,2026-09-02T19:01:22-03:00
5b946577-8369-4d8b-8200-45b4b95992df,2026-09-02T19:12:22-03:00
8e4207fd-a513-4999-b9f5-267b7662f66d,2026-09-02T19:22:02-03:00
d347e1b4-86a7-4154-b9a4-b1905c4f7969,2026-09-02T19:23:11-03:00
89934fab-906f-4bf0-ba46-c9292c0f7870,2026-09-02T19:28:18-03:00
2256b9c7-d1db-4536-ad72-054afd567cb2,2026-09-02T19:32:01-03:00
6a12ff42-a5a7-4e83-9cde-15d2eee4193c,2026-09-02T19:41:39-03:00
46a25734-4dec-47a4-9270-d82e898c4dd1,2026-09-02T19:44:09-03:00
5c29b1c4-2c50-492f-a7b2-c7b724392ab0,2026-09-02T19:47:03-03:00
6f5d94b5-a9c3-403f-8d38-6bd62e7ec428,2026-09-02T19:47:22-03:00
763b165d-9848-4545-b83e-cb48d3de1d7e,2026-09-02T19:49:20-03:00
ee713c93-fdc1-448c-86a9-d2f6af327b49,2026-09-02T19:57:33-03:00
62fa174e-75a1-44a6-bc9c-3a9184ea89be,2026-09-02T19:57:48-03:00
d19af899-bb0c-4ced-9909-1643d0cd7f7c,2026-09-02T19:59:24-03:00
47881c91-83a5-4062-adff-f9c9fd8273d7,2026-09-02T20:00:32-03:00
842eb88e-c30f-4a09-9145-8bfefbdaa429,2026-09-02T20:07:29-03:00
95d9fd79-c27b-4406-87b6-ff3292e75385,2026-09-02T20:15:35-03:00
b8a18f30-62c6-4681-8a22-6220f351119a,2026-09-02T20:19:55-03:00
e4aa20fd-17ad-4ef4-b1dc-61fcb6c7110d,2026-09-02T20:20:11-03:00
998d064d-9729-4f12-bd01-8efa3e2bc8e5,2026-09-02T20:32:11-03:00
4d6b7e01-be75-435f-9e33-807cb0803562,2026-09-02T20:42:57-03:00
3743a7f0-afdd-4331-ba16-86ca4be7fdce,2026-09-02T20:47:42-03:00
77f30d59-50e4-4c67-bd26-b1e484e261fc,2026-09-02T20:54:39-03:00
3074b4d6-0aed-43e5-bd97-04f4487c4543,2026-09-02T20:55:06-03:00
123f2d21-7fb8-4195-8256-ac26714a80d4,2026-09-02T20:55:41-03:00
38f36f2d-de28-42c3-9c16-11b0984375cd,2026-09-02T20:57:17-03:00
fcf632f0-dab7-45ac-9220-74d216a8390d,2026-09-02T21:18:56-03:00
933faec4-e418-4ad9-a8a1-a1fd1915a8fc,2026-09-02T21:27:44-03:00
46a25734-4dec-47a4-9270-d82e898c4dd1,2026-09-02T21:39:14-03:00
b8a18f30-62c6-4681-8a22-6220f351119a,2026-09-02T21:41:11-03:00
d0afb21c-e136-42c1-83dd-0121d083b2fa,2026-09-02T21:46:35-03:00
53b128e5-4019-4949-bd7b-e94a23e14fe3,2026-09-02T21:48:51-03:00
a63b4b46-7ab4-4473-8f5e-3bb2af2412b4,2026-09-02T22:30:12-03:00
c2c6c6da-ba55-4225-908a-b5248ca6c137,2026-09-02T22:56:25-03:00
616ab48f-6427-43bf-80e8-38a99f165f50,2026-09-03T06:26:25-03:00
f9b8da5f-5ff6-4ae2-a6a4-c78900b6ba1b,2026-09-03T06:45:26-03:00
59a45fb1-e020-4768-96a5-e70ba44c522d,2026-09-03T06:53:43-03:00
a2e870b4-9f0b-47e8-9b94-3b99e8a94845,2026-09-03T07:00:18-03:00
f9b8da5f-5ff6-4ae2-a6a4-c78900b6ba1b,2026-09-03T07:18:02-03:00
300c0bb2-1f6c-4308-9e85-249d8a11a277,2026-09-03T07:30:50-03:00
4e6d95b1-b84c-47ea-8882-55bbdfbb7a52,2026-09-03T07:40:30-03:00
852cc580-9cf4-4de2-8fa3-d1a506a4aaa0,2026-09-03T07:56:16-03:00
697361f5-d6d0-4cf8-9f4b-caab60b56b0e,2026-09-03T08:08:28-03:00
35d62d40-ced7-4fde-bc5d-310038b37ad4,2026-09-03T08:08:54-03:00
283b5e81-333c-4d4e-94d3-cfe3b37a3eed,2026-09-03T08:11:51-03:00
f1f01bc0-6933-48fc-ac60-0091d2d69649,2026-09-03T08:11:51-03:00
4efa166e-94e8-484e-9ee8-66403a183164,2026-09-03T08:15:05-03:00
2394a17e-9092-4d66-a7cf-df4ebe59ba2b,2026-09-03T08:17:50-03:00
e4998db6-f1be-4d0c-b5cb-294d53921c94,2026-09-03T08:20:39-03:00
4b71bfa6-41ce-4689-880b-c67a177a3c1c,2026-09-03T08:29:38-03:00
35d62d40-ced7-4fde-bc5d-310038b37ad4,2026-09-03T08:34:29-03:00
a741a5bb-64fd-4237-b5df-f2102ab2ac77,2026-09-03T08:38:48-03:00
f1f01bc0-6933-48fc-ac60-0091d2d69649,2026-09-03T08:41:01-03:00
d19af899-bb0c-4ced-9909-1643d0cd7f7c,2026-09-03T08:41:32-03:00
94572e5a-a884-43b4-b0c0-3dd41add70ed,2026-09-03T08:44:56-03:00
fcfada1b-f44b-49de-998d-dd6247a49881,2026-09-03T08:51:12-03:00
e803e5c6-858d-45f5-b09b-7935ad19ee74,2026-09-03T08:52:47-03:00
c5a6684a-0092-4497-b63e-0e80f3d2fc73,2026-09-03T08:55:17-03:00
62b64148-c6cf-4c07-b3e3-ab3e6bdfd457,2026-09-03T08:55:53-03:00
e8461fd8-c033-47a2-a2b9-63ec8d6e4271,2026-09-03T08:57:47-03:00
c58f53fe-c900-41d1-848b-d586fb2d953b,2026-09-03T08:58:34-03:00
a34a6f47-3f1b-4fc7-8a9d-26ccb31c813f,2026-09-03T09:07:46-03:00
c9bc0a35-47cd-4533-85a2-f38050bf398c,2026-09-03T09:48:54-03:00
debb3c52-ad38-41dc-b901-ee2bf7e72005,2026-09-03T09:51:58-03:00
e0131205-9109-4780-afc3-f0aec0b43432,2026-09-03T09:57:06-03:00
b584720a-c001-408e-9f81-ad6d9cfc73ff,2026-09-03T10:01:04-03:00
0063959e-9d2f-4e89-bdf1-159fa165adda,2026-09-03T10:06:06-03:00
66ef1093-5907-4924-ab21-56e5b7e22cb1,2026-09-03T10:38:23-03:00
300c0bb2-1f6c-4308-9e85-249d8a11a277,2026-09-03T10:48:20-03:00
546ea297-df74-4181-a16e-8a600feea3a7,2026-09-03T10:50:17-03:00
6b82afa6-3d31-4620-93ba-15200f3cf1b1,2026-09-03T10:51:48-03:00
914ad948-05cc-48b2-af17-72a63ca5ba14,2026-09-03T11:03:14-03:00
ab1a4c26-8dd9-4508-805b-030c7630e2f2,2026-09-03T11:11:02-03:00
15045214-2247-4403-b0bf-4f1a9c293447,2026-09-03T11:33:53-03:00
5e40a847-1cc2-469f-a387-571cabcdd708,2026-09-03T11:41:28-03:00
a5200934-c28b-4403-a587-99c447caf120,2026-09-03T11:48:24-03:00
af1c0d20-dffc-477a-87ac-045e7e90165a,2026-09-03T11:51:44-03:00
f8ce0f67-48c8-4ccf-b8b1-21159cb64d8f,2026-09-03T12:01:05-03:00
366eaccb-6abd-42f7-bce5-d0238495366a,2026-09-03T12:01:28-03:00
b9a7b147-c815-4b76-a46a-a5f0d965ef5f,2026-09-03T12:08:36-03:00
2679a553-1548-4b4f-afc8-8c3217fc1954,2026-09-03T12:15:34-03:00
91c4252d-aea4-431a-8f29-902a5f443858,2026-09-03T12:32:56-03:00
85a4ba4f-c929-4499-9241-55b327e471d6,2026-09-03T12:36:57-03:00
db0d03e7-d1b5-4c8a-8a45-142b952246b0,2026-09-03T12:37:24-03:00
3ac808ca-a57b-47d1-9826-72a6e9d84810,2026-09-03T12:39:30-03:00
f7b74bb2-3821-4209-9eac-cacf1d407f69,2026-09-03T12:42:41-03:00
94572e5a-a884-43b4-b0c0-3dd41add70ed,2026-09-03T12:52:18-03:00
9d71a8eb-0c4b-4edc-bf8a-6a0bbc1da7ab,2026-09-03T12:56:28-03:00
53b128e5-4019-4949-bd7b-e94a23e14fe3,2026-09-03T13:03:45-03:00
6b82afa6-3d31-4620-93ba-15200f3cf1b1,2026-09-03T13:26:37-03:00
b3010f1e-1097-4583-90c4-c22e1bbd666f,2026-09-03T13:44:54-03:00
4a78ff1b-a832-4d8c-ad9d-f3a7fc3b78c9,2026-09-03T14:01:24-03:00
401a0b87-0156-48ce-8883-75abe3c366dc,2026-09-03T14:08:17-03:00
d786bdde-e18b-46fc-9e05-201ebef1f85c,2026-09-03T14:20:12-03:00
d190f6d4-137f-4787-a68f-37428a06c1d8,2026-09-03T14:39:34-03:00
62b64148-c6cf-4c07-b3e3-ab3e6bdfd457,2026-09-03T14:39:38-03:00
b7b54d48-d7d7-492d-bf59-8902b0ba251e,2026-09-03T14:54:28-03:00
2394a17e-9092-4d66-a7cf-df4ebe59ba2b,2026-09-03T15:07:16-03:00
47881c91-83a5-4062-adff-f9c9fd8273d7,2026-09-03T15:14:11-03:00
dd31392f-7950-44a4-af42-c8a615706f7b,2026-09-03T15:37:21-03:00
a93dce4e-f917-4e15-af87-31101b777450,2026-09-03T15:46:30-03:00
b7c2c8d3-2026-49c9-9955-1946d4749338,2026-09-03T15:53:25-03:00
75a25cfe-2388-445e-b4b8-8eecec068396,2026-09-03T15:56:58-03:00
79bc43ec-7b13-4e0c-9f4b-13f24eec870f,2026-09-03T16:23:09-03:00
6e8d79f1-3124-4837-9efb-8cb717a160e7,2026-09-03T16:39:51-03:00
123f2d21-7fb8-4195-8256-ac26714a80d4,2026-09-03T16:44:30-03:00
a2e870b4-9f0b-47e8-9b94-3b99e8a94845,2026-09-03T17:08:56-03:00
8e81c4a0-72a2-422a-8340-4766e58b612c,2026-09-03T17:19:26-03:00
ef986927-1c28-4a03-9ec6-018cae673269,2026-09-03T17:38:09-03:00
129337b7-3d85-477c-b37f-5c680be7a119,2026-09-03T17:41:47-03:00
697361f5-d6d0-4cf8-9f4b-caab60b56b0e,2026-09-03T18:02:07-03:00
38f36f2d-de28-42c3-9c16-11b0984375cd,2026-09-03T18:13:07-03:00
fd04633f-6587-4b3a-b5ba-6bd78bc0b085,2026-09-03T18:34:22-03:00
133e6f3e-a4eb-4f09-b051-1afb687dad4f,2026-09-03T18:38:12-03:00
0063959e-9d2f-4e89-bdf1-159fa165adda,2026-09-03T18:40:04-03:00
a2ba3863-a98c-4cad-a126-e80e8c7cde7a,2026-09-03T18:43:02-03:00
824a7c61-0bbb-46e3-87bf-4b48cc63793e,2026-09-03T18:58:39-03:00
c7aac888-75e4-42f2-9131-4b0abb0cee03,2026-09-03T19:01:38-03:00
64c553e9-120c-4401-8a5f-29609abfbe42,2026-09-03T19:07:10-03:00
fcf632f0-dab7-45ac-9220-74d216a8390d,2026-09-03T19:07:28-03:00
0c435edb-e146-42e3-a87a-b45f1b82e771,2026-09-03T19:07:38-03:00
fdc8ce90-5d8e-4633-bb0c-6eb09a8635cc,2026-09-03T19:30:25-03:00
59a45fb1-e020-4768-96a5-e70ba44c522d,2026-09-03T19:37:21-03:00
1126057b-bd2b-445d-9c34-368fa4bf8866,2026-09-03T19:40:54-03:00
824a7c61-0bbb-46e3-87bf-4b48cc63793e,2026-09-03T19:43:36-03:00
d790a58f-4a45-4a41-96c9-344084d5d5b4,2026-09-03T19:44:20-03:00
2f23cce2-bbaa-4c08-b122-571f224155fb,2026-09-03T20:08:11-03:00
8b357f63-c24d-4122-a745-b3a624e7d951,2026-09-03T20:13:30-03:00
401a0b87-0156-48ce-8883-75abe3c366dc,2026-09-03T20:15:55-03:00
25580a3a-f097-45a2-8406-de31f44a22d4,2026-09-03T20:26:49-03:00
b7c2c8d3-2026-49c9-9955-1946d4749338,2026-09-03T20:27:22-03:00
0fc7e4a3-b941-4c46-88f0-13dfe6e0bd02,2026-09-03T20:27:43-03:00
0b1b643e-405f-44a1-a5c5-cbcae283d573,2026-09-03T20:27:46-03:00
d786bdde-e18b-46fc-9e05-201ebef1f85c,2026-09-03T20:31:18-03:00
2198e7b7-1971-466d-8051-1f36e7a71b9a,2026-09-03T20:31:35-03:00
fcfada1b-f44b-49de-998d-dd6247a49881,2026-09-03T20:36:52-03:00
2c8a5011-91eb-477f-a4c9-bb9e5a91e4be,2026-09-03T20:41:27-03:00
2256b9c7-d1db-4536-ad72-054afd567cb2,2026-09-03T20:43:33-03:00
5a6329da-c0e5-4791-ac77-7503d82554ea,2026-09-03T21:06:59-03:00
48ec97bc-f0a2-4bf0-bc16-887f111e17a3,2026-09-03T21:09:32-03:00
4b71bfa6-41ce-4689-880b-c67a177a3c1c,2026-09-03T21:16:27-03:00
277cc565-3546-4009-accd-9cabfc7aea6a,2026-09-03T21:20:41-03:00
53b128e5-4019-4949-bd7b-e94a23e14fe3,2026-09-03T21:28:35-03:00
f8ce0f67-48c8-4ccf-b8b1-21159cb64d8f,2026-09-03T21:43:12-03:00
75a25cfe-2388-445e-b4b8-8eecec068396,2026-09-03T22:05:59-03:00
3f1f3e79-3f55-4556-8c87-4a881a908b1d,2026-09-03T22:06:26-03:00
c7aac888-75e4-42f2-9131-4b0abb0cee03,2026-09-03T22:21:21-03:00
546ea297-df74-4181-a16e-8a600feea3a7,2026-09-03T22:22:19-03:00
1126057b-bd2b-445d-9c34-368fa4bf8866,2026-09-03T22:40:18-03:00
dd31392f-7950-44a4-af42-c8a615706f7b,2026-09-03T22:52:07-03:00
d1ac406d-fe9a-44bf-b21c-9d33258e5559,2026-09-03T23:36:13-03:00
4a40f649-c222-4311-88b4-fb48e9b846b3,2026-09-03T23:47:01-03:00
26d1fbd7-76dc-4672-9547-ab1a24edc02d,2026-09-04T06:09:20-03:00
a5cb5c3b-949e-485b-9799-2f56d096dbb6,2026-09-04T06:17:11-03:00
47881c91-83a5-4062-adff-f9c9fd8273d7,2026-09-04T06:23:41-03:00
461064e2-68de-40b7-b251-70697277f917,2026-09-04T06:24:20-03:00
133e6f3e-a4eb-4f09-b051-1afb687dad4f,2026-09-04T06:32:23-03:00
e88174ed-c99e-46c1-bb9a-b9382febd3b0,2026-09-04T06:34:03-03:00
03658df2-2721-4ff3-aa5e-8bf7925c8add,2026-09-04T06:34:58-03:00
48fcc312-cf83-4aa3-9abf-7d656f455037,2026-09-04T06:58:28-03:00
e8de25ab-e07d-49fe-b6ff-055c75945578,2026-09-04T07:02:01-03:00
65c43e3a-7de7-467f-80eb-f6da3ecaa17c,2026-09-04T07:02:46-03:00
401a0b87-0156-48ce-8883-75abe3c366dc,2026-09-04T07:03:38-03:00
4d6b7e01-be75-435f-9e33-807cb0803562,2026-09-04T07:06:50-03:00
eb6ff17e-b5b1-44e8-8c52-ed33a37c9566,2026-09-04T07:28:38-03:00
4b71bfa6-41ce-4689-880b-c67a177a3c1c,2026-09-04T07:32:39-03:00
8cc5d5e5-4c08-4f20-8110-6e3e9674c27c,2026-09-04T07:34:43-03:00
dc08469f-0e48-46b8-aef8-23e752fbb72d,2026-09-04T07:38:50-03:00
7e2881f9-c700-491c-b935-76ce042b839b,2026-09-04T07:38:51-03:00
731627ce-4776-48b4-85b5-db648ce7eb05,2026-09-04T07:46:36-03:00
edb92465-fcdb-4d82-9302-295ccd0d8686,2026-09-04T07:57:00-03:00
06933400-79ac-4c93-a39c-a1e707111c4f,2026-09-04T07:57:20-03:00
1a81348e-6051-44a8-99c6-1fb6ddb6b43b,2026-09-04T07:58:40-03:00
175cfd69-c02f-4d98-b426-9d7fa134f4a8,2026-09-04T08:27:26-03:00
b3010f1e-1097-4583-90c4-c22e1bbd666f,2026-09-04T08:28:35-03:00
b3010f1e-1097-4583-90c4-c22e1bbd666f,2026-09-04T08:29:05-03:00
a5cb5c3b-949e-485b-9799-2f56d096dbb6,2026-09-04T08:29:26-03:00
fb08f3b4-43f4-4590-946a-30fbd8094881,2026-09-04T08:39:25-03:00
0571a628-58b5-4e94-a85c-76b4d1be06f2,2026-09-04T08:42:32-03:00
dfee5d1f-d60a-4c28-a75d-0cd2b3e54da1,2026-09-04T08:45:26-03:00
fcff47c9-85c9-4b47-ac8c-990c030f8498,2026-09-04T08:49:31-03:00
3743a7f0-afdd-4331-ba16-86ca4be7fdce,2026-09-04T08:51:58-03:00
58e9b50a-0816-4b05-a715-b8f069b2ed05,2026-09-04T08:55:39-03:00
86c56b5e-359a-4221-b7d0-3162eeae05bc,2026-09-04T08:59:17-03:00
360dbb7d-938f-4118-8f15-d8497b7041e1,2026-09-04T09:25:55-03:00
f3689675-9c1e-40ec-857c-0898d5b47de8,2026-09-04T09:31:12-03:00
742e5b4b-7ead-4aa7-a9a1-5d385a35e348,2026-09-04T09:31:56-03:00
03658df2-2721-4ff3-aa5e-8bf7925c8add,2026-09-04T09:35:46-03:00
68b5711a-cdd4-42df-b956-2992d25a04ef,2026-09-04T09:42:32-03:00
8b3cf516-5450-4d24-a68a-bfcc36f33067,2026-09-04T09:45:08-03:00
954a9718-c280-479c-bbb0-784a272b1d0f,2026-09-04T10:06:08-03:00
7567df4c-ce25-4213-b1f1-5860b29db2cc,2026-09-04T10:42:32-03:00
85a4ba4f-c929-4499-9241-55b327e471d6,2026-09-04T11:11:39-03:00
e803e5c6-858d-45f5-b09b-7935ad19ee74,2026-09-04T11:27:22-03:00
f42beb3e-9bd9-4a7b-a699-c1bdee25eb32,2026-09-04T11:47:44-03:00
afd25cdc-8200-4c75-a7b3-d828005d8b2f,2026-09-04T11:58:16-03:00
a5200934-c28b-4403-a587-99c447caf120,2026-09-04T12:01:51-03:00
f8ce0f67-48c8-4ccf-b8b1-21159cb64d8f,2026-09-04T12:19:23-03:00
eb8660ea-b6d2-4715-ad13-fa197a2f4af7,2026-09-04T12:29:33-03:00
b61e4aa6-ca79-4db0-bad5-d6fb1aa9ef99,2026-09-04T12:35:52-03:00
4803068d-93ec-47fb-96c4-f8a0c06ddebe,2026-09-04T12:41:45-03:00
745c5ac7-3469-496f-b90c-a779ffd662ae,2026-09-04T13:02:28-03:00
472fb8aa-f47d-4cff-a822-4e67980f64cc,2026-09-04T13:04:27-03:00
5813cde1-bd61-49e5-b71c-a1f121e9e1a8,2026-09-04T13:08:03-03:00
3f1f3e79-3f55-4556-8c87-4a881a908b1d,2026-09-04T13:31:17-03:00
96721e62-3b7f-4ada-a2b0-c71fd9f27055,2026-09-04T13:36:36-03:00
2256b9c7-d1db-4536-ad72-054afd567cb2,2026-09-04T13:41:13-03:00
e88174ed-c99e-46c1-bb9a-b9382febd3b0,2026-09-04T13:50:40-03:00
129337b7-3d85-477c-b37f-5c680be7a119,2026-09-04T13:52:49-03:00
f8ce0f67-48c8-4ccf-b8b1-21159cb64d8f,2026-09-04T13:53:14-03:00
6b82afa6-3d31-4620-93ba-15200f3cf1b1,2026-09-04T13:57:04-03:00
20048baf-fc52-4f1e-bc08-a8b2ab8c8fe6,2026-09-04T14:27:47-03:00
e4212795-fd8c-4c13-b34f-27d79de3d91e,2026-09-04T14:32:22-03:00
933faec4-e418-4ad9-a8a1-a1fd1915a8fc,2026-09-04T15:03:19-03:00
edb92465-fcdb-4d82-9302-295ccd0d8686,2026-09-04T15:06:36-03:00
c58f53fe-c900-41d1-848b-d586fb2d953b,2026-09-04T15:30:46-03:00
8ea2d02d-3431-40f8-a08b-24373c80014d,2026-09-04T15:38:49-03:00
e0131205-9109-4780-afc3-f0aec0b43432,2026-09-04T15:42:20-03:00
912d7559-e2c5-4f11-b828-c68dddf16b16,2026-09-04T15:48:07-03:00
4c62e000-8079-4aad-b6cb-a871cd35df39,2026-09-04T16:01:10-03:00
ffca5939-33a1-47bd-853d-bd6457c05e0b,2026-09-04T16:13:42-03:00
f3689675-9c1e-40ec-857c-0898d5b47de8,2026-09-04T16:53:35-03:00
64c553e9-120c-4401-8a5f-29609abfbe42,2026-09-04T17:04:36-03:00
246e9c60-87ce-4e05-91ea-50ec6b353fe0,2026-09-04T17:13:15-03:00
461064e2-68de-40b7-b251-70697277f917,2026-09-04T17:32:18-03:00
85a4ba4f-c929-4499-9241-55b327e471d6,2026-09-04T17:35:18-03:00
a31ed329-2aa6-424d-9c9b-7a85bcf6951c,2026-09-04T17:53:44-03:00
b6929d99-2355-4df5-a1d4-ee3057f8f8ba,2026-09-04T18:05:28-03:00
9e7efe95-51f6-487e-bb82-7e9777e80193,2026-09-04T18:08:38-03:00
3bd59652-4c13-4673-bf18-180626a28b54,2026-09-04T18:19:39-03:00
7e0aa57f-3b9c-4ac3-9c64-959b7ddb265c,2026-09-04T18:31:01-03:00
0063959e-9d2f-4e89-bdf1-159fa165adda,2026-09-04T18:53:13-03:00
18490f79-4ffb-4e33-876e-8117d0622fc5,2026-09-04T19:01:50-03:00
731627ce-4776-48b4-85b5-db648ce7eb05,2026-09-04T19:07:18-03:00
e803e5c6-858d-45f5-b09b-7935ad19ee74,2026-09-04T19:12:05-03:00
674bbcbe-427e-4d47-998b-dfbfaae16381,2026-09-04T19:19:09-03:00
66ef1093-5907-4924-ab21-56e5b7e22cb1,2026-09-04T19:27:59-03:00
47881c91-83a5-4062-adff-f9c9fd8273d7,2026-09-04T19:40:25-03:00
67738df0-4784-4a08-8c9d-f1b8db152f50,2026-09-04T20:06:14-03:00
4537575d-3e72-4359-aa46-c26b20a32b08,2026-09-04T20:07:23-03:00
0a1bf5c0-04bf-4fb4-8261-ecdbc80298a8,2026-09-04T20:08:41-03:00
3ff03678-ef66-40b7-817f-75ddf5870243,2026-09-04T20:10:26-03:00
914ad948-05cc-48b2-af17-72a63ca5ba14,2026-09-04T20:11:35-03:00
fcf632f0-dab7-45ac-9220-74d216a8390d,2026-09-04T20:15:50-03:00
5813cde1-bd61-49e5-b71c-a1f121e9e1a8,2026-09-04T20:21:48-03:00
626b5de9-c568-42f1-b9e5-974228c7e642,2026-09-04T20:34:58-03:00
3817ecfa-cdbb-402b-bdf7-ab09674a7d6b,2026-09-04T20:35:32-03:00
7e2881f9-c700-491c-b935-76ce042b839b,2026-09-04T20:36:29-03:00
0963027b-315c-450e-8c3a-74550ffa10ef,2026-09-04T20:38:03-03:00
ffca5939-33a1-47bd-853d-bd6457c05e0b,2026-09-04T21:00:40-03:00
ee713c93-fdc1-448c-86a9-d2f6af327b49,2026-09-04T21:06:20-03:00
7b4f8c5b-7741-460d-9321-be16495e8fd9,2026-09-04T21:06:42-03:00
b584720a-c001-408e-9f81-ad6d9cfc73ff,2026-09-04T21:14:27-03:00
2c547b7c-7de5-429d-9f58-156dd1928fca,2026-09-04T21:17:47-03:00
37b64a8a-328e-495c-9352-bd05647edff8,2026-09-04T21:17:47-03:00
2e5befb3-57ff-4a4d-8019-5856f458e73e,2026-09-04T21:22:34-03:00
edf863bb-1bdc-4539-9ddb-5ef04cdde9ba,2026-09-04T21:24:00-03:00
89bc8120-2e60-401c-b3cf-d9c3bf263bb3,2026-09-04T21:35:16-03:00
af1c0d20-dffc-477a-87ac-045e7e90165a,2026-09-04T21:40:56-03:00
e4b61e98-a580-43e7-bd42-77e61e7dee6c,2026-09-04T21:42:55-03:00
531f8674-2534-4f20-beaa-aa4d9e202d2e,2026-09-04T21:50:10-03:00
713a6f71-65b2-49f8-8851-982b335a76f3,2026-09-04T21:53:57-03:00
1dfbf03b-7032-452c-a560-7d6790928670,2026-09-04T21:54:50-03:00
0a1bf5c0-04bf-4fb4-8261-ecdbc80298a8,2026-09-04T21:55:17-03:00
9803f12e-248e-4386-96ec-48e0a7e0c0b4,2026-09-04T21:56:04-03:00
be314718-d6d3-410e-a74a-6aa76618456e,2026-09-04T21:58:52-03:00
83734873-b407-416d-9043-cf1f03203e48,2026-09-04T22:23:04-03:00
20048baf-fc52-4f1e-bc08-a8b2ab8c8fe6,2026-09-04T23:44:01-03:00
3ac808ca-a57b-47d1-9826-72a6e9d84810,2026-09-04T23:46:53-03:00
f9bc69f7-f81c-42ac-b8ab-0a3ebed8496a,2026-09-04T23:54:28-03:00
74110cff-3ec4-480d-ad98-c8b457c50adb,2026-09-05T06:13:01-03:00
67738df0-4784-4a08-8c9d-f1b8db152f50,2026-09-05T06:24:22-03:00
6dcecd81-e8ee-421f-a34f-55a7e02dd82d,2026-09-05T06:49:02-03:00
674bbcbe-427e-4d47-998b-dfbfaae16381,2026-09-05T06:53:50-03:00
b930c4bd-20e0-4b39-966b-64443421e308,2026-09-05T06:54:35-03:00
c7aac888-75e4-42f2-9131-4b0abb0cee03,2026-09-05T07:19:14-03:00
912d7559-e2c5-4f11-b828-c68dddf16b16,2026-09-05T07:20:24-03:00
f3ac1b9c-dc38-45a9-ba14-a9442e0ee2ab,2026-09-05T07:31:33-03:00
9718b411-0759-4cc4-a90f-4de4e78c4690,2026-09-05T07:33:07-03:00
b313c44a-8a3d-403f-bd36-6170c9a4d412,2026-09-05T08:01:21-03:00
ffab5aab-8c70-4b8a-8783-354343c5eedd,2026-09-05T08:02:01-03:00
a34a6f47-3f1b-4fc7-8a9d-26ccb31c813f,2026-09-05T08:04:02-03:00
fc4dec09-64fb-46e0-85ae-59c5db864719,2026-09-05T08:09:43-03:00
49719ae9-1be3-4bc3-8e84-029837c1070d,2026-09-05T08:16:13-03:00
3ac808ca-a57b-47d1-9826-72a6e9d84810,2026-09-05T08:17:11-03:00
9568d269-8025-4cde-8a48-d43ab5b993db,2026-09-05T08:18:25-03:00
e4b61e98-a580-43e7-bd42-77e61e7dee6c,2026-09-05T08:29:02-03:00
2c547b7c-7de5-429d-9f58-156dd1928fca,2026-09-05T08:29:42-03:00
ef712854-26c6-429a-8ef3-f5208ae84b2e,2026-09-05T08:31:10-03:00
133e6f3e-a4eb-4f09-b051-1afb687dad4f,2026-09-05T08:48:58-03:00
feef3fb2-b26c-4f5e-8ac4-517bb7bd0b1a,2026-09-05T09:04:29-03:00
69dadbcc-4438-4f2c-9b83-586227e06f52,2026-09-05T09:08:40-03:00
88373c7c-1d43-4882-bfc9-dde5b45f3d27,2026-09-05T09:12:55-03:00
55010fbd-a4a3-4dd6-83b4-9e43de35bf83,2026-09-05T09:17:16-03:00
1becd6ee-0076-4970-9c82-aa1ab4cb19f4,2026-09-05T09:23:04-03:00
73916f0d-83f1-4a17-af01-1a2bbe6100e5,2026-09-05T09:27:31-03:00
300c0bb2-1f6c-4308-9e85-249d8a11a277,2026-09-05T09:31:05-03:00
75a25cfe-2388-445e-b4b8-8eecec068396,2026-09-05T09:32:42-03:00
18490f79-4ffb-4e33-876e-8117d0622fc5,2026-09-05T10:00:49-03:00
f7b74bb2-3821-4209-9eac-cacf1d407f69,2026-09-05T10:03:14-03:00
acbdd1bd-c4bd-42af-8f35-3f2afad152fd,2026-09-05T10:11:34-03:00
8f0c1aec-68d4-48d2-8677-522dab1addeb,2026-09-05T11:10:35-03:00
f1f01bc0-6933-48fc-ac60-0091d2d69649,2026-09-05T11:47:23-03:00
f1f01bc0-6933-48fc-ac60-0091d2d69649,2026-09-05T12:06:17-03:00
001481aa-8661-4c80-a221-7d0c40fd0dea,2026-09-05T12:07:49-03:00
8cc5d5e5-4c08-4f20-8110-6e3e9674c27c,2026-09-05T12:21:20-03:00
fcff47c9-85c9-4b47-ac8c-990c030f8498,2026-09-05T12:22:50-03:00
0a1bf5c0-04bf-4fb4-8261-ecdbc80298a8,2026-09-05T12:35:03-03:00
c58f53fe-c900-41d1-848b-d586fb2d953b,2026-09-05T12:35:33-03:00
baf8b356-a185-4330-848a-8bdc72265a10,2026-09-05T12:41:48-03:00
03658df2-2721-4ff3-aa5e-8bf7925c8add,2026-09-05T12:44:28-03:00
18490f79-4ffb-4e33-876e-8117d0622fc5,2026-09-05T12:45:17-03:00
5683d94c-8c3b-4609-b4e8-e11c81d4fead,2026-09-05T12:47:43-03:00
74110cff-3ec4-480d-ad98-c8b457c50adb,2026-09-05T12:51:10-03:00
8e4e5496-10b9-40a0-935a-54aaf7300eb5,2026-09-05T12:58:47-03:00
a34a6f47-3f1b-4fc7-8a9d-26ccb31c813f,2026-09-05T13:11:26-03:00
070127a1-c98c-4140-b09a-f87482f52384,2026-09-05T13:17:20-03:00
a1700d41-f3ff-4070-8788-40b072dcef2d,2026-09-05T13:24:17-03:00
b6a33dd7-5a14-4a50-b2f2-1ed5ff13aa3d,2026-09-05T13:37:11-03:00
6f5d94b5-a9c3-403f-8d38-6bd62e7ec428,2026-09-05T13:37:33-03:00
d254e996-2363-4025-9c3e-7cc48327196e,2026-09-05T13:37:51-03:00
e0131205-9109-4780-afc3-f0aec0b43432,2026-09-05T13:43:24-03:00
47f3759f-c05d-4700-9354-e9cbea6907c1,2026-09-05T13:44:45-03:00
d786bdde-e18b-46fc-9e05-201ebef1f85c,2026-09-05T14:03:19-03:00
4e6d95b1-b84c-47ea-8882-55bbdfbb7a52,2026-09-05T14:03:55-03:00
2679a553-1548-4b4f-afc8-8c3217fc1954,2026-09-05T14:06:39-03:00
8cc5d5e5-4c08-4f20-8110-6e3e9674c27c,2026-09-05T14:10:11-03:00
a5cb5c3b-949e-485b-9799-2f56d096dbb6,2026-09-05T14:11:11-03:00
47833223-98ea-4e00-bfc1-11f99ea76662,2026-09-05T14:15:41-03:00
2198e7b7-1971-466d-8051-1f36e7a71b9a,2026-09-05T14:19:28-03:00
fdc8ce90-5d8e-4633-bb0c-6eb09a8635cc,2026-09-05T14:28:18-03:00
1d418502-22a7-4b6e-9978-0fefc147e915,2026-09-05T14:28:38-03:00
47cf2dc7-e7f7-4797-89f0-789c17cc0a00,2026-09-05T14:33:41-03:00
f3ac1b9c-dc38-45a9-ba14-a9442e0ee2ab,2026-09-05T14:42:39-03:00
e803e5c6-858d-45f5-b09b-7935ad19ee74,2026-09-05T14:47:23-03:00
9c4372c0-b901-4fe2-8d89-083d69e390af,2026-09-05T14:50:45-03:00
cc5aff6d-c56e-44ff-877c-54bba590fb55,2026-09-05T15:09:53-03:00
7e2881f9-c700-491c-b935-76ce042b839b,2026-09-05T15:18:38-03:00
b5b66e1d-2391-4e19-ba80-34b9dd7a85e3,2026-09-05T15:19:05-03:00
b8a18f30-62c6-4681-8a22-6220f351119a,2026-09-05T15:30:56-03:00
f75c9fbb-766f-472a-898f-c82a7e708e10,2026-09-05T15:35:01-03:00
62fa174e-75a1-44a6-bc9c-3a9184ea89be,2026-09-05T15:39:25-03:00
77f30d59-50e4-4c67-bd26-b1e484e261fc,2026-09-05T15:46:01-03:00
987a1c42-fa45-4b9a-8188-4b006df76679,2026-09-05T16:13:39-03:00
89934fab-906f-4bf0-ba46-c9292c0f7870,2026-09-05T16:13:51-03:00
a6348d1a-9cf7-400c-ade5-a6acd24f916b,2026-09-05T16:16:12-03:00
2198e7b7-1971-466d-8051-1f36e7a71b9a,2026-09-05T16:16:45-03:00
d772e854-52c2-464c-b181-956f550c447b,2026-09-05T16:38:17-03:00
d169743e-652c-4fa7-b85b-fc7bedc2de89,2026-09-05T16:40:57-03:00
400ffd1f-2a42-46c1-a7c9-623c3ca07a97,2026-09-05T16:51:27-03:00
a2ba3863-a98c-4cad-a126-e80e8c7cde7a,2026-09-05T17:03:01-03:00
df13cbb0-d954-4cf6-8987-7b0389cf03ae,2026-09-05T17:13:48-03:00
47881c91-83a5-4062-adff-f9c9fd8273d7,2026-09-05T17:26:07-03:00
d19af899-bb0c-4ced-9909-1643d0cd7f7c,2026-09-05T17:31:12-03:00
4a78ff1b-a832-4d8c-ad9d-f3a7fc3b78c9,2026-09-05T17:32:18-03:00
5d1b11a1-4118-4e2c-8702-1d81810c3c60,2026-09-05T17:32:48-03:00
e8461fd8-c033-47a2-a2b9-63ec8d6e4271,2026-09-05T17:36:06-03:00
c58f53fe-c900-41d1-848b-d586fb2d953b,2026-09-05T17:37:43-03:00
a31bbca7-89cd-4285-bab6-b1f500894995,2026-09-05T18:00:49-03:00
4e9a6fd4-8ad2-4abe-9a62-b5cc5c544bd5,2026-09-05T18:05:36-03:00
954a9718-c280-479c-bbb0-784a272b1d0f,2026-09-05T18:05:55-03:00
b6219ffa-dd01-4ea8-a806-ca8868dbb7aa,2026-09-05T18:07:07-03:00
eb0f2e85-02fe-4350-921f-57b77c4c21d5,2026-09-05T18:12:21-03:00
a5200934-c28b-4403-a587-99c447caf120,2026-09-05T18:17:51-03:00
e88174ed-c99e-46c1-bb9a-b9382febd3b0,2026-09-05T18:18:26-03:00
0571a628-58b5-4e94-a85c-76b4d1be06f2,2026-09-05T18:29:15-03:00
863ccc4e-4c1a-4f94-9042-a22fbbe9996f,2026-09-05T18:29:50-03:00
fd04633f-6587-4b3a-b5ba-6bd78bc0b085,2026-09-05T18:43:03-03:00
7317e468-b692-4094-b006-b51e76843a35,2026-09-05T18:48:53-03:00
f42beb3e-9bd9-4a7b-a699-c1bdee25eb32,2026-09-05T18:55:26-03:00
9803f12e-248e-4386-96ec-48e0a7e0c0b4,2026-09-05T18:56:44-03:00
75a25cfe-2388-445e-b4b8-8eecec068396,2026-09-05T18:59:32-03:00
cbaf4bc2-fe5c-4ac5-960c-e795a6afc650,2026-09-05T19:05:26-03:00
530b1a00-3091-47a6-b2f4-697153a29902,2026-09-05T19:05:37-03:00
9718b411-0759-4cc4-a90f-4de4e78c4690,2026-09-05T19:06:08-03:00
77907b7d-2c49-4096-861a-40d8b858e199,2026-09-05T19:06:47-03:00
5e40a847-1cc2-469f-a387-571cabcdd708,2026-09-05T19:07:13-03:00
4f9477cf-fe5e-4d4d-8d0b-5cc21db39074,2026-09-05T19:09:20-03:00
914ad948-05cc-48b2-af17-72a63ca5ba14,2026-09-05T19:10:42-03:00
17dcbd2a-71bc-4148-8df3-e3e760e88671,2026-09-05T19:14:10-03:00
cf694a1e-cbc9-4f6e-8eef-ea20f93dc713,2026-09-05T19:15:15-03:00
9c4372c0-b901-4fe2-8d89-083d69e390af,2026-09-05T19:31:54-03:00
b7c2c8d3-2026-49c9-9955-1946d4749338,2026-09-05T19:43:51-03:00
d254e996-2363-4025-9c3e-7cc48327196e,2026-09-05T19:45:15-03:00
852cc580-9cf4-4de2-8fa3-d1a506a4aaa0,2026-09-05T19:51:46-03:00
dc261513-fa73-40cd-bef0-3aaa2663c23d,2026-09-05T19:58:38-03:00
6224c4f3-0406-47c6-9bf4-7661eba06211,2026-09-05T20:04:21-03:00
26d1fbd7-76dc-4672-9547-ab1a24edc02d,2026-09-05T20:06:48-03:00
246e9c60-87ce-4e05-91ea-50ec6b353fe0,2026-09-05T20:07:54-03:00
47cf2dc7-e7f7-4797-89f0-789c17cc0a00,2026-09-05T20:09:36-03:00
66ef1093-5907-4924-ab21-56e5b7e22cb1,2026-09-05T20:12:05-03:00
04a7823c-75fa-4198-bd66-879a5d2019de,2026-09-05T20:13:24-03:00
e0131205-9109-4780-afc3-f0aec0b43432,2026-09-05T20:19:06-03:00
a5200934-c28b-4403-a587-99c447caf120,2026-09-05T20:19:16-03:00
f4da9499-c9aa-427d-ab30-ee6aae5f87b8,2026-09-05T20:20:49-03:00
edba9f48-1982-44e0-8600-1f83e681059b,2026-09-05T20:21:14-03:00
3d7e230e-453f-4032-90e3-e55ab858d745,2026-09-05T20:30:17-03:00
fcfada1b-f44b-49de-998d-dd6247a49881,2026-09-05T20:32:34-03:00
2c547b7c-7de5-429d-9f58-156dd1928fca,2026-09-05T20:40:54-03:00
fb08f3b4-43f4-4590-946a-30fbd8094881,2026-09-05T20:49:11-03:00
7ca8f3a7-d1c0-402d-af08-90ce6f598e59,2026-09-05T20:49:26-03:00
2c8a5011-91eb-477f-a4c9-bb9e5a91e4be,2026-09-05T20:50:51-03:00
acbdd1bd-c4bd-42af-8f35-3f2afad152fd,2026-09-05T20:54:21-03:00
be577f71-b4f7-4bdc-a4c2-6a0325a828ff,2026-09-05T20:57:23-03:00
954a9718-c280-479c-bbb0-784a272b1d0f,2026-09-05T21:17:24-03:00
823ffdec-43d2-478a-a7d1-12738434afaf,2026-09-05T21:18:10-03:00
b1ed24c0-4037-4922-b5bb-fd9bc6ec04c9,2026-09-05T21:19:15-03:00
360dbb7d-938f-4118-8f15-d8497b7041e1,2026-09-05T21:27:48-03:00
68b5711a-cdd4-42df-b956-2992d25a04ef,2026-09-05T21:38:13-03:00
eb8660ea-b6d2-4715-ad13-fa197a2f4af7,2026-09-05T21:43:55-03:00
69dadbcc-4438-4f2c-9b83-586227e06f52,2026-09-05T21:47:01-03:00
f0abcab1-6321-4ecb-8ba9-7bd317a089a7,2026-09-05T21:53:09-03:00
4537575d-3e72-4359-aa46-c26b20a32b08,2026-09-05T22:05:50-03:00
b930c4bd-20e0-4b39-966b-64443421e308,2026-09-05T22:05:56-03:00
3a43653f-97dd-419b-8816-76483027349f,2026-09-05T22:11:01-03:00
2e5befb3-57ff-4a4d-8019-5856f458e73e,2026-09-05T22:20:44-03:00
9b777407-b410-4ba3-8325-31caa437157d,2026-09-05T22:28:39-03:00
7ca8f3a7-d1c0-402d-af08-90ce6f598e59,2026-09-05T22:42:13-03:00
488bfe58-d992-478c-981c-9f5b02344873,2026-09-05T23:06:25-03:00
6f5d94b5-a9c3-403f-8d38-6bd62e7ec428,2026-09-05T23:24:00-03:00
04a7823c-75fa-4198-bd66-879a5d2019de,2026-09-05T23:54:48-03:00
a81a5af9-195e-4e1a-a42d-4df574b9d5c9,2026-09-06T06:01:47-03:00
b313c44a-8a3d-403f-bd36-6170c9a4d412,2026-09-06T06:25:34-03:00
a1700d41-f3ff-4070-8788-40b072dcef2d,2026-09-06T06:39:52-03:00
e6fc0f49-0390-4c91-bb1d-b27b75b1e9a2,2026-09-06T07:01:09-03:00
2c547b7c-7de5-429d-9f58-156dd1928fca,2026-09-06T07:10:27-03:00
2256b9c7-d1db-4536-ad72-054afd567cb2,2026-09-06T07:28:50-03:00
86c56b5e-359a-4221-b7d0-3162eeae05bc,2026-09-06T07:30:54-03:00
26d1fbd7-76dc-4672-9547-ab1a24edc02d,2026-09-06T07:38:52-03:00
a1d6eb71-05ac-4a10-a4e6-75f7a975d2b4,2026-09-06T07:47:58-03:00
debb3c52-ad38-41dc-b901-ee2bf7e72005,2026-09-06T07:48:17-03:00
62fa174e-75a1-44a6-bc9c-3a9184ea89be,2026-09-06T07:56:25-03:00
0963027b-315c-450e-8c3a-74550ffa10ef,2026-09-06T07:57:20-03:00
0a1bf5c0-04bf-4fb4-8261-ecdbc80298a8,2026-09-06T08:19:24-03:00
731627ce-4776-48b4-85b5-db648ce7eb05,2026-09-06T08:30:50-03:00
62b64148-c6cf-4c07-b3e3-ab3e6bdfd457,2026-09-06T08:30:57-03:00
4c62e000-8079-4aad-b6cb-a871cd35df39,2026-09-06T08:35:56-03:00
5a6329da-c0e5-4791-ac77-7503d82554ea,2026-09-06T08:40:01-03:00
dd31392f-7950-44a4-af42-c8a615706f7b,2026-09-06T08:44:15-03:00
9718b411-0759-4cc4-a90f-4de4e78c4690,2026-09-06T08:58:46-03:00
62b64148-c6cf-4c07-b3e3-ab3e6bdfd457,2026-09-06T09:06:55-03:00
0963027b-315c-450e-8c3a-74550ffa10ef,2026-09-06T09:13:12-03:00
5a6329da-c0e5-4791-ac77-7503d82554ea,2026-09-06T09:14:19-03:00
0ae15d25-c97f-4842-9d3b-7f205380d856,2026-09-06T09:31:04-03:00
01003cbb-a807-4d23-93ba-18b8c9ff2125,2026-09-06T09:33:39-03:00
b3010f1e-1097-4583-90c4-c22e1bbd666f,2026-09-06T09:47:51-03:00
9803f12e-248e-4386-96ec-48e0a7e0c0b4,2026-09-06T09:49:08-03:00
ce4dc588-6fac-49fa-87e1-3dae38e8eed5,2026-09-06T10:15:55-03:00
01003cbb-a807-4d23-93ba-18b8c9ff2125,2026-09-06T10:16:58-03:00
3743a7f0-afdd-4331-ba16-86ca4be7fdce,2026-09-06T10:19:33-03:00
7ca8f3a7-d1c0-402d-af08-90ce6f598e59,2026-09-06T10:20:28-03:00
e0131205-9109-4780-afc3-f0aec0b43432,2026-09-06T10:34:16-03:00
68b5711a-cdd4-42df-b956-2992d25a04ef,2026-09-06T10:39:40-03:00
fcf632f0-dab7-45ac-9220-74d216a8390d,2026-09-06T10:48:03-03:00
d169743e-652c-4fa7-b85b-fc7bedc2de89,2026-09-06T11:00:11-03:00
c58f53fe-c900-41d1-848b-d586fb2d953b,2026-09-06T11:11:21-03:00
7181d3f7-662a-44aa-8f6e-9389ff4dc95e,2026-09-06T11:11:26-03:00
8b357f63-c24d-4122-a745-b3a624e7d951,2026-09-06T11:15:25-03:00
2c8a5011-91eb-477f-a4c9-bb9e5a91e4be,2026-09-06T11:44:23-03:00
12662e6b-2068-415f-966e-e3ada53c8185,2026-09-06T11:54:45-03:00
b61e4aa6-ca79-4db0-bad5-d6fb1aa9ef99,2026-09-06T12:05:55-03:00
fd04633f-6587-4b3a-b5ba-6bd78bc0b085,2026-09-06T12:07:00-03:00
9c4372c0-b901-4fe2-8d89-083d69e390af,2026-09-06T12:23:44-03:00
f572c334-5672-41a1-842d-c470f4925d18,2026-09-06T12:40:41-03:00
171346fe-55d9-4f3a-b276-65d8949cad2e,2026-09-06T12:42:01-03:00
d169743e-652c-4fa7-b85b-fc7bedc2de89,2026-09-06T12:54:24-03:00
2b0a3003-67f1-4e44-9723-212e69760007,2026-09-06T12:56:14-03:00
2b0a3003-67f1-4e44-9723-212e69760007,2026-09-06T13:01:19-03:00
642ea164-a302-402c-ae4d-4ec15f2cf519,2026-09-06T13:03:57-03:00
a086891f-d6ab-4709-a303-75ef4c56512f,2026-09-06T13:17:49-03:00
b3010f1e-1097-4583-90c4-c22e1bbd666f,2026-09-06T13:19:43-03:00
fc160c5b-5da4-4901-9d7c-9fd85712be19,2026-09-06T13:27:29-03:00
334af7c8-ef2d-4c8d-8bea-23cc393c5fb5,2026-09-06T13:31:30-03:00
b584720a-c001-408e-9f81-ad6d9cfc73ff,2026-09-06T13:40:09-03:00
0ae15d25-c97f-4842-9d3b-7f205380d856,2026-09-06T13:41:15-03:00
a2ea1fc7-6f8c-4640-85c0-ac9720b088c9,2026-09-06T13:52:45-03:00
8d6104c4-cb32-44fd-a4c2-b4f45f166128,2026-09-06T14:34:04-03:00
656306f4-8a57-4e18-9d0a-565b197ba01a,2026-09-06T15:00:55-03:00
18490f79-4ffb-4e33-876e-8117d0622fc5,2026-09-06T15:04:44-03:00
9483f44e-8fa7-4c8a-a52c-8ee9ea41b115,2026-09-06T15:41:10-03:00
174495c8-be31-4c1c-a8bd-f98e453476a4,2026-09-06T15:56:42-03:00
f9bc69f7-f81c-42ac-b8ab-0a3ebed8496a,2026-09-06T16:01:04-03:00
2679a553-1548-4b4f-afc8-8c3217fc1954,2026-09-06T16:04:00-03:00
9e7efe95-51f6-487e-bb82-7e9777e80193,2026-09-06T16:05:30-03:00
a22e90de-9f69-465f-bc31-86af1edbc160,2026-09-06T16:06:54-03:00
987a1c42-fa45-4b9a-8188-4b006df76679,2026-09-06T16:38:38-03:00
f4ce2714-b5cc-4dde-8aea-7f7d36c7d3bd,2026-09-06T16:52:46-03:00
954a9718-c280-479c-bbb0-784a272b1d0f,2026-09-06T17:22:05-03:00
17f56689-36c5-4349-8c1f-604553aa5a36,2026-09-06T17:44:41-03:00
6f5d94b5-a9c3-403f-8d38-6bd62e7ec428,2026-09-06T17:47:26-03:00
47881c91-83a5-4062-adff-f9c9fd8273d7,2026-09-06T17:58:57-03:00
a34a6f47-3f1b-4fc7-8a9d-26ccb31c813f,2026-09-06T18:27:52-03:00
a22e90de-9f69-465f-bc31-86af1edbc160,2026-09-06T18:29:26-03:00
b930c4bd-20e0-4b39-966b-64443421e308,2026-09-06T18:33:14-03:00
66ef1093-5907-4924-ab21-56e5b7e22cb1,2026-09-06T18:35:27-03:00
ec5072c3-fa73-4738-8c72-11efa6e57dba,2026-09-06T18:36:30-03:00
300c0bb2-1f6c-4308-9e85-249d8a11a277,2026-09-06T18:38:02-03:00
5593b55a-c917-4fe2-8b0d-4ad5d7371656,2026-09-06T18:39:03-03:00
b61e4aa6-ca79-4db0-bad5-d6fb1aa9ef99,2026-09-06T18:39:07-03:00
79706896-2f27-4a11-9eaf-7f5d44abadd7,2026-09-06T18:39:13-03:00
742e5b4b-7ead-4aa7-a9a1-5d385a35e348,2026-09-06T18:39:37-03:00
097341c9-1abe-4cbe-9633-f4240c77ab57,2026-09-06T18:41:27-03:00
3817ecfa-cdbb-402b-bdf7-ab09674a7d6b,2026-09-06T18:41:38-03:00
debb3c52-ad38-41dc-b901-ee2bf7e72005,2026-09-06T18:48:40-03:00
64c553e9-120c-4401-8a5f-29609abfbe42,2026-09-06T18:50:37-03:00
95d9fd79-c27b-4406-87b6-ff3292e75385,2026-09-06T18:55:47-03:00
a34a6f47-3f1b-4fc7-8a9d-26ccb31c813f,2026-09-06T19:04:35-03:00
a5200934-c28b-4403-a587-99c447caf120,2026-09-06T19:21:27-03:00
7e4dcb48-7804-4cc1-9904-38a4233c9739,2026-09-06T19:25:40-03:00
63a65720-bb80-475d-b2da-94c4c313c0b5,2026-09-06T19:30:35-03:00
3ddc7eeb-0f87-41fa-9849-5c63625f19b4,2026-09-06T19:39:56-03:00
47881c91-83a5-4062-adff-f9c9fd8273d7,2026-09-06T19:43:52-03:00
b9ac272c-142f-4eaa-b923-c53f04496401,2026-09-06T19:49:29-03:00
ffab5aab-8c70-4b8a-8783-354343c5eedd,2026-09-06T19:49:45-03:00
04a7823c-75fa-4198-bd66-879a5d2019de,2026-09-06T19:53:18-03:00
b7c2c8d3-2026-49c9-9955-1946d4749338,2026-09-06T19:56:39-03:00
914ad948-05cc-48b2-af17-72a63ca5ba14,2026-09-06T19:56:52-03:00
248ee5e3-74a7-493e-86a3-217122c55074,2026-09-06T20:01:32-03:00
4dfd42d4-1264-4b24-affd-7a251c499291,2026-09-06T20:02:28-03:00
842eb88e-c30f-4a09-9145-8bfefbdaa429,2026-09-06T20:09:35-03:00
a748f7b5-60ec-4188-a569-69302f170a2b,2026-09-06T20:13:16-03:00
0a1bf5c0-04bf-4fb4-8261-ecdbc80298a8,2026-09-06T20:16:17-03:00
129337b7-3d85-477c-b37f-5c680be7a119,2026-09-06T20:17:29-03:00
d254e996-2363-4025-9c3e-7cc48327196e,2026-09-06T20:19:38-03:00
933faec4-e418-4ad9-a8a1-a1fd1915a8fc,2026-09-06T20:22:49-03:00
f1f01bc0-6933-48fc-ac60-0091d2d69649,2026-09-06T20:29:26-03:00
1dec0dd5-4ae7-4baa-8eaa-161a30963e91,2026-09-06T20:29:27-03:00
79706896-2f27-4a11-9eaf-7f5d44abadd7,2026-09-06T20:38:40-03:00
693486f5-1cb4-46ab-bd7c-85ca30bd1527,2026-09-06T20:41:00-03:00
a5200934-c28b-4403-a587-99c447caf120,2026-09-06T20:43:53-03:00
6224c4f3-0406-47c6-9bf4-7661eba06211,2026-09-06T20:46:52-03:00
83734873-b407-416d-9043-cf1f03203e48,2026-09-06T20:48:35-03:00
86c56b5e-359a-4221-b7d0-3162eeae05bc,2026-09-06T20:52:40-03:00
be577f71-b4f7-4bdc-a4c2-6a0325a828ff,2026-09-06T20:52:57-03:00
174495c8-be31-4c1c-a8bd-f98e453476a4,2026-09-06T21:02:16-03:00
472fb8aa-f47d-4cff-a822-4e67980f64cc,2026-09-06T21:22:28-03:00
488bfe58-d992-478c-981c-9f5b02344873,2026-09-06T21:31:28-03:00
f572c334-5672-41a1-842d-c470f4925d18,2026-09-06T21:31:56-03:00
03168ade-ba1c-4132-b42b-e569bfb85731,2026-09-06T21:32:58-03:00
d254e996-2363-4025-9c3e-7cc48327196e,2026-09-06T21:34:10-03:00
2679a553-1548-4b4f-afc8-8c3217fc1954,2026-09-06T21:43:16-03:00
123f2d21-7fb8-4195-8256-ac26714a80d4,2026-09-06T21:56:29-03:00
fc160c5b-5da4-4901-9d7c-9fd85712be19,2026-09-06T22:15:31-03:00
001481aa-8661-4c80-a221-7d0c40fd0dea,2026-09-06T22:21:11-03:00
3817ecfa-cdbb-402b-bdf7-ab09674a7d6b,2026-09-06T22:22:43-03:00
77907b7d-2c49-4096-861a-40d8b858e199,2026-09-06T22:28:53-03:00
954a9718-c280-479c-bbb0-784a272b1d0f,2026-09-06T22:32:32-03:00
b6a33dd7-5a14-4a50-b2f2-1ed5ff13aa3d,2026-09-06T22:35:58-03:00
afd25cdc-8200-4c75-a7b3-d828005d8b2f,2026-09-06T22:41:15-03:00
c76e885b-ad04-403b-921d-bb338b80b059,2026-09-06T22:57:57-03:00
4a78ff1b-a832-4d8c-ad9d-f3a7fc3b78c9,2026-09-07T06:16:29-03:00
f7b74bb2-3821-4209-9eac-cacf1d407f69,2026-09-07T06:17:16-03:00
a1c42ac3-c204-4a54-9d3a-25603a5c23b3,2026-09-07T06:20:44-03:00
701d5d6c-29a3-4f99-88ab-9ad29e236345,2026-09-07T06:21:59-03:00
b3d71a4c-34a6-4f0f-bea2-79c2c5f81f16,2026-09-07T06:36:57-03:00
89934fab-906f-4bf0-ba46-c9292c0f7870,2026-09-07T07:02:06-03:00
81f3f4f0-9ed1-4a15-bb1f-1a95178fc98d,2026-09-07T07:15:57-03:00
e03cf354-f2a3-4841-b547-e76792eb1a8d,2026-09-07T07:24:00-03:00
96721e62-3b7f-4ada-a2b0-c71fd9f27055,2026-09-07T07:25:01-03:00
1dec0dd5-4ae7-4baa-8eaa-161a30963e91,2026-09-07T08:06:29-03:00
6f5d94b5-a9c3-403f-8d38-6bd62e7ec428,2026-09-07T08:10:16-03:00
46d3d47a-b599-4391-b1ae-e8fb5271c0bf,2026-09-07T08:27:44-03:00
f9bc69f7-f81c-42ac-b8ab-0a3ebed8496a,2026-09-07T08:28:31-03:00
17e569ff-b707-4edb-8046-ad4771c3c962,2026-09-07T08:39:44-03:00
f8ce0f67-48c8-4ccf-b8b1-21159cb64d8f,2026-09-07T08:49:37-03:00
03658df2-2721-4ff3-aa5e-8bf7925c8add,2026-09-07T08:52:09-03:00
89934fab-906f-4bf0-ba46-c9292c0f7870,2026-09-07T08:53:18-03:00
55010fbd-a4a3-4dd6-83b4-9e43de35bf83,2026-09-07T09:12:30-03:00
b9a7b147-c815-4b76-a46a-a5f0d965ef5f,2026-09-07T09:15:01-03:00
65c43e3a-7de7-467f-80eb-f6da3ecaa17c,2026-09-07T10:41:42-03:00
38f36f2d-de28-42c3-9c16-11b0984375cd,2026-09-07T11:03:44-03:00
66ef1093-5907-4924-ab21-56e5b7e22cb1,2026-09-07T11:09:44-03:00
fcf632f0-dab7-45ac-9220-74d216a8390d,2026-09-07T11:11:40-03:00
e803e5c6-858d-45f5-b09b-7935ad19ee74,2026-09-07T11:13:17-03:00
e8de25ab-e07d-49fe-b6ff-055c75945578,2026-09-07T11:34:05-03:00
e4b61e98-a580-43e7-bd42-77e61e7dee6c,2026-09-07T11:36:11-03:00
cbbcf8c0-c10e-4a2e-8f73-d45930317336,2026-09-07T11:36:58-03:00
62fa174e-75a1-44a6-bc9c-3a9184ea89be,2026-09-07T11:37:38-03:00
b9a7b147-c815-4b76-a46a-a5f0d965ef5f,2026-09-07T11:38:09-03:00
987a1c42-fa45-4b9a-8188-4b006df76679,2026-09-07T11:39:00-03:00
a93dce4e-f917-4e15-af87-31101b777450,2026-09-07T11:56:16-03:00
2256b9c7-d1db-4536-ad72-054afd567cb2,2026-09-07T12:02:34-03:00
dd31392f-7950-44a4-af42-c8a615706f7b,2026-09-07T12:06:54-03:00
945d32af-2611-4fb8-b931-e83ec0454ad9,2026-09-07T12:29:33-03:00
e897a670-e157-4f82-9aa7-15501ed3688f,2026-09-07T12:36:44-03:00
b1ba28ec-cc1d-4da1-a9ea-744eb89cdf13,2026-09-07T12:40:01-03:00
cf694a1e-cbc9-4f6e-8eef-ea20f93dc713,2026-09-07T12:44:04-03:00
400ffd1f-2a42-46c1-a7c9-623c3ca07a97,2026-09-07T13:00:13-03:00
b6219ffa-dd01-4ea8-a806-ca8868dbb7aa,2026-09-07T13:07:12-03:00
acbdd1bd-c4bd-42af-8f35-3f2afad152fd,2026-09-07T13:11:51-03:00
46d3d47a-b599-4391-b1ae-e8fb5271c0bf,2026-09-07T13:15:19-03:00
9b777407-b410-4ba3-8325-31caa437157d,2026-09-07T13:26:57-03:00
c58f53fe-c900-41d1-848b-d586fb2d953b,2026-09-07T13:32:23-03:00
fdc8ce90-5d8e-4633-bb0c-6eb09a8635cc,2026-09-07T13:51:40-03:00
f1f01bc0-6933-48fc-ac60-0091d2d69649,2026-09-07T14:08:33-03:00
f42beb3e-9bd9-4a7b-a699-c1bdee25eb32,2026-09-07T14:08:39-03:00
01003cbb-a807-4d23-93ba-18b8c9ff2125,2026-09-07T14:13:06-03:00
f3c2011a-c2ea-44a8-a17b-936c26cdebb0,2026-09-07T14:17:41-03:00
f1f01bc0-6933-48fc-ac60-0091d2d69649,2026-09-07T14:20:35-03:00
3ddc7eeb-0f87-41fa-9849-5c63625f19b4,2026-09-07T14:26:02-03:00
debb3c52-ad38-41dc-b901-ee2bf7e72005,2026-09-07T14:38:10-03:00
be314718-d6d3-410e-a74a-6aa76618456e,2026-09-07T15:10:50-03:00
f3ac1b9c-dc38-45a9-ba14-a9442e0ee2ab,2026-09-07T15:15:23-03:00
12662e6b-2068-415f-966e-e3ada53c8185,2026-09-07T15:18:29-03:00
b61e4aa6-ca79-4db0-bad5-d6fb1aa9ef99,2026-09-07T15:56:29-03:00
b7c2c8d3-2026-49c9-9955-1946d4749338,2026-09-07T16:04:11-03:00
5785a9d6-6ebe-4fde-b637-7575849d5fb5,2026-09-07T16:07:14-03:00
a5200934-c28b-4403-a587-99c447caf120,2026-09-07T16:18:35-03:00
b51c10a8-7f7c-4e7b-ade2-20756dcc0ce7,2026-09-07T16:21:50-03:00
96721e62-3b7f-4ada-a2b0-c71fd9f27055,2026-09-07T16:22:59-03:00
001481aa-8661-4c80-a221-7d0c40fd0dea,2026-09-07T16:35:20-03:00
4d38311e-b8b7-4813-b537-938f184d9cb5,2026-09-07T16:38:08-03:00
693486f5-1cb4-46ab-bd7c-85ca30bd1527,2026-09-07T17:02:02-03:00
d190f6d4-137f-4787-a68f-37428a06c1d8,2026-09-07T17:07:06-03:00
0330d70a-73e0-4231-b014-0621fa94418b,2026-09-07T17:16:03-03:00
3ddc7eeb-0f87-41fa-9849-5c63625f19b4,2026-09-07T17:24:20-03:00
9d100814-9d3a-42b6-917f-174fff97d163,2026-09-07T17:25:55-03:00
b6219ffa-dd01-4ea8-a806-ca8868dbb7aa,2026-09-07T17:28:54-03:00
debb3c52-ad38-41dc-b901-ee2bf7e72005,2026-09-07T17:43:10-03:00
fc160c5b-5da4-4901-9d7c-9fd85712be19,2026-09-07T17:55:56-03:00
5d1b11a1-4118-4e2c-8702-1d81810c3c60,2026-09-07T17:56:13-03:00
39f3c09b-0777-46ae-b8b0-f11398450952,2026-09-07T17:57:42-03:00
5cef4e91-beb5-41d2-9fa7-806a91139a66,2026-09-07T18:01:50-03:00
914ad948-05cc-48b2-af17-72a63ca5ba14,2026-09-07T18:01:53-03:00
81f3f4f0-9ed1-4a15-bb1f-1a95178fc98d,2026-09-07T18:02:38-03:00
350fdb78-2528-4b24-aa65-ab09a56fd76c,2026-09-07T18:07:08-03:00
a22e90de-9f69-465f-bc31-86af1edbc160,2026-09-07T18:08:06-03:00
53b128e5-4019-4949-bd7b-e94a23e14fe3,2026-09-07T18:11:29-03:00
1b9fe081-7fc4-4cfe-a13e-a6d86ea76128,2026-09-07T18:30:15-03:00
3bd59652-4c13-4673-bf18-180626a28b54,2026-09-07T18:32:52-03:00
afd25cdc-8200-4c75-a7b3-d828005d8b2f,2026-09-07T18:44:55-03:00
697361f5-d6d0-4cf8-9f4b-caab60b56b0e,2026-09-07T19:01:22-03:00
9111d404-117b-426d-a495-6f0050544d56,2026-09-07T19:02:47-03:00
bd3de0ea-abd0-41b5-a886-778fe3251ae0,2026-09-07T19:07:10-03:00
13e90a5f-e4fe-4da5-afc0-24b163328980,2026-09-07T19:08:16-03:00
26c8f1ca-0803-412e-9cc5-e48cc6aaf831,2026-09-07T19:08:25-03:00
17dcbd2a-71bc-4148-8df3-e3e760e88671,2026-09-07T19:11:55-03:00
15045214-2247-4403-b0bf-4f1a9c293447,2026-09-07T19:16:20-03:00
5a6329da-c0e5-4791-ac77-7503d82554ea,2026-09-07T19:17:27-03:00
171346fe-55d9-4f3a-b276-65d8949cad2e,2026-09-07T19:17:32-03:00
acbdd1bd-c4bd-42af-8f35-3f2afad152fd,2026-09-07T19:17:49-03:00
6588b661-f3a4-4eb6-9c0e-c1dbde3e39d5,2026-09-07T19:23:51-03:00
4c62e000-8079-4aad-b6cb-a871cd35df39,2026-09-07T19:28:44-03:00
12a24577-02b5-4443-ac17-334337f7692d,2026-09-07T19:29:33-03:00
65c43e3a-7de7-467f-80eb-f6da3ecaa17c,2026-09-07T19:29:55-03:00
b7c2c8d3-2026-49c9-9955-1946d4749338,2026-09-07T19:31:12-03:00
fb08f3b4-43f4-4590-946a-30fbd8094881,2026-09-07T19:34:07-03:00
f8dfda31-8afd-4e58-9469-b48ecf729077,2026-09-07T19:36:06-03:00
9568d269-8025-4cde-8a48-d43ab5b993db,2026-09-07T19:36:40-03:00
9568d269-8025-4cde-8a48-d43ab5b993db,2026-09-07T19:44:56-03:00
133e6f3e-a4eb-4f09-b051-1afb687dad4f,2026-09-07T19:45:09-03:00
674bbcbe-427e-4d47-998b-dfbfaae16381,2026-09-07T19:49:37-03:00
17dcbd2a-71bc-4148-8df3-e3e760e88671,2026-09-07T19:54:06-03:00
88373c7c-1d43-4882-bfc9-dde5b45f3d27,2026-09-07T19:57:44-03:00
74110cff-3ec4-480d-ad98-c8b457c50adb,2026-09-07T20:03:00-03:00
db1e8eaa-fa43-452e-a96a-fbb23f8a54d6,2026-09-07T20:10:53-03:00
123f2d21-7fb8-4195-8256-ac26714a80d4,2026-09-07T20:12:32-03:00
58e9b50a-0816-4b05-a715-b8f069b2ed05,2026-09-07T20:12:42-03:00
4c62e000-8079-4aad-b6cb-a871cd35df39,2026-09-07T20:18:52-03:00
674bbcbe-427e-4d47-998b-dfbfaae16381,2026-09-07T20:18:58-03:00
e9e55568-4c3b-497d-aa0c-d932c05e3d96,2026-09-07T20:19:34-03:00
afd25cdc-8200-4c75-a7b3-d828005d8b2f,2026-09-07T20:20:00-03:00
c39cc65a-0bf5-4036-87d6-f52aad2a005e,2026-09-07T20:22:50-03:00
2cc7ad16-39c0-4340-ac9b-d269bc12414d,2026-09-07T20:28:51-03:00
2198e7b7-1971-466d-8051-1f36e7a71b9a,2026-09-07T20:29:54-03:00
0327acf1-2fee-47d2-beec-c9acf777b543,2026-09-07T20:30:44-03:00
c4144ca9-cf42-4275-a93b-68d7789406e8,2026-09-07T20:32:52-03:00
987a1c42-fa45-4b9a-8188-4b006df76679,2026-09-07T20:33:21-03:00
03658df2-2721-4ff3-aa5e-8bf7925c8add,2026-09-07T20:35:25-03:00
8b357f63-c24d-4122-a745-b3a624e7d951,2026-09-07T20:36:30-03:00
468123e3-2f79-46a1-8cf6-640ccd9ce86f,2026-09-07T20:43:03-03:00
fdc8ce90-5d8e-4633-bb0c-6eb09a8635cc,2026-09-07T20:43:43-03:00
5a6329da-c0e5-4791-ac77-7503d82554ea,2026-09-07T20:46:00-03:00
b215dedb-270b-4a72-973d-aa6cf9d6d9fe,2026-09-07T20:46:14-03:00
776b9bf6-d3ae-47bd-930b-c08ed0adb214,2026-09-07T20:48:59-03:00
f42beb3e-9bd9-4a7b-a699-c1bdee25eb32,2026-09-07T20:57:08-03:00
26d1fbd7-76dc-4672-9547-ab1a24edc02d,2026-09-07T21:07:14-03:00
0f9b8c97-4f53-4bbb-a24d-0a19f6a5f944,2026-09-07T21:12:47-03:00
5e40a847-1cc2-469f-a387-571cabcdd708,2026-09-07T21:17:43-03:00
d8ff97aa-6d47-4f37-8282-bd334e20c661,2026-09-07T21:27:36-03:00
8b357f63-c24d-4122-a745-b3a624e7d951,2026-09-07T21:29:15-03:00
cea1dcae-2604-4ce7-9ff2-12f15a88dc15,2026-09-07T21:30:03-03:00
4d6b7e01-be75-435f-9e33-807cb0803562,2026-09-07T21:37:47-03:00
763b165d-9848-4545-b83e-cb48d3de1d7e,2026-09-07T21:37:51-03:00
2198e7b7-1971-466d-8051-1f36e7a71b9a,2026-09-07T21:59:42-03:00
13e90a5f-e4fe-4da5-afc0-24b163328980,2026-09-07T22:32:39-03:00
d8ff97aa-6d47-4f37-8282-bd334e20c661,2026-09-07T22:34:04-03:00
6e8d79f1-3124-4837-9efb-8cb717a160e7,2026-09-07T22:47:24-03:00
6ed824ef-ecd4-474f-a622-853c6c6f45df,2026-09-08T07:00:07-03:00
62b64148-c6cf-4c07-b3e3-ab3e6bdfd457,2026-09-08T07:08:17-03:00
34e1904b-c40b-4b16-8556-eccef46768e5,2026-09-08T07:21:28-03:00
38a7897a-3596-4ffc-9142-87f5d9c1d8f6,2026-09-08T07:27:19-03:00
9258996d-ca0c-4158-b9c5-5166d54296f2,2026-09-08T07:32:27-03:00
7ca8f3a7-d1c0-402d-af08-90ce6f598e59,2026-09-08T07:44:53-03:00
be314718-d6d3-410e-a74a-6aa76618456e,2026-09-08T07:52:45-03:00
ba6c08b6-b16a-41e1-a462-9d5c621b71a7,2026-09-08T08:01:13-03:00
b0e34b4a-2a60-4833-a81d-5c9168ee33c7,2026-09-08T08:04:05-03:00
a93dce4e-f917-4e15-af87-31101b777450,2026-09-08T08:21:09-03:00
a81a5af9-195e-4e1a-a42d-4df574b9d5c9,2026-09-08T08:31:34-03:00
f7b74bb2-3821-4209-9eac-cacf1d407f69,2026-09-08T08:53:23-03:00
68b5711a-cdd4-42df-b956-2992d25a04ef,2026-09-08T09:03:44-03:00
74110cff-3ec4-480d-ad98-c8b457c50adb,2026-09-08T09:04:57-03:00
824a7c61-0bbb-46e3-87bf-4b48cc63793e,2026-09-08T09:18:59-03:00
0b1b643e-405f-44a1-a5c5-cbcae283d573,2026-09-08T09:30:13-03:00
64c553e9-120c-4401-8a5f-29609abfbe42,2026-09-08T09:41:19-03:00
55010fbd-a4a3-4dd6-83b4-9e43de35bf83,2026-09-08T09:48:24-03:00
cc5aff6d-c56e-44ff-877c-54bba590fb55,2026-09-08T10:15:59-03:00
b1ba28ec-cc1d-4da1-a9ea-744eb89cdf13,2026-09-08T10:51:13-03:00
2494ba8f-73c5-48a3-823b-986b77c853e8,2026-09-08T11:11:06-03:00
66ef1093-5907-4924-ab21-56e5b7e22cb1,2026-09-08T11:27:28-03:00
cf694a1e-cbc9-4f6e-8eef-ea20f93dc713,2026-09-08T11:38:03-03:00
6eed1d6d-8a1b-4e89-8969-e546c8c50e9d,2026-09-08T11:52:22-03:00
8fb01ea4-c2e7-4cdf-a591-269b0df6ad16,2026-09-08T11:53:44-03:00
488bfe58-d992-478c-981c-9f5b02344873,2026-09-08T12:08:06-03:00
fde3c6b1-c336-475d-974e-b18d26b49257,2026-09-08T12:15:44-03:00
72872c81-60ab-48bb-a1b6-98668f73ef13,2026-09-08T12:19:44-03:00
8a72821d-5a22-4a23-b8d2-63be9caaf56a,2026-09-08T12:33:41-03:00
1077323b-26ce-4732-a6f1-89225ece87fd,2026-09-08T12:33:54-03:00
d19af899-bb0c-4ced-9909-1643d0cd7f7c,2026-09-08T12:40:32-03:00
6eed1d6d-8a1b-4e89-8969-e546c8c50e9d,2026-09-08T12:42:06-03:00
27223943-84b0-42de-bc98-f22b31f5f3d0,2026-09-08T13:02:15-03:00
dd31392f-7950-44a4-af42-c8a615706f7b,2026-09-08T13:05:31-03:00
175cfd69-c02f-4d98-b426-9d7fa134f4a8,2026-09-08T13:07:23-03:00
72872c81-60ab-48bb-a1b6-98668f73ef13,2026-09-08T13:20:49-03:00
28b6e69a-3c11-42c0-92a6-5174dbce288d,2026-09-08T13:36:19-03:00
acbdd1bd-c4bd-42af-8f35-3f2afad152fd,2026-09-08T13:56:57-03:00
ab1a4c26-8dd9-4508-805b-030c7630e2f2,2026-09-08T14:12:36-03:00
ecf882cf-d784-4aa3-9487-e71f4bebfee5,2026-09-08T14:20:32-03:00
accafbaa-5620-4769-b485-5e58e6a5411c,2026-09-08T14:21:16-03:00
96bdb30c-dfda-456a-a2a9-f39c084bcdf4,2026-09-08T14:23:01-03:00
b9a7b147-c815-4b76-a46a-a5f0d965ef5f,2026-09-08T14:42:46-03:00
ffdef72a-f5a2-476d-a5ba-e28a084276e5,2026-09-08T14:47:19-03:00
5838ef61-70f6-429f-8d61-3b88fa5908e9,2026-09-08T14:54:56-03:00
1dec0dd5-4ae7-4baa-8eaa-161a30963e91,2026-09-08T15:07:22-03:00
e4212795-fd8c-4c13-b34f-27d79de3d91e,2026-09-08T16:14:10-03:00
94572e5a-a884-43b4-b0c0-3dd41add70ed,2026-09-08T16:16:18-03:00
b61e4aa6-ca79-4db0-bad5-d6fb1aa9ef99,2026-09-08T16:40:51-03:00
133e6f3e-a4eb-4f09-b051-1afb687dad4f,2026-09-08T16:42:33-03:00
300c0bb2-1f6c-4308-9e85-249d8a11a277,2026-09-08T16:44:46-03:00
ba6c08b6-b16a-41e1-a462-9d5c621b71a7,2026-09-08T16:46:37-03:00
f3ac1b9c-dc38-45a9-ba14-a9442e0ee2ab,2026-09-08T17:00:43-03:00
b7c2c8d3-2026-49c9-9955-1946d4749338,2026-09-08T17:24:21-03:00
19977258-4c8e-4d6b-95ae-979e7fee5b68,2026-09-08T17:25:12-03:00
4537575d-3e72-4359-aa46-c26b20a32b08,2026-09-08T17:48:36-03:00
8e81c4a0-72a2-422a-8340-4766e58b612c,2026-09-08T17:58:58-03:00
e64d6c2b-e8a3-46d7-8307-f5e1a2ac1bde,2026-09-08T18:02:05-03:00
a93dce4e-f917-4e15-af87-31101b777450,2026-09-08T18:06:31-03:00
366eaccb-6abd-42f7-bce5-d0238495366a,2026-09-08T18:06:38-03:00
a5200934-c28b-4403-a587-99c447caf120,2026-09-08T18:07:47-03:00
e9b4f4f6-8dbc-4f90-ba08-645b17fea11a,2026-09-08T18:10:26-03:00
7ca8f3a7-d1c0-402d-af08-90ce6f598e59,2026-09-08T18:13:57-03:00
8d6104c4-cb32-44fd-a4c2-b4f45f166128,2026-09-08T18:35:13-03:00
dfb3d20a-d286-482b-ba01-09fe2cdc302f,2026-09-08T18:42:29-03:00
1ca4dfe6-01a0-4b2d-b616-b3cd3a8603ef,2026-09-08T18:42:30-03:00
097341c9-1abe-4cbe-9633-f4240c77ab57,2026-09-08T18:42:38-03:00
fb08f3b4-43f4-4590-946a-30fbd8094881,2026-09-08T18:47:18-03:00
17f56689-36c5-4349-8c1f-604553aa5a36,2026-09-08T18:52:43-03:00
04a7823c-75fa-4198-bd66-879a5d2019de,2026-09-08T19:01:00-03:00
8456daf7-dd51-4b97-86e3-e427d5f57842,2026-09-08T19:07:59-03:00
33cfefba-e906-464c-854d-25679d6ef852,2026-09-08T19:29:24-03:00
a34a6f47-3f1b-4fc7-8a9d-26ccb31c813f,2026-09-08T19:34:57-03:00
d786bdde-e18b-46fc-9e05-201ebef1f85c,2026-09-08T19:40:21-03:00
cc5aff6d-c56e-44ff-877c-54bba590fb55,2026-09-08T19:40:51-03:00
3ac808ca-a57b-47d1-9826-72a6e9d84810,2026-09-08T19:41:03-03:00
47cf2dc7-e7f7-4797-89f0-789c17cc0a00,2026-09-08T19:51:12-03:00
248ee5e3-74a7-493e-86a3-217122c55074,2026-09-08T19:57:28-03:00
b9a7b147-c815-4b76-a46a-a5f0d965ef5f,2026-09-08T20:00:23-03:00
8ea2d02d-3431-40f8-a08b-24373c80014d,2026-09-08T20:00:32-03:00
d89ac958-867e-41dc-b69a-086b6eabe468,2026-09-08T20:00:55-03:00
8d6104c4-cb32-44fd-a4c2-b4f45f166128,2026-09-08T20:03:43-03:00
38a7897a-3596-4ffc-9142-87f5d9c1d8f6,2026-09-08T20:11:05-03:00
3f1f3e79-3f55-4556-8c87-4a881a908b1d,2026-09-08T20:13:47-03:00
62b64148-c6cf-4c07-b3e3-ab3e6bdfd457,2026-09-08T20:14:01-03:00
47f3759f-c05d-4700-9354-e9cbea6907c1,2026-09-08T20:17:08-03:00
401a0b87-0156-48ce-8883-75abe3c366dc,2026-09-08T20:22:27-03:00
cddb0c66-a759-4cf8-bec0-0d405bf1ab4b,2026-09-08T20:25:00-03:00
f205b5d9-5fb3-4774-b977-ba9802edbe7e,2026-09-08T20:25:02-03:00
a2ea1fc7-6f8c-4640-85c0-ac9720b088c9,2026-09-08T20:45:07-03:00
32334982-e3ef-45b6-bb72-772bb7e6b0e2,2026-09-08T20:49:43-03:00
5596c686-cbf1-4819-a517-5095b5c57595,2026-09-08T20:50:54-03:00
e9b4f4f6-8dbc-4f90-ba08-645b17fea11a,2026-09-08T20:51:52-03:00
63a65720-bb80-475d-b2da-94c4c313c0b5,2026-09-08T20:57:54-03:00
123f2d21-7fb8-4195-8256-ac26714a80d4,2026-09-08T21:13:58-03:00
cf694a1e-cbc9-4f6e-8eef-ea20f93dc713,2026-09-08T21:16:19-03:00
3a6d3f6e-4428-4989-9a3f-a748fda41b68,2026-09-08T21:17:10-03:00
a5200934-c28b-4403-a587-99c447caf120,2026-09-08T21:19:39-03:00
fc160c5b-5da4-4901-9d7c-9fd85712be19,2026-09-08T21:21:20-03:00
987a1c42-fa45-4b9a-8188-4b006df76679,2026-09-08T21:28:17-03:00
8fb01ea4-c2e7-4cdf-a591-269b0df6ad16,2026-09-08T21:28:28-03:00
4c62e000-8079-4aad-b6cb-a871cd35df39,2026-09-08T21:30:48-03:00
a086891f-d6ab-4709-a303-75ef4c56512f,2026-09-08T21:50:50-03:00
ee7e19bd-1403-419f-bbbb-593a0848befc,2026-09-08T22:09:04-03:00
1123a13c-393f-4d29-acd4-e86555870c25,2026-09-08T22:20:30-03:00
b61e4aa6-ca79-4db0-bad5-d6fb1aa9ef99,2026-09-08T22:30:30-03:00
fc51d2b5-a5f3-4e9d-b30e-bc5420ab3879,2026-09-08T23:16:52-03:00
3f5a3ed9-7c02-4e0b-ae61-0c1789918e4d,2026-09-08T23:31:02-03:00
f3689675-9c1e-40ec-857c-0898d5b47de8,2026-09-09T06:09:12-03:00
3c135190-0bac-4f15-a0bd-463598578dd1,2026-09-09T06:09:35-03:00
246e9c60-87ce-4e05-91ea-50ec6b353fe0,2026-09-09T06:49:56-03:00
47cf2dc7-e7f7-4797-89f0-789c17cc0a00,2026-09-09T07:27:50-03:00
4537575d-3e72-4359-aa46-c26b20a32b08,2026-09-09T07:36:15-03:00
bc49028d-2f3f-4f93-a6a7-80a0c556f5e1,2026-09-09T07:43:40-03:00
47cf2dc7-e7f7-4797-89f0-789c17cc0a00,2026-09-09T08:05:13-03:00
b8a18f30-62c6-4681-8a22-6220f351119a,2026-09-09T08:06:40-03:00
88373c7c-1d43-4882-bfc9-dde5b45f3d27,2026-09-09T08:16:55-03:00
0ee09f1e-db7a-4711-858c-1db4308b8633,2026-09-09T08:23:00-03:00
2e5befb3-57ff-4a4d-8019-5856f458e73e,2026-09-09T08:46:25-03:00
5785a9d6-6ebe-4fde-b637-7575849d5fb5,2026-09-09T08:46:47-03:00
62b64148-c6cf-4c07-b3e3-ab3e6bdfd457,2026-09-09T08:57:24-03:00
9258996d-ca0c-4158-b9c5-5166d54296f2,2026-09-09T09:41:22-03:00
13eea0b3-4d75-4a9c-853e-c7e4decf01f2,2026-09-09T09:42:18-03:00
9258996d-ca0c-4158-b9c5-5166d54296f2,2026-09-09T09:59:37-03:00
4e6d95b1-b84c-47ea-8882-55bbdfbb7a52,2026-09-09T10:26:21-03:00
954a9718-c280-479c-bbb0-784a272b1d0f,2026-09-09T10:40:40-03:00
461064e2-68de-40b7-b251-70697277f917,2026-09-09T11:24:04-03:00
a63b4b46-7ab4-4473-8f5e-3bb2af2412b4,2026-09-09T11:49:28-03:00
02b7b989-4b19-4dc5-8ddd-fdbf79c522d6,2026-09-09T12:04:50-03:00
8456daf7-dd51-4b97-86e3-e427d5f57842,2026-09-09T12:16:02-03:00
fb30db7b-63d2-419f-9710-1efd105a6b96,2026-09-09T12:22:28-03:00
dbd3e5f8-5174-42d3-8ff8-bc59c287b496,2026-09-09T12:29:20-03:00
fd04633f-6587-4b3a-b5ba-6bd78bc0b085,2026-09-09T12:40:49-03:00
72872c81-60ab-48bb-a1b6-98668f73ef13,2026-09-09T12:41:06-03:00
cddb0c66-a759-4cf8-bec0-0d405bf1ab4b,2026-09-09T12:44:29-03:00
fcd98eb3-d339-4da2-85d0-bad4890b639e,2026-09-09T13:03:09-03:00
2256b9c7-d1db-4536-ad72-054afd567cb2,2026-09-09T13:04:36-03:00
5596c686-cbf1-4819-a517-5095b5c57595,2026-09-09T13:33:10-03:00
38f36f2d-de28-42c3-9c16-11b0984375cd,2026-09-09T13:50:51-03:00
c7aac888-75e4-42f2-9131-4b0abb0cee03,2026-09-09T13:52:26-03:00
bfae6158-8749-4142-b18b-8e1db3e10de9,2026-09-09T13:56:44-03:00
04a7823c-75fa-4198-bd66-879a5d2019de,2026-09-09T13:58:09-03:00
7bd4e04f-d0a6-4128-9aff-7ed948770493,2026-09-09T14:05:16-03:00
cde397cd-993a-4977-8692-0f28a747e62e,2026-09-09T14:06:29-03:00
12662e6b-2068-415f-966e-e3ada53c8185,2026-09-09T14:14:05-03:00
dfb3d20a-d286-482b-ba01-09fe2cdc302f,2026-09-09T14:15:03-03:00
c7580664-77c5-4166-8723-b6de4ef703ac,2026-09-09T14:18:39-03:00
b6929d99-2355-4df5-a1d4-ee3057f8f8ba,2026-09-09T15:06:49-03:00
d1ac406d-fe9a-44bf-b21c-9d33258e5559,2026-09-09T15:22:39-03:00
fcfada1b-f44b-49de-998d-dd6247a49881,2026-09-09T15:40:42-03:00
a6348d1a-9cf7-400c-ade5-a6acd24f916b,2026-09-09T15:56:40-03:00
546ea297-df74-4181-a16e-8a600feea3a7,2026-09-09T16:27:07-03:00
123f2d21-7fb8-4195-8256-ac26714a80d4,2026-09-09T16:49:38-03:00
ff8f6787-6cd4-4a8b-b5d9-fd57b2e8e379,2026-09-09T17:24:31-03:00
a22e90de-9f69-465f-bc31-86af1edbc160,2026-09-09T17:25:45-03:00
81f3f4f0-9ed1-4a15-bb1f-1a95178fc98d,2026-09-09T17:36:41-03:00
ba6c08b6-b16a-41e1-a462-9d5c621b71a7,2026-09-09T18:05:27-03:00
401a0b87-0156-48ce-8883-75abe3c366dc,2026-09-09T18:10:32-03:00
a63b4b46-7ab4-4473-8f5e-3bb2af2412b4,2026-09-09T18:12:22-03:00
f55c6041-eacc-4cd1-8174-59e85d80f38c,2026-09-09T18:16:17-03:00
ee713c93-fdc1-448c-86a9-d2f6af327b49,2026-09-09T18:21:58-03:00
e8de25ab-e07d-49fe-b6ff-055c75945578,2026-09-09T18:22:27-03:00
2494ba8f-73c5-48a3-823b-986b77c853e8,2026-09-09T18:28:08-03:00
b7c2c8d3-2026-49c9-9955-1946d4749338,2026-09-09T18:34:57-03:00
0ee09f1e-db7a-4711-858c-1db4308b8633,2026-09-09T18:44:26-03:00
acbdd1bd-c4bd-42af-8f35-3f2afad152fd,2026-09-09T19:08:39-03:00
95d9fd79-c27b-4406-87b6-ff3292e75385,2026-09-09T19:14:14-03:00
0e7c8426-1733-453f-9577-2e986ab7cc5c,2026-09-09T19:17:07-03:00
b9a7b147-c815-4b76-a46a-a5f0d965ef5f,2026-09-09T19:20:00-03:00
001481aa-8661-4c80-a221-7d0c40fd0dea,2026-09-09T19:23:20-03:00
6f5d94b5-a9c3-403f-8d38-6bd62e7ec428,2026-09-09T19:25:21-03:00
e169f77f-4018-4d94-8684-72cf414ea2a4,2026-09-09T19:45:57-03:00
987a1c42-fa45-4b9a-8188-4b006df76679,2026-09-09T19:46:15-03:00
914ad948-05cc-48b2-af17-72a63ca5ba14,2026-09-09T19:46:17-03:00
62b64148-c6cf-4c07-b3e3-ab3e6bdfd457,2026-09-09T19:49:30-03:00
400ffd1f-2a42-46c1-a7c9-623c3ca07a97,2026-09-09T19:54:28-03:00
074197e1-fa29-4347-bc57-97ff7753328a,2026-09-09T20:01:38-03:00
697361f5-d6d0-4cf8-9f4b-caab60b56b0e,2026-09-09T20:03:30-03:00
e897a670-e157-4f82-9aa7-15501ed3688f,2026-09-09T20:09:15-03:00
63a65720-bb80-475d-b2da-94c4c313c0b5,2026-09-09T20:10:15-03:00
d7b7257f-01d2-40ce-b7fa-46a6a77fc5f9,2026-09-09T20:12:30-03:00
863ccc4e-4c1a-4f94-9042-a22fbbe9996f,2026-09-09T20:14:17-03:00
15045214-2247-4403-b0bf-4f1a9c293447,2026-09-09T20:18:28-03:00
d24a1ed3-c37e-4935-8f40-0a64ec88db14,2026-09-09T20:18:53-03:00
a2ea1fc7-6f8c-4640-85c0-ac9720b088c9,2026-09-09T20:21:53-03:00
15045214-2247-4403-b0bf-4f1a9c293447,2026-09-09T20:31:52-03:00
9d71a8eb-0c4b-4edc-bf8a-6a0bbc1da7ab,2026-09-09T20:32:05-03:00
2c547b7c-7de5-429d-9f58-156dd1928fca,2026-09-09T20:33:06-03:00
8883153b-964c-4415-9a88-4695aa178454,2026-09-09T20:42:50-03:00
507bb5cb-6426-477c-accd-78625b80cd14,2026-09-09T20:44:45-03:00
6f5d94b5-a9c3-403f-8d38-6bd62e7ec428,2026-09-09T20:49:50-03:00
72872c81-60ab-48bb-a1b6-98668f73ef13,2026-09-09T20:50:37-03:00
b61e4aa6-ca79-4db0-bad5-d6fb1aa9ef99,2026-09-09T20:51:25-03:00
f8ce0f67-48c8-4ccf-b8b1-21159cb64d8f,2026-09-09T20:52:51-03:00
48fcc312-cf83-4aa3-9abf-7d656f455037,2026-09-09T20:53:15-03:00
c5a6684a-0092-4497-b63e-0e80f3d2fc73,2026-09-09T20:58:40-03:00
b6929d99-2355-4df5-a1d4-ee3057f8f8ba,2026-09-09T21:06:09-03:00
e897a670-e157-4f82-9aa7-15501ed3688f,2026-09-09T21:06:53-03:00
f3689675-9c1e-40ec-857c-0898d5b47de8,2026-09-09T21:08:42-03:00
ff8f6787-6cd4-4a8b-b5d9-fd57b2e8e379,2026-09-09T21:10:02-03:00
5785a9d6-6ebe-4fde-b637-7575849d5fb5,2026-09-09T21:10:26-03:00
a34a6f47-3f1b-4fc7-8a9d-26ccb31c813f,2026-09-09T21:22:29-03:00
2394a17e-9092-4d66-a7cf-df4ebe59ba2b,2026-09-09T21:22:55-03:00
a9de93df-7fac-4834-a03a-fb98731fefc3,2026-09-09T21:23:15-03:00
f1f01bc0-6933-48fc-ac60-0091d2d69649,2026-09-09T21:25:00-03:00
6eed1d6d-8a1b-4e89-8969-e546c8c50e9d,2026-09-09T21:27:24-03:00
468123e3-2f79-46a1-8cf6-640ccd9ce86f,2026-09-09T21:29:10-03:00
c8995bc6-1b20-42e7-a5eb-9d16482081bf,2026-09-09T21:31:07-03:00
b9a7b147-c815-4b76-a46a-a5f0d965ef5f,2026-09-09T21:34:15-03:00
1dec0dd5-4ae7-4baa-8eaa-161a30963e91,2026-09-09T22:13:09-03:00
863ccc4e-4c1a-4f94-9042-a22fbbe9996f,2026-09-09T22:26:06-03:00
097341c9-1abe-4cbe-9633-f4240c77ab57,2026-09-09T22:36:45-03:00
5a6329da-c0e5-4791-ac77-7503d82554ea,2026-09-09T22:58:34-03:00
4537575d-3e72-4359-aa46-c26b20a32b08,2026-09-09T23:07:47-03:00
fcff47c9-85c9-4b47-ac8c-990c030f8498,2026-09-10T06:00:58-03:00
616ab48f-6427-43bf-80e8-38a99f165f50,2026-09-10T06:51:40-03:00
a086891f-d6ab-4709-a303-75ef4c56512f,2026-09-10T07:08:01-03:00
15045214-2247-4403-b0bf-4f1a9c293447,2026-09-10T07:21:47-03:00
97895d21-a8d3-4f7c-bdd2-63f108fc1a8d,2026-09-10T07:29:38-03:00
61af23c4-34f0-4c33-beb8-fb097aaf4c96,2026-09-10T07:31:16-03:00
3e30fcf8-eaf4-4e08-85fd-7dc517d6c26b,2026-09-10T07:32:13-03:00
050b3afe-ff51-47fa-83bd-6e6c004d8b32,2026-09-10T07:49:36-03:00
4859a2c2-e999-48f0-a9ba-7abacf84555b,2026-09-10T08:06:46-03:00
fcff47c9-85c9-4b47-ac8c-990c030f8498,2026-09-10T08:08:08-03:00
0963027b-315c-450e-8c3a-74550ffa10ef,2026-09-10T08:10:03-03:00
074197e1-fa29-4347-bc57-97ff7753328a,2026-09-10T08:17:16-03:00
742e5b4b-7ead-4aa7-a9a1-5d385a35e348,2026-09-10T08:24:54-03:00
9d71a8eb-0c4b-4edc-bf8a-6a0bbc1da7ab,2026-09-10T08:32:08-03:00
20048baf-fc52-4f1e-bc08-a8b2ab8c8fe6,2026-09-10T08:38:39-03:00
6e8d79f1-3124-4837-9efb-8cb717a160e7,2026-09-10T08:48:44-03:00
df13cbb0-d954-4cf6-8987-7b0389cf03ae,2026-09-10T08:57:55-03:00
1dec0dd5-4ae7-4baa-8eaa-161a30963e91,2026-09-10T09:05:24-03:00
fd04633f-6587-4b3a-b5ba-6bd78bc0b085,2026-09-10T09:11:07-03:00
f16dc111-041c-4d2b-89f5-59312798b9a8,2026-09-10T09:17:46-03:00
66ef1093-5907-4924-ab21-56e5b7e22cb1,2026-09-10T09:19:23-03:00
3f1f3e79-3f55-4556-8c87-4a881a908b1d,2026-09-10T09:51:04-03:00
7181d3f7-662a-44aa-8f6e-9389ff4dc95e,2026-09-10T09:54:01-03:00
23efc34d-b8d4-4348-a88a-199de3a40bdf,2026-09-10T09:55:26-03:00
548660f2-2f0f-417e-925b-3afd61354b7e,2026-09-10T09:58:37-03:00
300c0bb2-1f6c-4308-9e85-249d8a11a277,2026-09-10T10:22:33-03:00
8e81c4a0-72a2-422a-8340-4766e58b612c,2026-09-10T10:29:02-03:00
9ddd711a-ffc7-4c98-afdb-7228af3aa563,2026-09-10T10:33:45-03:00
349d270a-13df-4680-bff7-e047d48f7cdd,2026-09-10T11:16:41-03:00
f361e16f-eb06-4fb5-a265-157460224ac0,2026-09-10T11:19:05-03:00
20048baf-fc52-4f1e-bc08-a8b2ab8c8fe6,2026-09-10T11:35:07-03:00
13e90a5f-e4fe-4da5-afc0-24b163328980,2026-09-10T11:47:10-03:00
9b777407-b410-4ba3-8325-31caa437157d,2026-09-10T11:48:51-03:00
b3010f1e-1097-4583-90c4-c22e1bbd666f,2026-09-10T11:52:45-03:00
eb4d77a1-9e23-4480-a0ab-8ea0b91d8bb6,2026-09-10T12:00:24-03:00
58e9b50a-0816-4b05-a715-b8f069b2ed05,2026-09-10T12:07:51-03:00
26d1fbd7-76dc-4672-9547-ab1a24edc02d,2026-09-10T12:20:08-03:00
6dcecd81-e8ee-421f-a34f-55a7e02dd82d,2026-09-10T12:23:48-03:00
6eed1d6d-8a1b-4e89-8969-e546c8c50e9d,2026-09-10T12:24:33-03:00
1365d524-57f4-4272-a127-c022401b4325,2026-09-10T12:29:24-03:00
03658df2-2721-4ff3-aa5e-8bf7925c8add,2026-09-10T12:33:12-03:00
701d5d6c-29a3-4f99-88ab-9ad29e236345,2026-09-10T13:13:48-03:00
d190f6d4-137f-4787-a68f-37428a06c1d8,2026-09-10T13:14:43-03:00
001481aa-8661-4c80-a221-7d0c40fd0dea,2026-09-10T13:20:04-03:00
97895d21-a8d3-4f7c-bdd2-63f108fc1a8d,2026-09-10T13:23:53-03:00
17be997b-ea98-4cd4-9c5e-452c7cf50b24,2026-09-10T13:44:13-03:00
17dcbd2a-71bc-4148-8df3-e3e760e88671,2026-09-10T13:50:06-03:00
fcf632f0-dab7-45ac-9220-74d216a8390d,2026-09-10T13:51:46-03:00
dfee5d1f-d60a-4c28-a75d-0cd2b3e54da1,2026-09-10T14:03:07-03:00
5596c686-cbf1-4819-a517-5095b5c57595,2026-09-10T14:24:39-03:00
1365d524-57f4-4272-a127-c022401b4325,2026-09-10T14:53:34-03:00
13011d9d-3f07-4895-94c4-0760d01cb336,2026-09-10T15:39:33-03:00
9111d404-117b-426d-a495-6f0050544d56,2026-09-10T15:53:12-03:00
4537575d-3e72-4359-aa46-c26b20a32b08,2026-09-10T16:19:48-03:00
8e81c4a0-72a2-422a-8340-4766e58b612c,2026-09-10T16:21:50-03:00
1c059108-7308-4cb1-a379-6a3c02ff6d7c,2026-09-10T16:28:27-03:00
a2ea1fc7-6f8c-4640-85c0-ac9720b088c9,2026-09-10T16:32:37-03:00
c9bc0a35-47cd-4533-85a2-f38050bf398c,2026-09-10T17:09:28-03:00
3f1f3e79-3f55-4556-8c87-4a881a908b1d,2026-09-10T17:12:26-03:00
f7b74bb2-3821-4209-9eac-cacf1d407f69,2026-09-10T17:25:28-03:00
e9e55568-4c3b-497d-aa0c-d932c05e3d96,2026-09-10T17:37:00-03:00
66ef1093-5907-4924-ab21-56e5b7e22cb1,2026-09-10T17:45:22-03:00
a2ea1fc7-6f8c-4640-85c0-ac9720b088c9,2026-09-10T17:53:52-03:00
06933400-79ac-4c93-a39c-a1e707111c4f,2026-09-10T17:55:19-03:00
edba9f48-1982-44e0-8600-1f83e681059b,2026-09-10T17:59:11-03:00
693486f5-1cb4-46ab-bd7c-85ca30bd1527,2026-09-10T18:14:49-03:00
1db74be8-4e28-47d9-90df-e92b7cba2322,2026-09-10T18:21:32-03:00
e803e5c6-858d-45f5-b09b-7935ad19ee74,2026-09-10T18:21:42-03:00
4075d2fa-d90d-4c96-aac0-828432e9a45a,2026-09-10T18:23:49-03:00
4859a2c2-e999-48f0-a9ba-7abacf84555b,2026-09-10T18:29:21-03:00
88373c7c-1d43-4882-bfc9-dde5b45f3d27,2026-09-10T18:32:49-03:00
17be997b-ea98-4cd4-9c5e-452c7cf50b24,2026-09-10T18:40:08-03:00
e9a1f7ef-ec39-4be9-bb15-6c720fcbc497,2026-09-10T18:41:52-03:00
2394a17e-9092-4d66-a7cf-df4ebe59ba2b,2026-09-10T18:42:44-03:00
8e4207fd-a513-4999-b9f5-267b7662f66d,2026-09-10T18:43:47-03:00
77f30d59-50e4-4c67-bd26-b1e484e261fc,2026-09-10T19:07:59-03:00
dfee5d1f-d60a-4c28-a75d-0cd2b3e54da1,2026-09-10T19:08:14-03:00
c76e885b-ad04-403b-921d-bb338b80b059,2026-09-10T19:13:48-03:00
01c29932-843e-4157-a36f-ed9d51cbd85d,2026-09-10T19:14:40-03:00
b7b54d48-d7d7-492d-bf59-8902b0ba251e,2026-09-10T19:16:13-03:00
75a25cfe-2388-445e-b4b8-8eecec068396,2026-09-10T19:18:16-03:00
23efc34d-b8d4-4348-a88a-199de3a40bdf,2026-09-10T19:22:30-03:00
a086891f-d6ab-4709-a303-75ef4c56512f,2026-09-10T19:22:52-03:00
2198e7b7-1971-466d-8051-1f36e7a71b9a,2026-09-10T19:23:38-03:00
b8a18f30-62c6-4681-8a22-6220f351119a,2026-09-10T19:25:24-03:00
6224c4f3-0406-47c6-9bf4-7661eba06211,2026-09-10T19:38:48-03:00
400ffd1f-2a42-46c1-a7c9-623c3ca07a97,2026-09-10T19:39:50-03:00
fc160c5b-5da4-4901-9d7c-9fd85712be19,2026-09-10T19:54:56-03:00
9483f44e-8fa7-4c8a-a52c-8ee9ea41b115,2026-09-10T19:56:45-03:00
c76e885b-ad04-403b-921d-bb338b80b059,2026-09-10T19:59:02-03:00
9258996d-ca0c-4158-b9c5-5166d54296f2,2026-09-10T20:10:52-03:00
6e7623ed-60ab-4b0a-b8e3-1e13593efc9e,2026-09-10T20:11:32-03:00
e9e55568-4c3b-497d-aa0c-d932c05e3d96,2026-09-10T20:26:14-03:00
097341c9-1abe-4cbe-9633-f4240c77ab57,2026-09-10T20:29:58-03:00
ce329e7e-249a-4eb7-a685-a7f5a1f798a6,2026-09-10T20:31:48-03:00
12662e6b-2068-415f-966e-e3ada53c8185,2026-09-10T20:35:28-03:00
3ac808ca-a57b-47d1-9826-72a6e9d84810,2026-09-10T20:37:03-03:00
3743a7f0-afdd-4331-ba16-86ca4be7fdce,2026-09-10T20:38:24-03:00
987a1c42-fa45-4b9a-8188-4b006df76679,2026-09-10T20:39:20-03:00
0f9b8c97-4f53-4bbb-a24d-0a19f6a5f944,2026-09-10T20:40:33-03:00
461064e2-68de-40b7-b251-70697277f917,2026-09-10T20:41:11-03:00
edba9f48-1982-44e0-8600-1f83e681059b,2026-09-10T20:43:18-03:00
129337b7-3d85-477c-b37f-5c680be7a119,2026-09-10T20:48:21-03:00
1c059108-7308-4cb1-a379-6a3c02ff6d7c,2026-09-10T20:50:52-03:00
13e90a5f-e4fe-4da5-afc0-24b163328980,2026-09-10T21:05:54-03:00
f42e1ccd-fb0e-47d1-92d7-b0eaddd2dd38,2026-09-10T21:05:58-03:00
47f3759f-c05d-4700-9354-e9cbea6907c1,2026-09-10T21:11:18-03:00
050b3afe-ff51-47fa-83bd-6e6c004d8b32,2026-09-10T21:13:05-03:00
7181d3f7-662a-44aa-8f6e-9389ff4dc95e,2026-09-10T21:27:15-03:00
89934fab-906f-4bf0-ba46-c9292c0f7870,2026-09-10T21:33:55-03:00
47f3759f-c05d-4700-9354-e9cbea6907c1,2026-09-10T21:36:43-03:00
933faec4-e418-4ad9-a8a1-a1fd1915a8fc,2026-09-10T21:38:30-03:00
400ffd1f-2a42-46c1-a7c9-623c3ca07a97,2026-09-10T21:46:09-03:00
129337b7-3d85-477c-b37f-5c680be7a119,2026-09-10T21:48:09-03:00
a22e90de-9f69-465f-bc31-86af1edbc160,2026-09-10T21:48:20-03:00
9d71a8eb-0c4b-4edc-bf8a-6a0bbc1da7ab,2026-09-10T21:52:08-03:00
0a1bf5c0-04bf-4fb4-8261-ecdbc80298a8,2026-09-10T21:53:03-03:00
77f30d59-50e4-4c67-bd26-b1e484e261fc,2026-09-10T22:04:48-03:00
8e4207fd-a513-4999-b9f5-267b7662f66d,2026-09-10T22:29:14-03:00
03658df2-2721-4ff3-aa5e-8bf7925c8add,2026-09-10T22:29:23-03:00
945d32af-2611-4fb8-b931-e83ec0454ad9,2026-09-10T22:44:59-03:00
4ec0ffb3-a441-4db4-bc08-a66c1ee36107,2026-09-11T06:04:08-03:00
7567df4c-ce25-4213-b1f1-5860b29db2cc,2026-09-11T07:03:29-03:00
ba6c08b6-b16a-41e1-a462-9d5c621b71a7,2026-09-11T07:05:42-03:00
b9a7b147-c815-4b76-a46a-a5f0d965ef5f,2026-09-11T07:19:05-03:00
55010fbd-a4a3-4dd6-83b4-9e43de35bf83,2026-09-11T07:20:24-03:00
246e9c60-87ce-4e05-91ea-50ec6b353fe0,2026-09-11T07:28:26-03:00
88373c7c-1d43-4882-bfc9-dde5b45f3d27,2026-09-11T07:29:47-03:00
914ad948-05cc-48b2-af17-72a63ca5ba14,2026-09-11T07:41:17-03:00
a2ea1fc7-6f8c-4640-85c0-ac9720b088c9,2026-09-11T07:47:23-03:00
8e4207fd-a513-4999-b9f5-267b7662f66d,2026-09-11T08:11:45-03:00
12662e6b-2068-415f-966e-e3ada53c8185,2026-09-11T08:18:53-03:00
fd04633f-6587-4b3a-b5ba-6bd78bc0b085,2026-09-11T08:25:51-03:00
c58f53fe-c900-41d1-848b-d586fb2d953b,2026-09-11T08:27:48-03:00
2198e7b7-1971-466d-8051-1f36e7a71b9a,2026-09-11T08:32:36-03:00
070127a1-c98c-4140-b09a-f87482f52384,2026-09-11T08:32:47-03:00
48ec97bc-f0a2-4bf0-bc16-887f111e17a3,2026-09-11T08:35:26-03:00
b64f51fa-8ad4-4a81-bf09-714a2fc3b823,2026-09-11T08:40:13-03:00
ab407e58-21d1-4bb5-8c03-324a03ab66ea,2026-09-11T08:48:53-03:00
146d5882-3511-4c6f-aed7-020af2642681,2026-09-11T08:52:07-03:00
8d29dfa3-a0a9-4dee-b7b4-d33c6e49ddd4,2026-09-11T08:57:17-03:00
8e4e5496-10b9-40a0-935a-54aaf7300eb5,2026-09-11T09:11:53-03:00
4ec0ffb3-a441-4db4-bc08-a66c1ee36107,2026-09-11T09:29:23-03:00
91c26aed-c3b4-4d82-ad2f-04dac1fc8d94,2026-09-11T09:34:31-03:00
a34a6f47-3f1b-4fc7-8a9d-26ccb31c813f,2026-09-11T09:47:43-03:00
4537575d-3e72-4359-aa46-c26b20a32b08,2026-09-11T09:47:53-03:00
3074b4d6-0aed-43e5-bd97-04f4487c4543,2026-09-11T09:58:32-03:00
dc261513-fa73-40cd-bef0-3aaa2663c23d,2026-09-11T10:24:51-03:00
66ef1093-5907-4924-ab21-56e5b7e22cb1,2026-09-11T10:26:20-03:00
a6348d1a-9cf7-400c-ade5-a6acd24f916b,2026-09-11T10:33:49-03:00
d8ff97aa-6d47-4f37-8282-bd334e20c661,2026-09-11T10:44:39-03:00
bdbbcebd-7d29-417f-a9d7-cfbf46301c28,2026-09-11T10:48:00-03:00
a2a0a709-5728-459e-9a0f-8bb0b17afa93,2026-09-11T10:58:38-03:00
951a6ec7-56a9-4aca-a65a-625bf2b25ff9,2026-09-11T11:14:00-03:00
852cc580-9cf4-4de2-8fa3-d1a506a4aaa0,2026-09-11T11:27:44-03:00
62fa174e-75a1-44a6-bc9c-3a9184ea89be,2026-09-11T11:37:14-03:00
dc261513-fa73-40cd-bef0-3aaa2663c23d,2026-09-11T12:41:14-03:00
507bb5cb-6426-477c-accd-78625b80cd14,2026-09-11T12:50:05-03:00
47881c91-83a5-4062-adff-f9c9fd8273d7,2026-09-11T13:30:38-03:00
4a78ff1b-a832-4d8c-ad9d-f3a7fc3b78c9,2026-09-11T13:45:30-03:00
5596c686-cbf1-4819-a517-5095b5c57595,2026-09-11T13:57:38-03:00
3ec98084-12f3-4656-a538-46d59d4fe3c5,2026-09-11T14:10:47-03:00
2394a17e-9092-4d66-a7cf-df4ebe59ba2b,2026-09-11T14:22:25-03:00
8d6104c4-cb32-44fd-a4c2-b4f45f166128,2026-09-11T14:41:19-03:00
fd04633f-6587-4b3a-b5ba-6bd78bc0b085,2026-09-11T14:47:14-03:00
a22e90de-9f69-465f-bc31-86af1edbc160,2026-09-11T14:54:18-03:00
3ff03678-ef66-40b7-817f-75ddf5870243,2026-09-11T15:09:07-03:00
04a7823c-75fa-4198-bd66-879a5d2019de,2026-09-11T15:15:35-03:00
2cc7ad16-39c0-4340-ac9b-d269bc12414d,2026-09-11T15:23:47-03:00
f3689675-9c1e-40ec-857c-0898d5b47de8,2026-09-11T15:30:06-03:00
a2ba3863-a98c-4cad-a126-e80e8c7cde7a,2026-09-11T15:47:13-03:00
e432e9d2-79f8-4c88-8001-bae52bb82d34,2026-09-11T15:57:08-03:00
b584720a-c001-408e-9f81-ad6d9cfc73ff,2026-09-11T16:12:53-03:00
760875b7-fc17-4a23-bf61-27012c6baac1,2026-09-11T16:40:24-03:00
5e40a847-1cc2-469f-a387-571cabcdd708,2026-09-11T16:45:28-03:00
4e6d95b1-b84c-47ea-8882-55bbdfbb7a52,2026-09-11T16:45:57-03:00
d347e1b4-86a7-4154-b9a4-b1905c4f7969,2026-09-11T17:02:19-03:00
22af2232-e5d8-449b-bf89-3cf5b97d5b0a,2026-09-11T17:05:03-03:00
8d29dfa3-a0a9-4dee-b7b4-d33c6e49ddd4,2026-09-11T17:08:05-03:00
12662e6b-2068-415f-966e-e3ada53c8185,2026-09-11T17:11:07-03:00
85a4ba4f-c929-4499-9241-55b327e471d6,2026-09-11T17:34:41-03:00
070127a1-c98c-4140-b09a-f87482f52384,2026-09-11T17:40:53-03:00
3bd59652-4c13-4673-bf18-180626a28b54,2026-09-11T17:43:09-03:00
bb5e0dbc-e2c0-40e8-82a5-da507ddf52a5,2026-09-11T17:46:27-03:00
b61e4aa6-ca79-4db0-bad5-d6fb1aa9ef99,2026-09-11T17:55:10-03:00
3743a7f0-afdd-4331-ba16-86ca4be7fdce,2026-09-11T18:11:34-03:00
e4994f3b-f44a-4bfc-a4ee-ef8fc12f9cbe,2026-09-11T18:18:26-03:00
129337b7-3d85-477c-b37f-5c680be7a119,2026-09-11T18:19:04-03:00
3ec98084-12f3-4656-a538-46d59d4fe3c5,2026-09-11T18:36:55-03:00
ab407e58-21d1-4bb5-8c03-324a03ab66ea,2026-09-11T18:39:25-03:00
488bfe58-d992-478c-981c-9f5b02344873,2026-09-11T18:53:45-03:00
66ef1093-5907-4924-ab21-56e5b7e22cb1,2026-09-11T18:54:19-03:00
5e40a847-1cc2-469f-a387-571cabcdd708,2026-09-11T19:20:47-03:00
3074b4d6-0aed-43e5-bd97-04f4487c4543,2026-09-11T19:26:18-03:00
3743a7f0-afdd-4331-ba16-86ca4be7fdce,2026-09-11T19:26:42-03:00
3ff03678-ef66-40b7-817f-75ddf5870243,2026-09-11T19:28:26-03:00
824a7c61-0bbb-46e3-87bf-4b48cc63793e,2026-09-11T19:33:28-03:00
468123e3-2f79-46a1-8cf6-640ccd9ce86f,2026-09-11T19:38:13-03:00
be314718-d6d3-410e-a74a-6aa76618456e,2026-09-11T19:38:46-03:00
b61e4aa6-ca79-4db0-bad5-d6fb1aa9ef99,2026-09-11T19:47:07-03:00
26d1fbd7-76dc-4672-9547-ab1a24edc02d,2026-09-11T19:50:47-03:00
be314718-d6d3-410e-a74a-6aa76618456e,2026-09-11T19:52:23-03:00
5785a9d6-6ebe-4fde-b637-7575849d5fb5,2026-09-11T20:03:44-03:00
300c0bb2-1f6c-4308-9e85-249d8a11a277,2026-09-11T20:12:36-03:00
0571a628-58b5-4e94-a85c-76b4d1be06f2,2026-09-11T20:32:03-03:00
a6348d1a-9cf7-400c-ade5-a6acd24f916b,2026-09-11T20:33:43-03:00
64c553e9-120c-4401-8a5f-29609abfbe42,2026-09-11T20:38:48-03:00
8d6104c4-cb32-44fd-a4c2-b4f45f166128,2026-09-11T20:38:54-03:00
987a1c42-fa45-4b9a-8188-4b006df76679,2026-09-11T20:51:39-03:00
5e98c501-7384-4161-840a-5bfd8d3ec9e9,2026-09-11T20:52:43-03:00
1dc273b4-d501-468d-b1c0-326efc9b870c,2026-09-11T21:02:39-03:00
f42beb3e-9bd9-4a7b-a699-c1bdee25eb32,2026-09-11T21:07:59-03:00
001481aa-8661-4c80-a221-7d0c40fd0dea,2026-09-11T21:32:30-03:00
5683d94c-8c3b-4609-b4e8-e11c81d4fead,2026-09-11T21:34:57-03:00
0e7c8426-1733-453f-9577-2e986ab7cc5c,2026-09-11T21:37:24-03:00
5a6329da-c0e5-4791-ac77-7503d82554ea,2026-09-11T21:41:22-03:00
123f2d21-7fb8-4195-8256-ac26714a80d4,2026-09-11T21:51:14-03:00
401a0b87-0156-48ce-8883-75abe3c366dc,2026-09-11T21:58:32-03:00
d786bdde-e18b-46fc-9e05-201ebef1f85c,2026-09-11T22:27:38-03:00
15045214-2247-4403-b0bf-4f1a9c293447,2026-09-11T22:31:17-03:00
a6a0c01f-60c8-4e70-b95d-5bd848109be3,2026-09-11T22:40:43-03:00
36fe1a8c-f3cc-40a3-b5e1-8510b70eae16,2026-09-11T22:46:49-03:00
b6929d99-2355-4df5-a1d4-ee3057f8f8ba,2026-09-11T23:16:46-03:00
b0e34b4a-2a60-4833-a81d-5c9168ee33c7,2026-09-11T23:35:16-03:00
1365d524-57f4-4272-a127-c022401b4325,2026-09-12T06:29:49-03:00
7e2881f9-c700-491c-b935-76ce042b839b,2026-09-12T06:35:39-03:00
5e40a847-1cc2-469f-a387-571cabcdd708,2026-09-12T06:42:00-03:00
91c4252d-aea4-431a-8f29-902a5f443858,2026-09-12T06:59:55-03:00
507bb5cb-6426-477c-accd-78625b80cd14,2026-09-12T07:05:53-03:00
56dce94c-861b-4176-a534-b7d9e60c06ad,2026-09-12T07:12:04-03:00
366eaccb-6abd-42f7-bce5-d0238495366a,2026-09-12T07:29:15-03:00
62fa174e-75a1-44a6-bc9c-3a9184ea89be,2026-09-12T07:44:46-03:00
d347e1b4-86a7-4154-b9a4-b1905c4f7969,2026-09-12T07:45:42-03:00
b6a33dd7-5a14-4a50-b2f2-1ed5ff13aa3d,2026-09-12T07:54:38-03:00
af1a86e0-4c08-4211-b071-df0cac7aa7aa,2026-09-12T07:59:01-03:00
e8de25ab-e07d-49fe-b6ff-055c75945578,2026-09-12T08:01:54-03:00
fcff47c9-85c9-4b47-ac8c-990c030f8498,2026-09-12T08:16:29-03:00
dfee5d1f-d60a-4c28-a75d-0cd2b3e54da1,2026-09-12T08:18:21-03:00
33b15fc2-f2b3-48cb-9480-00dd9f1fd02c,2026-09-12T08:23:30-03:00
a29ea1e6-c745-4eda-a9f5-e869c5d59704,2026-09-12T08:27:58-03:00
62fa174e-75a1-44a6-bc9c-3a9184ea89be,2026-09-12T08:41:26-03:00
763b165d-9848-4545-b83e-cb48d3de1d7e,2026-09-12T08:47:29-03:00
fcf632f0-dab7-45ac-9220-74d216a8390d,2026-09-12T08:59:43-03:00
edf863bb-1bdc-4539-9ddb-5ef04cdde9ba,2026-09-12T09:12:33-03:00
35d62d40-ced7-4fde-bc5d-310038b37ad4,2026-09-12T09:16:36-03:00
3ac808ca-a57b-47d1-9826-72a6e9d84810,2026-09-12T09:19:32-03:00
054c4279-41b7-426d-b378-901962e80587,2026-09-12T09:30:06-03:00
85a4ba4f-c929-4499-9241-55b327e471d6,2026-09-12T09:31:38-03:00
3ff03678-ef66-40b7-817f-75ddf5870243,2026-09-12T09:42:05-03:00
879d24a3-e7ff-403f-b26c-228c09d1004c,2026-09-12T09:48:40-03:00
4537575d-3e72-4359-aa46-c26b20a32b08,2026-09-12T09:51:30-03:00
4e6d95b1-b84c-47ea-8882-55bbdfbb7a52,2026-09-12T09:55:52-03:00
91c4252d-aea4-431a-8f29-902a5f443858,2026-09-12T10:14:01-03:00
6ab240a9-9f12-4362-8373-65abc5e9f8c9,2026-09-12T10:15:55-03:00
2c547b7c-7de5-429d-9f58-156dd1928fca,2026-09-12T10:33:09-03:00
bcb2918b-989d-4fe3-8215-6834f4871935,2026-09-12T10:44:15-03:00
a93dce4e-f917-4e15-af87-31101b777450,2026-09-12T10:48:30-03:00
6588b661-f3a4-4eb6-9c0e-c1dbde3e39d5,2026-09-12T11:14:22-03:00
0b1b643e-405f-44a1-a5c5-cbcae283d573,2026-09-12T11:40:17-03:00
5e40a847-1cc2-469f-a387-571cabcdd708,2026-09-12T11:45:46-03:00
f8ce0f67-48c8-4ccf-b8b1-21159cb64d8f,2026-09-12T11:51:56-03:00
b584720a-c001-408e-9f81-ad6d9cfc73ff,2026-09-12T11:59:35-03:00
1365d524-57f4-4272-a127-c022401b4325,2026-09-12T12:03:54-03:00
36ebd5c3-5bd1-4830-a1be-19f63f4191af,2026-09-12T12:04:32-03:00
b930c4bd-20e0-4b39-966b-64443421e308,2026-09-12T12:07:31-03:00
b7c2c8d3-2026-49c9-9955-1946d4749338,2026-09-12T12:13:01-03:00
88373c7c-1d43-4882-bfc9-dde5b45f3d27,2026-09-12T12:21:28-03:00
f3c2011a-c2ea-44a8-a17b-936c26cdebb0,2026-09-12T12:35:36-03:00
cddb0c66-a759-4cf8-bec0-0d405bf1ab4b,2026-09-12T12:36:14-03:00
693486f5-1cb4-46ab-bd7c-85ca30bd1527,2026-09-12T12:39:37-03:00
f4f7636b-baf3-4924-8927-21d16976e9a2,2026-09-12T12:40:25-03:00
824a7c61-0bbb-46e3-87bf-4b48cc63793e,2026-09-12T13:00:27-03:00
7e2881f9-c700-491c-b935-76ce042b839b,2026-09-12T13:03:45-03:00
15045214-2247-4403-b0bf-4f1a9c293447,2026-09-12T13:06:17-03:00
9adea804-befe-4cc5-988a-db24ef4356c4,2026-09-12T13:23:26-03:00
2679a553-1548-4b4f-afc8-8c3217fc1954,2026-09-12T13:30:11-03:00
27976644-f012-41cf-8a58-e19007647ec3,2026-09-12T13:47:08-03:00
2c547b7c-7de5-429d-9f58-156dd1928fca,2026-09-12T13:50:38-03:00
5683d94c-8c3b-4609-b4e8-e11c81d4fead,2026-09-12T14:20:44-03:00
779e231d-9f08-4138-9f7e-95d05b9f0a76,2026-09-12T14:23:45-03:00
9718b411-0759-4cc4-a90f-4de4e78c4690,2026-09-12T14:26:27-03:00
a258cf44-bed3-4bc6-82a2-00bdfb48eed5,2026-09-12T14:36:25-03:00
2c8a5011-91eb-477f-a4c9-bb9e5a91e4be,2026-09-12T14:40:23-03:00
df07c0c6-cb94-498c-9efa-52697656cf48,2026-09-12T14:55:30-03:00
68b5711a-cdd4-42df-b956-2992d25a04ef,2026-09-12T15:09:51-03:00
9d71a8eb-0c4b-4edc-bf8a-6a0bbc1da7ab,2026-09-12T15:13:24-03:00
01c29932-843e-4157-a36f-ed9d51cbd85d,2026-09-12T15:14:22-03:00
2394a17e-9092-4d66-a7cf-df4ebe59ba2b,2026-09-12T15:19:19-03:00
a34a6f47-3f1b-4fc7-8a9d-26ccb31c813f,2026-09-12T15:22:30-03:00
ee713c93-fdc1-448c-86a9-d2f6af327b49,2026-09-12T15:23:55-03:00
e4212795-fd8c-4c13-b34f-27d79de3d91e,2026-09-12T15:31:08-03:00
73916f0d-83f1-4a17-af01-1a2bbe6100e5,2026-09-12T15:45:00-03:00
d786bdde-e18b-46fc-9e05-201ebef1f85c,2026-09-12T15:56:36-03:00
5838ef61-70f6-429f-8d61-3b88fa5908e9,2026-09-12T16:27:15-03:00
677ffdf3-6b9f-42c3-aef2-e58b12d5ba07,2026-09-12T16:42:02-03:00
6e8d79f1-3124-4837-9efb-8cb717a160e7,2026-09-12T16:56:04-03:00
a1700d41-f3ff-4070-8788-40b072dcef2d,2026-09-12T17:00:42-03:00
1c04bcec-4168-4c92-a401-8c35e4667b1b,2026-09-12T17:06:16-03:00
2494ba8f-73c5-48a3-823b-986b77c853e8,2026-09-12T17:11:12-03:00
b9ac272c-142f-4eaa-b923-c53f04496401,2026-09-12T17:35:06-03:00
ffca5939-33a1-47bd-853d-bd6457c05e0b,2026-09-12T17:37:48-03:00
34e1904b-c40b-4b16-8556-eccef46768e5,2026-09-12T17:53:27-03:00
9d71a8eb-0c4b-4edc-bf8a-6a0bbc1da7ab,2026-09-12T17:55:29-03:00
53b128e5-4019-4949-bd7b-e94a23e14fe3,2026-09-12T18:03:43-03:00
335d097b-9693-471f-ba8c-bfdf3c35061f,2026-09-12T18:16:07-03:00
d7b7257f-01d2-40ce-b7fa-46a6a77fc5f9,2026-09-12T18:16:21-03:00
28b6e69a-3c11-42c0-92a6-5174dbce288d,2026-09-12T18:27:32-03:00
acbdd1bd-c4bd-42af-8f35-3f2afad152fd,2026-09-12T18:32:04-03:00
133e6f3e-a4eb-4f09-b051-1afb687dad4f,2026-09-12T18:32:06-03:00
c447baa0-ecd4-420a-856a-b6d0c3ceb217,2026-09-12T18:32:27-03:00
33b15fc2-f2b3-48cb-9480-00dd9f1fd02c,2026-09-12T18:42:19-03:00
914ad948-05cc-48b2-af17-72a63ca5ba14,2026-09-12T18:53:32-03:00
b7c2c8d3-2026-49c9-9955-1946d4749338,2026-09-12T18:53:39-03:00
f3c2011a-c2ea-44a8-a17b-936c26cdebb0,2026-09-12T18:58:56-03:00
fdbe4621-4a25-43ca-9bac-8a603281ff15,2026-09-12T19:04:02-03:00
a2ba3863-a98c-4cad-a126-e80e8c7cde7a,2026-09-12T19:08:15-03:00
12662e6b-2068-415f-966e-e3ada53c8185,2026-09-12T19:11:32-03:00
b60bbd7d-8c43-4dee-bef9-136f66093c73,2026-09-12T19:11:58-03:00
0f9b8c97-4f53-4bbb-a24d-0a19f6a5f944,2026-09-12T19:13:14-03:00
642ea164-a302-402c-ae4d-4ec15f2cf519,2026-09-12T19:16:38-03:00
9e7efe95-51f6-487e-bb82-7e9777e80193,2026-09-12T19:17:08-03:00
17f56689-36c5-4349-8c1f-604553aa5a36,2026-09-12T19:17:39-03:00
9013e723-b84a-4835-86ef-432590a004dd,2026-09-12T19:22:20-03:00
d347e1b4-86a7-4154-b9a4-b1905c4f7969,2026-09-12T19:22:55-03:00
85a4ba4f-c929-4499-9241-55b327e471d6,2026-09-12T19:22:57-03:00
7c1c6639-9fef-4015-8d6d-0e7dbe78e987,2026-09-12T19:31:12-03:00
b9a7b147-c815-4b76-a46a-a5f0d965ef5f,2026-09-12T19:33:31-03:00
edf863bb-1bdc-4539-9ddb-5ef04cdde9ba,2026-09-12T19:36:42-03:00
779e231d-9f08-4138-9f7e-95d05b9f0a76,2026-09-12T19:43:48-03:00
fcf632f0-dab7-45ac-9220-74d216a8390d,2026-09-12T19:53:14-03:00
a22e90de-9f69-465f-bc31-86af1edbc160,2026-09-12T20:00:10-03:00
a22e90de-9f69-465f-bc31-86af1edbc160,2026-09-12T20:02:38-03:00
6271b391-e2f8-4f56-8d32-f79ae8ddf088,2026-09-12T20:05:44-03:00
a2e870b4-9f0b-47e8-9b94-3b99e8a94845,2026-09-12T20:20:11-03:00
5785a9d6-6ebe-4fde-b637-7575849d5fb5,2026-09-12T20:20:42-03:00
d89ac958-867e-41dc-b69a-086b6eabe468,2026-09-12T20:25:31-03:00
a29ea1e6-c745-4eda-a9f5-e869c5d59704,2026-09-12T20:31:04-03:00
77907b7d-2c49-4096-861a-40d8b858e199,2026-09-12T20:35:10-03:00
e88174ed-c99e-46c1-bb9a-b9382febd3b0,2026-09-12T20:37:38-03:00
27976644-f012-41cf-8a58-e19007647ec3,2026-09-12T20:40:08-03:00
0063959e-9d2f-4e89-bdf1-159fa165adda,2026-09-12T20:42:28-03:00
d4401fcc-49a1-4a4b-a721-75f5bddf5005,2026-09-12T20:43:56-03:00
47cf2dc7-e7f7-4797-89f0-789c17cc0a00,2026-09-12T20:45:24-03:00
e82935f2-b72d-4e08-b963-d7b725aef963,2026-09-12T20:46:46-03:00
6271b391-e2f8-4f56-8d32-f79ae8ddf088,2026-09-12T20:49:36-03:00
a5200934-c28b-4403-a587-99c447caf120,2026-09-12T20:50:20-03:00
238d2d7d-d3ac-4a96-918a-d89eab374cb3,2026-09-12T20:50:53-03:00
53b128e5-4019-4949-bd7b-e94a23e14fe3,2026-09-12T20:57:31-03:00
4b71bfa6-41ce-4689-880b-c67a177a3c1c,2026-09-12T21:00:06-03:00
879d24a3-e7ff-403f-b26c-228c09d1004c,2026-09-12T21:20:10-03:00
246e9c60-87ce-4e05-91ea-50ec6b353fe0,2026-09-12T21:21:27-03:00
366eaccb-6abd-42f7-bce5-d0238495366a,2026-09-12T21:21:28-03:00
0a1bf5c0-04bf-4fb4-8261-ecdbc80298a8,2026-09-12T21:23:52-03:00
6f5d94b5-a9c3-403f-8d38-6bd62e7ec428,2026-09-12T21:24:56-03:00
86c56b5e-359a-4221-b7d0-3162eeae05bc,2026-09-12T21:25:00-03:00
701d5d6c-29a3-4f99-88ab-9ad29e236345,2026-09-12T21:31:21-03:00
4efa166e-94e8-484e-9ee8-66403a183164,2026-09-12T21:35:33-03:00
954a9718-c280-479c-bbb0-784a272b1d0f,2026-09-12T21:44:15-03:00
2494ba8f-73c5-48a3-823b-986b77c853e8,2026-09-12T21:45:43-03:00
8e81c4a0-72a2-422a-8340-4766e58b612c,2026-09-12T21:47:41-03:00
0327acf1-2fee-47d2-beec-c9acf777b543,2026-09-12T21:50:00-03:00
b61e4aa6-ca79-4db0-bad5-d6fb1aa9ef99,2026-09-12T21:57:00-03:00
ee713c93-fdc1-448c-86a9-d2f6af327b49,2026-09-12T21:58:05-03:00
133e6f3e-a4eb-4f09-b051-1afb687dad4f,2026-09-12T22:00:48-03:00
745c5ac7-3469-496f-b90c-a779ffd662ae,2026-09-12T22:17:00-03:00
2256b9c7-d1db-4536-ad72-054afd567cb2,2026-09-12T22:19:44-03:00
9e7efe95-51f6-487e-bb82-7e9777e80193,2026-09-12T22:29:18-03:00
55010fbd-a4a3-4dd6-83b4-9e43de35bf83,2026-09-12T22:32:54-03:00
cf694a1e-cbc9-4f6e-8eef-ea20f93dc713,2026-09-12T22:39:19-03:00
8e4207fd-a513-4999-b9f5-267b7662f66d,2026-09-12T22:46:36-03:00
468123e3-2f79-46a1-8cf6-640ccd9ce86f,2026-09-12T22:58:35-03:00
a2ba3863-a98c-4cad-a126-e80e8c7cde7a,2026-09-13T06:16:06-03:00
360dbb7d-938f-4118-8f15-d8497b7041e1,2026-09-13T06:29:48-03:00
55010fbd-a4a3-4dd6-83b4-9e43de35bf83,2026-09-13T06:33:44-03:00
d781854d-bd42-40ef-878f-1fe6d78acf10,2026-09-13T06:52:48-03:00
46d3d47a-b599-4391-b1ae-e8fb5271c0bf,2026-09-13T06:53:41-03:00
62b64148-c6cf-4c07-b3e3-ab3e6bdfd457,2026-09-13T06:57:53-03:00
53b128e5-4019-4949-bd7b-e94a23e14fe3,2026-09-13T07:07:52-03:00
5683d94c-8c3b-4609-b4e8-e11c81d4fead,2026-09-13T07:11:10-03:00
137b3b91-440d-4ad4-bf34-9ceb3642ceba,2026-09-13T07:21:27-03:00
987a1c42-fa45-4b9a-8188-4b006df76679,2026-09-13T07:27:43-03:00
7181d3f7-662a-44aa-8f6e-9389ff4dc95e,2026-09-13T07:33:10-03:00
4b906469-d843-48be-b3d0-34947809e5a1,2026-09-13T07:41:06-03:00
123f2d21-7fb8-4195-8256-ac26714a80d4,2026-09-13T07:52:53-03:00
b7c2c8d3-2026-49c9-9955-1946d4749338,2026-09-13T08:00:11-03:00
2198e7b7-1971-466d-8051-1f36e7a71b9a,2026-09-13T08:06:57-03:00
9718b411-0759-4cc4-a90f-4de4e78c4690,2026-09-13T08:14:41-03:00
912d7559-e2c5-4f11-b828-c68dddf16b16,2026-09-13T08:17:03-03:00
b7c2c8d3-2026-49c9-9955-1946d4749338,2026-09-13T08:19:11-03:00
9d71a8eb-0c4b-4edc-bf8a-6a0bbc1da7ab,2026-09-13T08:20:53-03:00
53b128e5-4019-4949-bd7b-e94a23e14fe3,2026-09-13T08:23:33-03:00
691ffc9e-f56a-4bac-8f4d-4307f09e01e6,2026-09-13T08:28:26-03:00
ca562769-23f1-4a2c-a696-9383438f8306,2026-09-13T08:31:25-03:00
ee713c93-fdc1-448c-86a9-d2f6af327b49,2026-09-13T08:49:17-03:00
c5a6684a-0092-4497-b63e-0e80f3d2fc73,2026-09-13T08:49:47-03:00
175cfd69-c02f-4d98-b426-9d7fa134f4a8,2026-09-13T08:52:11-03:00
26d1fbd7-76dc-4672-9547-ab1a24edc02d,2026-09-13T08:58:14-03:00
133e6f3e-a4eb-4f09-b051-1afb687dad4f,2026-09-13T08:59:02-03:00
83a5bb64-0113-4f1a-89de-2963095c9274,2026-09-13T09:00:57-03:00
f9bc69f7-f81c-42ac-b8ab-0a3ebed8496a,2026-09-13T09:23:47-03:00
38a7897a-3596-4ffc-9142-87f5d9c1d8f6,2026-09-13T09:28:16-03:00
914ad948-05cc-48b2-af17-72a63ca5ba14,2026-09-13T09:34:14-03:00
693486f5-1cb4-46ab-bd7c-85ca30bd1527,2026-09-13T09:50:57-03:00
eb4d77a1-9e23-4480-a0ab-8ea0b91d8bb6,2026-09-13T09:51:30-03:00
68b5711a-cdd4-42df-b956-2992d25a04ef,2026-09-13T09:52:45-03:00
b60bbd7d-8c43-4dee-bef9-136f66093c73,2026-09-13T10:22:03-03:00
a2ea1fc7-6f8c-4640-85c0-ac9720b088c9,2026-09-13T10:36:07-03:00
0a1bf5c0-04bf-4fb4-8261-ecdbc80298a8,2026-09-13T10:43:41-03:00
b8a18f30-62c6-4681-8a22-6220f351119a,2026-09-13T10:45:22-03:00
763b165d-9848-4545-b83e-cb48d3de1d7e,2026-09-13T10:51:11-03:00
f205b5d9-5fb3-4774-b977-ba9802edbe7e,2026-09-13T11:08:37-03:00
c2177ed1-7491-40ea-9e75-88882e612998,2026-09-13T11:08:59-03:00
0b1b643e-405f-44a1-a5c5-cbcae283d573,2026-09-13T11:20:18-03:00
96721e62-3b7f-4ada-a2b0-c71fd9f27055,2026-09-13T11:24:51-03:00
b9a7b147-c815-4b76-a46a-a5f0d965ef5f,2026-09-13T11:38:12-03:00
96721e62-3b7f-4ada-a2b0-c71fd9f27055,2026-09-13T11:38:46-03:00
8e4e5496-10b9-40a0-935a-54aaf7300eb5,2026-09-13T12:06:58-03:00
ef710db7-b23f-4f82-bc23-439496d7fbdf,2026-09-13T12:22:29-03:00
3ff03678-ef66-40b7-817f-75ddf5870243,2026-09-13T12:31:35-03:00
656306f4-8a57-4e18-9d0a-565b197ba01a,2026-09-13T12:33:04-03:00
6c298438-c3f6-45f0-8712-d9fa3e5da5e9,2026-09-13T12:43:54-03:00
ffab5aab-8c70-4b8a-8783-354343c5eedd,2026-09-13T12:53:11-03:00
eb4d77a1-9e23-4480-a0ab-8ea0b91d8bb6,2026-09-13T12:53:11-03:00
fd04633f-6587-4b3a-b5ba-6bd78bc0b085,2026-09-13T12:56:50-03:00
2c547b7c-7de5-429d-9f58-156dd1928fca,2026-09-13T13:10:11-03:00
64c553e9-120c-4401-8a5f-29609abfbe42,2026-09-13T13:11:17-03:00
7f9ba79f-545c-4529-a340-cd6449271b7a,2026-09-13T13:22:24-03:00
94572e5a-a884-43b4-b0c0-3dd41add70ed,2026-09-13T13:29:34-03:00
a22e90de-9f69-465f-bc31-86af1edbc160,2026-09-13T13:32:32-03:00
488bfe58-d992-478c-981c-9f5b02344873,2026-09-13T13:33:40-03:00
ad0ea115-7763-4bc1-9062-73bb3732ddfb,2026-09-13T13:37:11-03:00
e36ec4f0-03ff-4628-a217-8752c64604c8,2026-09-13T13:52:01-03:00
129337b7-3d85-477c-b37f-5c680be7a119,2026-09-13T14:20:32-03:00
35d62d40-ced7-4fde-bc5d-310038b37ad4,2026-09-13T14:25:46-03:00
88373c7c-1d43-4882-bfc9-dde5b45f3d27,2026-09-13T14:31:02-03:00
341ada20-eb43-4767-aa77-60de86281677,2026-09-13T14:40:37-03:00
27976644-f012-41cf-8a58-e19007647ec3,2026-09-13T14:49:52-03:00
35d62d40-ced7-4fde-bc5d-310038b37ad4,2026-09-13T14:59:54-03:00
86c56b5e-359a-4221-b7d0-3162eeae05bc,2026-09-13T15:16:56-03:00
6f5d94b5-a9c3-403f-8d38-6bd62e7ec428,2026-09-13T15:27:43-03:00
693486f5-1cb4-46ab-bd7c-85ca30bd1527,2026-09-13T15:45:42-03:00
86b79e85-dad9-4895-87d9-df9eafa9ab32,2026-09-13T15:49:55-03:00
62b64148-c6cf-4c07-b3e3-ab3e6bdfd457,2026-09-13T16:00:01-03:00
133e6f3e-a4eb-4f09-b051-1afb687dad4f,2026-09-13T16:17:50-03:00
335d097b-9693-471f-ba8c-bfdf3c35061f,2026-09-13T16:24:15-03:00
86c56b5e-359a-4221-b7d0-3162eeae05bc,2026-09-13T16:27:17-03:00
824a7c61-0bbb-46e3-87bf-4b48cc63793e,2026-09-13T16:33:01-03:00
f3ac1b9c-dc38-45a9-ba14-a9442e0ee2ab,2026-09-13T16:36:20-03:00
691ffc9e-f56a-4bac-8f4d-4307f09e01e6,2026-09-13T16:46:38-03:00
468123e3-2f79-46a1-8cf6-640ccd9ce86f,2026-09-13T16:53:56-03:00
9c4372c0-b901-4fe2-8d89-083d69e390af,2026-09-13T17:07:05-03:00
e169f77f-4018-4d94-8684-72cf414ea2a4,2026-09-13T17:11:52-03:00
f9bc69f7-f81c-42ac-b8ab-0a3ebed8496a,2026-09-13T17:14:14-03:00
12662e6b-2068-415f-966e-e3ada53c8185,2026-09-13T17:17:54-03:00
2c8a5011-91eb-477f-a4c9-bb9e5a91e4be,2026-09-13T17:17:55-03:00
afd25cdc-8200-4c75-a7b3-d828005d8b2f,2026-09-13T17:22:32-03:00
17f56689-36c5-4349-8c1f-604553aa5a36,2026-09-13T17:26:00-03:00
054c4279-41b7-426d-b378-901962e80587,2026-09-13T17:26:03-03:00
842eb88e-c30f-4a09-9145-8bfefbdaa429,2026-09-13T17:28:43-03:00
e36ec4f0-03ff-4628-a217-8752c64604c8,2026-09-13T17:29:33-03:00
e803e5c6-858d-45f5-b09b-7935ad19ee74,2026-09-13T17:30:21-03:00
6e8d79f1-3124-4837-9efb-8cb717a160e7,2026-09-13T17:34:47-03:00
25b0935a-b37b-4003-9fc9-8e197f351e42,2026-09-13T17:41:00-03:00
4a40f649-c222-4311-88b4-fb48e9b846b3,2026-09-13T17:42:51-03:00
c7aac888-75e4-42f2-9131-4b0abb0cee03,2026-09-13T18:02:09-03:00
9d71a8eb-0c4b-4edc-bf8a-6a0bbc1da7ab,2026-09-13T18:06:44-03:00
fc160c5b-5da4-4901-9d7c-9fd85712be19,2026-09-13T18:12:08-03:00
246e9c60-87ce-4e05-91ea-50ec6b353fe0,2026-09-13T18:34:47-03:00
cddb0c66-a759-4cf8-bec0-0d405bf1ab4b,2026-09-13T18:37:07-03:00
3ff03678-ef66-40b7-817f-75ddf5870243,2026-09-13T18:47:38-03:00
441dfaac-432f-45d3-a6e5-cc0153e3446f,2026-09-13T18:52:48-03:00
d19af899-bb0c-4ced-9909-1643d0cd7f7c,2026-09-13T19:00:04-03:00
f3ac1b9c-dc38-45a9-ba14-a9442e0ee2ab,2026-09-13T19:04:19-03:00
8721d034-e5a9-44e9-9e8c-0a536ae75e87,2026-09-13T19:09:08-03:00
feef3fb2-b26c-4f5e-8ac4-517bb7bd0b1a,2026-09-13T19:09:54-03:00
9c4372c0-b901-4fe2-8d89-083d69e390af,2026-09-13T19:13:45-03:00
fb30db7b-63d2-419f-9710-1efd105a6b96,2026-09-13T19:16:24-03:00
9c93e812-e73c-4917-b0d2-b8bc860365c9,2026-09-13T19:19:17-03:00
488bfe58-d992-478c-981c-9f5b02344873,2026-09-13T19:23:29-03:00
e5f8674b-1588-4fd7-9ef5-3fa2bb18ce8f,2026-09-13T19:24:58-03:00
001481aa-8661-4c80-a221-7d0c40fd0dea,2026-09-13T19:26:51-03:00
4e6d95b1-b84c-47ea-8882-55bbdfbb7a52,2026-09-13T19:28:19-03:00
7a2058c8-a9ea-42d5-94f4-bf3cdbe66c12,2026-09-13T19:36:00-03:00
62fa174e-75a1-44a6-bc9c-3a9184ea89be,2026-09-13T19:39:03-03:00
0c435edb-e146-42e3-a87a-b45f1b82e771,2026-09-13T19:39:37-03:00
95d9fd79-c27b-4406-87b6-ff3292e75385,2026-09-13T19:42:43-03:00
b9ac272c-142f-4eaa-b923-c53f04496401,2026-09-13T19:48:21-03:00
6f5d94b5-a9c3-403f-8d38-6bd62e7ec428,2026-09-13T19:50:22-03:00
3ac808ca-a57b-47d1-9826-72a6e9d84810,2026-09-13T19:52:17-03:00
d786bdde-e18b-46fc-9e05-201ebef1f85c,2026-09-13T19:53:32-03:00
a5fe6bae-d453-4af4-acce-26069f132960,2026-09-13T19:57:10-03:00
63a65720-bb80-475d-b2da-94c4c313c0b5,2026-09-13T19:58:54-03:00
62fa174e-75a1-44a6-bc9c-3a9184ea89be,2026-09-13T20:06:49-03:00
4803068d-93ec-47fb-96c4-f8a0c06ddebe,2026-09-13T20:07:05-03:00
25b0935a-b37b-4003-9fc9-8e197f351e42,2026-09-13T20:10:36-03:00
a6348d1a-9cf7-400c-ade5-a6acd24f916b,2026-09-13T20:11:04-03:00
2e5befb3-57ff-4a4d-8019-5856f458e73e,2026-09-13T20:19:31-03:00
954a9718-c280-479c-bbb0-784a272b1d0f,2026-09-13T20:23:05-03:00
001481aa-8661-4c80-a221-7d0c40fd0dea,2026-09-13T20:23:51-03:00
f1f01bc0-6933-48fc-ac60-0091d2d69649,2026-09-13T20:24:21-03:00
e031beb6-e312-4aed-bc34-662198074cd1,2026-09-13T20:26:22-03:00
335d097b-9693-471f-ba8c-bfdf3c35061f,2026-09-13T20:27:52-03:00
fc4fb025-9f5c-495d-9360-9edd45c88350,2026-09-13T20:28:31-03:00
b9c2ca50-39e2-4c77-9d9c-02745c2fb322,2026-09-13T20:37:45-03:00
c58f53fe-c900-41d1-848b-d586fb2d953b,2026-09-13T20:47:02-03:00
bb5e0dbc-e2c0-40e8-82a5-da507ddf52a5,2026-09-13T20:57:36-03:00
2256b9c7-d1db-4536-ad72-054afd567cb2,2026-09-13T20:59:54-03:00
e803e5c6-858d-45f5-b09b-7935ad19ee74,2026-09-13T21:02:20-03:00
a2ea1fc7-6f8c-4640-85c0-ac9720b088c9,2026-09-13T21:12:33-03:00
88fa4247-2f85-4cad-8f66-67e1e5fa9bb2,2026-09-13T21:29:31-03:00
15045214-2247-4403-b0bf-4f1a9c293447,2026-09-13T21:29:58-03:00
debb3c52-ad38-41dc-b901-ee2bf7e72005,2026-09-13T21:30:58-03:00
9803f12e-248e-4386-96ec-48e0a7e0c0b4,2026-09-13T21:41:46-03:00
89934fab-906f-4bf0-ba46-c9292c0f7870,2026-09-13T21:43:42-03:00
47881c91-83a5-4062-adff-f9c9fd8273d7,2026-09-13T22:02:34-03:00
a2a0a709-5728-459e-9a0f-8bb0b17afa93,2026-09-13T22:08:47-03:00
5683d94c-8c3b-4609-b4e8-e11c81d4fead,2026-09-13T22:27:01-03:00
3c397afe-fb99-4bda-a65a-d357db7714b4,2026-09-13T22:59:47-03:00
b584720a-c001-408e-9f81-ad6d9cfc73ff,2026-09-14T06:03:01-03:00
be314718-d6d3-410e-a74a-6aa76618456e,2026-09-14T06:31:20-03:00
47833223-98ea-4e00-bfc1-11f99ea76662,2026-09-14T06:50:43-03:00
b313c44a-8a3d-403f-bd36-6170c9a4d412,2026-09-14T07:00:26-03:00
731627ce-4776-48b4-85b5-db648ce7eb05,2026-09-14T07:03:58-03:00
6917adf9-0343-476a-bb13-c79025b1acec,2026-09-14T07:07:33-03:00
33b15fc2-f2b3-48cb-9480-00dd9f1fd02c,2026-09-14T07:23:14-03:00
26c6e325-a8d1-4419-b0b1-3e12ec8058a4,2026-09-14T07:30:09-03:00
75a25cfe-2388-445e-b4b8-8eecec068396,2026-09-14T07:35:05-03:00
bb07a7d3-beaa-4c7a-ba58-1d0aea094568,2026-09-14T07:51:05-03:00
2e5befb3-57ff-4a4d-8019-5856f458e73e,2026-09-14T07:52:26-03:00
9718b411-0759-4cc4-a90f-4de4e78c4690,2026-09-14T08:18:24-03:00
ffab5aab-8c70-4b8a-8783-354343c5eedd,2026-09-14T08:27:12-03:00
e06e4bfa-990a-4455-9071-a255e525ddf2,2026-09-14T08:29:05-03:00
7a2058c8-a9ea-42d5-94f4-bf3cdbe66c12,2026-09-14T08:35:37-03:00
175cfd69-c02f-4d98-b426-9d7fa134f4a8,2026-09-14T08:37:57-03:00
050b3afe-ff51-47fa-83bd-6e6c004d8b32,2026-09-14T08:41:45-03:00
5e98c501-7384-4161-840a-5bfd8d3ec9e9,2026-09-14T08:42:31-03:00
6a51ec04-d36d-47c9-8167-8f528c10d62b,2026-09-14T08:54:17-03:00
e0131205-9109-4780-afc3-f0aec0b43432,2026-09-14T08:55:49-03:00
4a40f649-c222-4311-88b4-fb48e9b846b3,2026-09-14T08:57:26-03:00
b8a18f30-62c6-4681-8a22-6220f351119a,2026-09-14T09:21:58-03:00
c2177ed1-7491-40ea-9e75-88882e612998,2026-09-14T09:23:38-03:00
62a0e49d-a8a1-4322-b4f8-2cb92b4b60fd,2026-09-14T09:31:18-03:00
26d1fbd7-76dc-4672-9547-ab1a24edc02d,2026-09-14T09:36:43-03:00
fdbe4621-4a25-43ca-9bac-8a603281ff15,2026-09-14T09:50:45-03:00
adc731c9-d533-439b-8076-31e78726feaa,2026-09-14T09:58:01-03:00
4a40f649-c222-4311-88b4-fb48e9b846b3,2026-09-14T10:10:11-03:00
a80feb21-bbdc-4bde-a610-49f712e55cfa,2026-09-14T10:33:56-03:00
f7b74bb2-3821-4209-9eac-cacf1d407f69,2026-09-14T10:37:35-03:00
1365d524-57f4-4272-a127-c022401b4325,2026-09-14T10:40:02-03:00
b6a33dd7-5a14-4a50-b2f2-1ed5ff13aa3d,2026-09-14T11:00:53-03:00
548660f2-2f0f-417e-925b-3afd61354b7e,2026-09-14T11:05:28-03:00
20048baf-fc52-4f1e-bc08-a8b2ab8c8fe6,2026-09-14T11:08:59-03:00
706a5e7b-b456-4450-9857-42029cac4cc2,2026-09-14T11:13:20-03:00
133e6f3e-a4eb-4f09-b051-1afb687dad4f,2026-09-14T11:14:34-03:00
0c435edb-e146-42e3-a87a-b45f1b82e771,2026-09-14T11:20:29-03:00
b61e4aa6-ca79-4db0-bad5-d6fb1aa9ef99,2026-09-14T11:33:40-03:00
f55c6041-eacc-4cd1-8174-59e85d80f38c,2026-09-14T12:05:29-03:00
933faec4-e418-4ad9-a8a1-a1fd1915a8fc,2026-09-14T12:10:45-03:00
62fa174e-75a1-44a6-bc9c-3a9184ea89be,2026-09-14T12:29:48-03:00
6ab240a9-9f12-4362-8373-65abc5e9f8c9,2026-09-14T12:32:27-03:00
86d8cbc1-4132-415e-b5d1-669c87b15536,2026-09-14T12:35:04-03:00
15045214-2247-4403-b0bf-4f1a9c293447,2026-09-14T12:39:05-03:00
9773c7a7-8c55-4526-a26d-71fd92e29abc,2026-09-14T12:46:02-03:00
39f3c09b-0777-46ae-b8b0-f11398450952,2026-09-14T12:47:50-03:00
bfe9472b-9197-4fa9-b4ed-8249cfaaa5d3,2026-09-14T12:52:36-03:00
47cf2dc7-e7f7-4797-89f0-789c17cc0a00,2026-09-14T12:56:36-03:00
9803f12e-248e-4386-96ec-48e0a7e0c0b4,2026-09-14T13:03:50-03:00
6f4ade15-5e94-4f9e-9a8a-0720d4bce02a,2026-09-14T13:07:03-03:00
300c0bb2-1f6c-4308-9e85-249d8a11a277,2026-09-14T13:19:32-03:00
38a7897a-3596-4ffc-9142-87f5d9c1d8f6,2026-09-14T13:25:31-03:00
776b9bf6-d3ae-47bd-930b-c08ed0adb214,2026-09-14T13:55:59-03:00
ffab5aab-8c70-4b8a-8783-354343c5eedd,2026-09-14T14:55:35-03:00
4b71bfa6-41ce-4689-880b-c67a177a3c1c,2026-09-14T15:06:56-03:00
35d62d40-ced7-4fde-bc5d-310038b37ad4,2026-09-14T15:12:17-03:00
9803f12e-248e-4386-96ec-48e0a7e0c0b4,2026-09-14T15:35:14-03:00
5a6329da-c0e5-4791-ac77-7503d82554ea,2026-09-14T15:40:51-03:00
ad653810-09ec-4061-beb5-04c4aa9175ee,2026-09-14T16:19:14-03:00
fcf632f0-dab7-45ac-9220-74d216a8390d,2026-09-14T16:21:29-03:00
1d189842-d9c9-4c9d-8f49-c15c3b86a93d,2026-09-14T16:48:15-03:00
3ff03678-ef66-40b7-817f-75ddf5870243,2026-09-14T16:58:24-03:00
55010fbd-a4a3-4dd6-83b4-9e43de35bf83,2026-09-14T17:04:53-03:00
6f4ade15-5e94-4f9e-9a8a-0720d4bce02a,2026-09-14T17:28:39-03:00
fc4dec09-64fb-46e0-85ae-59c5db864719,2026-09-14T17:31:06-03:00
03658df2-2721-4ff3-aa5e-8bf7925c8add,2026-09-14T17:34:42-03:00
701d5d6c-29a3-4f99-88ab-9ad29e236345,2026-09-14T17:35:36-03:00
e0131205-9109-4780-afc3-f0aec0b43432,2026-09-14T17:37:54-03:00
48fcc312-cf83-4aa3-9abf-7d656f455037,2026-09-14T17:46:03-03:00
0f9b8c97-4f53-4bbb-a24d-0a19f6a5f944,2026-09-14T17:52:39-03:00
7a2058c8-a9ea-42d5-94f4-bf3cdbe66c12,2026-09-14T18:02:20-03:00
66d29d95-befb-465d-9d24-d3ce94906672,2026-09-14T18:03:33-03:00
4efa166e-94e8-484e-9ee8-66403a183164,2026-09-14T18:05:22-03:00
f16dc111-041c-4d2b-89f5-59312798b9a8,2026-09-14T18:08:51-03:00
4a78ff1b-a832-4d8c-ad9d-f3a7fc3b78c9,2026-09-14T18:10:17-03:00
c5a6684a-0092-4497-b63e-0e80f3d2fc73,2026-09-14T18:16:58-03:00
954a9718-c280-479c-bbb0-784a272b1d0f,2026-09-14T18:17:19-03:00
9b777407-b410-4ba3-8325-31caa437157d,2026-09-14T18:23:20-03:00
26d1fbd7-76dc-4672-9547-ab1a24edc02d,2026-09-14T18:24:54-03:00
507bb5cb-6426-477c-accd-78625b80cd14,2026-09-14T18:25:23-03:00
0360e35a-0379-4ff2-a7ca-4b2353e2d129,2026-09-14T18:29:44-03:00
2679a553-1548-4b4f-afc8-8c3217fc1954,2026-09-14T18:43:24-03:00
b9a7b147-c815-4b76-a46a-a5f0d965ef5f,2026-09-14T18:44:57-03:00
1db74be8-4e28-47d9-90df-e92b7cba2322,2026-09-14T19:01:44-03:00
616ab48f-6427-43bf-80e8-38a99f165f50,2026-09-14T19:11:28-03:00
4efa166e-94e8-484e-9ee8-66403a183164,2026-09-14T19:14:49-03:00
0a1bf5c0-04bf-4fb4-8261-ecdbc80298a8,2026-09-14T19:17:48-03:00
81f3f4f0-9ed1-4a15-bb1f-1a95178fc98d,2026-09-14T19:28:30-03:00
fc160c5b-5da4-4901-9d7c-9fd85712be19,2026-09-14T19:28:34-03:00
2494ba8f-73c5-48a3-823b-986b77c853e8,2026-09-14T19:31:36-03:00
68b5711a-cdd4-42df-b956-2992d25a04ef,2026-09-14T19:40:22-03:00
e4994f3b-f44a-4bfc-a4ee-ef8fc12f9cbe,2026-09-14T19:41:32-03:00
656306f4-8a57-4e18-9d0a-565b197ba01a,2026-09-14T19:51:12-03:00
2c8a5011-91eb-477f-a4c9-bb9e5a91e4be,2026-09-14T19:58:19-03:00
17f56689-36c5-4349-8c1f-604553aa5a36,2026-09-14T19:59:42-03:00
cddb0c66-a759-4cf8-bec0-0d405bf1ab4b,2026-09-14T20:08:32-03:00
8175ace9-f5d9-4f3b-b376-53e3af9521a1,2026-09-14T20:15:53-03:00
a2ea1fc7-6f8c-4640-85c0-ac9720b088c9,2026-09-14T20:17:02-03:00
050b3afe-ff51-47fa-83bd-6e6c004d8b32,2026-09-14T20:17:49-03:00
d67f10a7-d5dc-4200-b405-8c369928f310,2026-09-14T20:18:35-03:00
fcfada1b-f44b-49de-998d-dd6247a49881,2026-09-14T20:19:08-03:00
2198e7b7-1971-466d-8051-1f36e7a71b9a,2026-09-14T20:19:28-03:00
5a6329da-c0e5-4791-ac77-7503d82554ea,2026-09-14T20:24:34-03:00
7b4f8c5b-7741-460d-9321-be16495e8fd9,2026-09-14T20:28:15-03:00
e4994f3b-f44a-4bfc-a4ee-ef8fc12f9cbe,2026-09-14T20:38:32-03:00
8175ace9-f5d9-4f3b-b376-53e3af9521a1,2026-09-14T20:41:36-03:00
5785a9d6-6ebe-4fde-b637-7575849d5fb5,2026-09-14T20:43:35-03:00
987a1c42-fa45-4b9a-8188-4b006df76679,2026-09-14T20:46:54-03:00
9ba87b3b-1915-45f1-b1f5-db583b19464e,2026-09-14T20:47:35-03:00
9e7efe95-51f6-487e-bb82-7e9777e80193,2026-09-14T21:01:48-03:00
feef3fb2-b26c-4f5e-8ac4-517bb7bd0b1a,2026-09-14T21:01:54-03:00
c76e885b-ad04-403b-921d-bb338b80b059,2026-09-14T21:05:49-03:00
b7afc9b2-5996-4ac8-a68c-ba607ec588f2,2026-09-14T21:11:01-03:00
fd04633f-6587-4b3a-b5ba-6bd78bc0b085,2026-09-14T21:58:28-03:00
7181d3f7-662a-44aa-8f6e-9389ff4dc95e,2026-09-14T22:06:18-03:00
91c4252d-aea4-431a-8f29-902a5f443858,2026-09-14T22:10:24-03:00
63a65720-bb80-475d-b2da-94c4c313c0b5,2026-09-14T22:18:34-03:00
62fa174e-75a1-44a6-bc9c-3a9184ea89be,2026-09-14T23:06:30-03:00
6040c821-c00e-4bd1-9cb9-e9c2dd82db4e,2026-09-14T23:50:37-03:00
dc261513-fa73-40cd-bef0-3aaa2663c23d,2026-09-15T06:09:09-03:00
6e8d79f1-3124-4837-9efb-8cb717a160e7,2026-09-15T06:28:36-03:00
64da9850-391c-4d38-af39-3a1d8db33a14,2026-09-15T06:40:11-03:00
68b5711a-cdd4-42df-b956-2992d25a04ef,2026-09-15T06:42:53-03:00
626b5de9-c568-42f1-b9e5-974228c7e642,2026-09-15T06:44:30-03:00
2c547b7c-7de5-429d-9f58-156dd1928fca,2026-09-15T07:45:44-03:00
cf694a1e-cbc9-4f6e-8eef-ea20f93dc713,2026-09-15T08:14:19-03:00
a63b4b46-7ab4-4473-8f5e-3bb2af2412b4,2026-09-15T08:17:14-03:00
17be997b-ea98-4cd4-9c5e-452c7cf50b24,2026-09-15T08:31:30-03:00
914ad948-05cc-48b2-af17-72a63ca5ba14,2026-09-15T08:41:45-03:00
f3ac1b9c-dc38-45a9-ba14-a9442e0ee2ab,2026-09-15T08:49:26-03:00
d4401fcc-49a1-4a4b-a721-75f5bddf5005,2026-09-15T08:51:05-03:00
58e9b50a-0816-4b05-a715-b8f069b2ed05,2026-09-15T08:51:59-03:00
4efa166e-94e8-484e-9ee8-66403a183164,2026-09-15T08:59:19-03:00
823ffdec-43d2-478a-a7d1-12738434afaf,2026-09-15T09:14:28-03:00
b584720a-c001-408e-9f81-ad6d9cfc73ff,2026-09-15T09:19:17-03:00
acbdd1bd-c4bd-42af-8f35-3f2afad152fd,2026-09-15T09:27:06-03:00
253d8c41-2cbd-44eb-a9e4-e973c0cd5e4a,2026-09-15T09:29:09-03:00
94572e5a-a884-43b4-b0c0-3dd41add70ed,2026-09-15T09:50:37-03:00
47881c91-83a5-4062-adff-f9c9fd8273d7,2026-09-15T10:04:54-03:00
fb08f3b4-43f4-4590-946a-30fbd8094881,2026-09-15T10:17:53-03:00
8e4e5496-10b9-40a0-935a-54aaf7300eb5,2026-09-15T10:31:09-03:00
914ad948-05cc-48b2-af17-72a63ca5ba14,2026-09-15T11:17:40-03:00
3a6d3f6e-4428-4989-9a3f-a748fda41b68,2026-09-15T11:27:53-03:00
6adfc3a9-4471-4957-b9d2-be798fed6c9f,2026-09-15T11:33:58-03:00
642ea164-a302-402c-ae4d-4ec15f2cf519,2026-09-15T11:37:36-03:00
a63b4b46-7ab4-4473-8f5e-3bb2af2412b4,2026-09-15T11:46:24-03:00
d19af899-bb0c-4ced-9909-1643d0cd7f7c,2026-09-15T12:16:43-03:00
a22e90de-9f69-465f-bc31-86af1edbc160,2026-09-15T12:19:16-03:00
9258996d-ca0c-4158-b9c5-5166d54296f2,2026-09-15T12:49:40-03:00
47881c91-83a5-4062-adff-f9c9fd8273d7,2026-09-15T13:04:58-03:00
17f56689-36c5-4349-8c1f-604553aa5a36,2026-09-15T13:07:22-03:00
ca8f0ffe-e2ad-476f-a26a-2d3dd898912d,2026-09-15T13:13:15-03:00
f3ac1b9c-dc38-45a9-ba14-a9442e0ee2ab,2026-09-15T13:13:54-03:00
ffab5aab-8c70-4b8a-8783-354343c5eedd,2026-09-15T13:18:10-03:00
9258996d-ca0c-4158-b9c5-5166d54296f2,2026-09-15T13:29:32-03:00
b61e4aa6-ca79-4db0-bad5-d6fb1aa9ef99,2026-09-15T14:03:43-03:00
4790c878-eea4-4632-ab3c-25441b95d8b5,2026-09-15T14:12:26-03:00
1dec0dd5-4ae7-4baa-8eaa-161a30963e91,2026-09-15T15:10:31-03:00
3a6d3f6e-4428-4989-9a3f-a748fda41b68,2026-09-15T15:26:58-03:00
9718b411-0759-4cc4-a90f-4de4e78c4690,2026-09-15T15:27:06-03:00
f3689675-9c1e-40ec-857c-0898d5b47de8,2026-09-15T16:08:29-03:00
8b9c0abc-24f2-42dd-814b-5698ef72f489,2026-09-15T16:34:40-03:00
9d100814-9d3a-42b6-917f-174fff97d163,2026-09-15T16:37:51-03:00
62fa174e-75a1-44a6-bc9c-3a9184ea89be,2026-09-15T16:52:36-03:00
3743a7f0-afdd-4331-ba16-86ca4be7fdce,2026-09-15T17:08:29-03:00
246e9c60-87ce-4e05-91ea-50ec6b353fe0,2026-09-15T17:13:49-03:00
626b5de9-c568-42f1-b9e5-974228c7e642,2026-09-15T17:18:43-03:00
5a6329da-c0e5-4791-ac77-7503d82554ea,2026-09-15T17:28:25-03:00
133e6f3e-a4eb-4f09-b051-1afb687dad4f,2026-09-15T17:28:57-03:00
b7c2c8d3-2026-49c9-9955-1946d4749338,2026-09-15T17:32:40-03:00
7567df4c-ce25-4213-b1f1-5860b29db2cc,2026-09-15T18:02:19-03:00
fd04633f-6587-4b3a-b5ba-6bd78bc0b085,2026-09-15T18:07:01-03:00
824a7c61-0bbb-46e3-87bf-4b48cc63793e,2026-09-15T18:07:34-03:00
a2ba3863-a98c-4cad-a126-e80e8c7cde7a,2026-09-15T18:09:57-03:00
04a7823c-75fa-4198-bd66-879a5d2019de,2026-09-15T18:10:35-03:00
ee713c93-fdc1-448c-86a9-d2f6af327b49,2026-09-15T18:12:35-03:00
cc5aff6d-c56e-44ff-877c-54bba590fb55,2026-09-15T18:13:16-03:00
b823aada-9e23-4f18-b80c-45508fc31d25,2026-09-15T18:13:30-03:00
55010fbd-a4a3-4dd6-83b4-9e43de35bf83,2026-09-15T18:14:01-03:00
c58f53fe-c900-41d1-848b-d586fb2d953b,2026-09-15T18:19:06-03:00
6917adf9-0343-476a-bb13-c79025b1acec,2026-09-15T18:28:11-03:00
86c56b5e-359a-4221-b7d0-3162eeae05bc,2026-09-15T18:29:47-03:00
be314718-d6d3-410e-a74a-6aa76618456e,2026-09-15T18:30:36-03:00
31b7e580-7030-4bc6-8d59-8e23d5e9e8c0,2026-09-15T18:40:47-03:00
83a5bb64-0113-4f1a-89de-2963095c9274,2026-09-15T18:43:37-03:00
6adfc3a9-4471-4957-b9d2-be798fed6c9f,2026-09-15T18:43:40-03:00
a2ea1fc7-6f8c-4640-85c0-ac9720b088c9,2026-09-15T18:47:22-03:00
d4401fcc-49a1-4a4b-a721-75f5bddf5005,2026-09-15T18:51:19-03:00
6e8d79f1-3124-4837-9efb-8cb717a160e7,2026-09-15T18:51:50-03:00
6f5d94b5-a9c3-403f-8d38-6bd62e7ec428,2026-09-15T18:53:10-03:00
03ecedfb-fe06-46f2-9974-4b0d4a2bc528,2026-09-15T19:02:37-03:00
b9a7b147-c815-4b76-a46a-a5f0d965ef5f,2026-09-15T19:09:16-03:00
88373c7c-1d43-4882-bfc9-dde5b45f3d27,2026-09-15T19:11:01-03:00
1d418502-22a7-4b6e-9978-0fefc147e915,2026-09-15T19:14:20-03:00
238d2d7d-d3ac-4a96-918a-d89eab374cb3,2026-09-15T19:19:14-03:00
eb8660ea-b6d2-4715-ad13-fa197a2f4af7,2026-09-15T19:20:27-03:00
17be997b-ea98-4cd4-9c5e-452c7cf50b24,2026-09-15T19:24:49-03:00
8e81c4a0-72a2-422a-8340-4766e58b612c,2026-09-15T19:28:49-03:00
e64d6c2b-e8a3-46d7-8307-f5e1a2ac1bde,2026-09-15T19:29:34-03:00
94572e5a-a884-43b4-b0c0-3dd41add70ed,2026-09-15T19:30:04-03:00
dbc9b450-24e7-4583-803c-b20bd4f0d6c4,2026-09-15T19:34:47-03:00
be314718-d6d3-410e-a74a-6aa76618456e,2026-09-15T19:37:57-03:00
62b64148-c6cf-4c07-b3e3-ab3e6bdfd457,2026-09-15T19:39:24-03:00
2f23cce2-bbaa-4c08-b122-571f224155fb,2026-09-15T19:49:56-03:00
001481aa-8661-4c80-a221-7d0c40fd0dea,2026-09-15T19:51:12-03:00
91c4252d-aea4-431a-8f29-902a5f443858,2026-09-15T19:58:00-03:00
1c059108-7308-4cb1-a379-6a3c02ff6d7c,2026-09-15T20:00:58-03:00
400ffd1f-2a42-46c1-a7c9-623c3ca07a97,2026-09-15T20:07:49-03:00
246e9c60-87ce-4e05-91ea-50ec6b353fe0,2026-09-15T20:20:52-03:00
63a65720-bb80-475d-b2da-94c4c313c0b5,2026-09-15T20:25:55-03:00
2b0a3003-67f1-4e44-9723-212e69760007,2026-09-15T20:44:53-03:00
35d62d40-ced7-4fde-bc5d-310038b37ad4,2026-09-15T20:50:35-03:00
e88174ed-c99e-46c1-bb9a-b9382febd3b0,2026-09-15T20:55:15-03:00
cbbcf8c0-c10e-4a2e-8f73-d45930317336,2026-09-15T20:55:59-03:00
3ddc7eeb-0f87-41fa-9849-5c63625f19b4,2026-09-15T20:56:53-03:00
2b0a3003-67f1-4e44-9723-212e69760007,2026-09-15T21:04:07-03:00
86c56b5e-359a-4221-b7d0-3162eeae05bc,2026-09-15T21:07:09-03:00
9ba87b3b-1915-45f1-b1f5-db583b19464e,2026-09-15T21:15:56-03:00
5fc3cacc-59bf-463a-8430-bc39f0b88372,2026-09-15T21:18:51-03:00
d254e996-2363-4025-9c3e-7cc48327196e,2026-09-15T21:19:19-03:00
a22e90de-9f69-465f-bc31-86af1edbc160,2026-09-15T21:29:45-03:00
a2e870b4-9f0b-47e8-9b94-3b99e8a94845,2026-09-15T21:33:12-03:00
954a9718-c280-479c-bbb0-784a272b1d0f,2026-09-15T21:41:28-03:00
64c553e9-120c-4401-8a5f-29609abfbe42,2026-09-15T22:22:58-03:00
954a9718-c280-479c-bbb0-784a272b1d0f,2026-09-15T22:32:56-03:00
cf694a1e-cbc9-4f6e-8eef-ea20f93dc713,2026-09-15T22:44:30-03:00
fd04633f-6587-4b3a-b5ba-6bd78bc0b085,2026-09-15T22:49:16-03:00
7f9ba79f-545c-4529-a340-cd6449271b7a,2026-09-15T22:51:33-03:00
a5cb5c3b-949e-485b-9799-2f56d096dbb6,2026-09-15T22:53:17-03:00
acbdd1bd-c4bd-42af-8f35-3f2afad152fd,2026-09-15T22:55:48-03:00
d19af899-bb0c-4ced-9909-1643d0cd7f7c,2026-09-15T23:27:46-03:00
3ddc7eeb-0f87-41fa-9849-5c63625f19b4,2026-09-15T23:53:44-03:00
9803f12e-248e-4386-96ec-48e0a7e0c0b4,2026-09-16T06:22:51-03:00
64c553e9-120c-4401-8a5f-29609abfbe42,2026-09-16T06:46:17-03:00
001481aa-8661-4c80-a221-7d0c40fd0dea,2026-09-16T07:08:10-03:00
4b71bfa6-41ce-4689-880b-c67a177a3c1c,2026-09-16T07:14:43-03:00
4e6d95b1-b84c-47ea-8882-55bbdfbb7a52,2026-09-16T07:24:03-03:00
e88174ed-c99e-46c1-bb9a-b9382febd3b0,2026-09-16T07:29:23-03:00
a2ba3863-a98c-4cad-a126-e80e8c7cde7a,2026-09-16T07:34:16-03:00
af7a70a9-3d3c-4023-b3e3-549673c64c85,2026-09-16T07:36:35-03:00
de26b166-744b-41a3-95c6-5c618e6882bd,2026-09-16T08:01:52-03:00
8ea2d02d-3431-40f8-a08b-24373c80014d,2026-09-16T08:02:16-03:00
4d38311e-b8b7-4813-b537-938f184d9cb5,2026-09-16T08:09:58-03:00
88373c7c-1d43-4882-bfc9-dde5b45f3d27,2026-09-16T08:10:18-03:00
68b5711a-cdd4-42df-b956-2992d25a04ef,2026-09-16T08:30:55-03:00
e803e5c6-858d-45f5-b09b-7935ad19ee74,2026-09-16T08:33:18-03:00
58e9b50a-0816-4b05-a715-b8f069b2ed05,2026-09-16T08:42:03-03:00
f16dc111-041c-4d2b-89f5-59312798b9a8,2026-09-16T08:42:46-03:00
3af1971b-9cda-4db2-b7d3-86055cab997d,2026-09-16T09:02:23-03:00
277cc565-3546-4009-accd-9cabfc7aea6a,2026-09-16T09:34:42-03:00
2256b9c7-d1db-4536-ad72-054afd567cb2,2026-09-16T09:46:31-03:00
38f36f2d-de28-42c3-9c16-11b0984375cd,2026-09-16T10:02:51-03:00
978613d4-a91d-4e22-a513-e9e9f8ed215d,2026-09-16T10:42:44-03:00
be314718-d6d3-410e-a74a-6aa76618456e,2026-09-16T10:46:57-03:00
a1700d41-f3ff-4070-8788-40b072dcef2d,2026-09-16T10:51:13-03:00
e9a1f7ef-ec39-4be9-bb15-6c720fcbc497,2026-09-16T10:55:07-03:00
4e9a6fd4-8ad2-4abe-9a62-b5cc5c544bd5,2026-09-16T11:09:04-03:00
17be997b-ea98-4cd4-9c5e-452c7cf50b24,2026-09-16T11:23:26-03:00
0327acf1-2fee-47d2-beec-c9acf777b543,2026-09-16T11:25:12-03:00
3f819d2b-b335-48f1-97ed-f46e8338de3d,2026-09-16T11:27:20-03:00
6dcecd81-e8ee-421f-a34f-55a7e02dd82d,2026-09-16T11:49:36-03:00
ffab5aab-8c70-4b8a-8783-354343c5eedd,2026-09-16T11:57:05-03:00
5ff3d90a-37b1-4d9d-9fa5-95c79daaae38,2026-09-16T12:05:06-03:00
dc261513-fa73-40cd-bef0-3aaa2663c23d,2026-09-16T12:09:29-03:00
fcf632f0-dab7-45ac-9220-74d216a8390d,2026-09-16T12:18:49-03:00
3f819d2b-b335-48f1-97ed-f46e8338de3d,2026-09-16T12:22:43-03:00
5785a9d6-6ebe-4fde-b637-7575849d5fb5,2026-09-16T12:23:09-03:00
81eb2192-b6f9-48f5-bc82-461677369b11,2026-09-16T12:33:34-03:00
a31bbca7-89cd-4285-bab6-b1f500894995,2026-09-16T12:46:07-03:00
3ddc7eeb-0f87-41fa-9849-5c63625f19b4,2026-09-16T13:10:45-03:00
a31bbca7-89cd-4285-bab6-b1f500894995,2026-09-16T13:11:18-03:00
df07c0c6-cb94-498c-9efa-52697656cf48,2026-09-16T13:17:31-03:00
02fe8297-e88f-4f71-bef1-a7f9ce75e246,2026-09-16T13:17:36-03:00
55010fbd-a4a3-4dd6-83b4-9e43de35bf83,2026-09-16T13:19:36-03:00
488bfe58-d992-478c-981c-9f5b02344873,2026-09-16T13:21:32-03:00
380d1f46-9ae3-4ee4-b603-75a8684d619c,2026-09-16T13:27:20-03:00
7f9ba79f-545c-4529-a340-cd6449271b7a,2026-09-16T13:28:51-03:00
83734873-b407-416d-9043-cf1f03203e48,2026-09-16T13:29:20-03:00
ad0ea115-7763-4bc1-9062-73bb3732ddfb,2026-09-16T13:30:39-03:00
f16dc111-041c-4d2b-89f5-59312798b9a8,2026-09-16T13:34:12-03:00
275eb800-c6ed-42b6-8e3d-679ad05f04aa,2026-09-16T14:31:08-03:00
12662e6b-2068-415f-966e-e3ada53c8185,2026-09-16T14:37:25-03:00
47881c91-83a5-4062-adff-f9c9fd8273d7,2026-09-16T14:41:25-03:00
133e6f3e-a4eb-4f09-b051-1afb687dad4f,2026-09-16T15:15:08-03:00
da2471af-9982-40ac-8abf-c75105eeb2c4,2026-09-16T15:30:22-03:00
1db74be8-4e28-47d9-90df-e92b7cba2322,2026-09-16T16:31:54-03:00
3e30fcf8-eaf4-4e08-85fd-7dc517d6c26b,2026-09-16T16:43:45-03:00
b7c2c8d3-2026-49c9-9955-1946d4749338,2026-09-16T17:00:26-03:00
d786bdde-e18b-46fc-9e05-201ebef1f85c,2026-09-16T17:04:40-03:00
eb9e4898-30e2-4a67-8c23-3ba31fb5238e,2026-09-16T17:05:16-03:00
ea6cb524-38da-43cf-995f-f61afde43338,2026-09-16T17:21:16-03:00
4efa166e-94e8-484e-9ee8-66403a183164,2026-09-16T17:32:33-03:00
cddb0c66-a759-4cf8-bec0-0d405bf1ab4b,2026-09-16T17:32:48-03:00
faaaf95c-b4d5-4c31-a41c-7f2aad53a4a5,2026-09-16T17:56:20-03:00
7f9ba79f-545c-4529-a340-cd6449271b7a,2026-09-16T18:01:02-03:00
c4144ca9-cf42-4275-a93b-68d7789406e8,2026-09-16T18:04:31-03:00
fcff47c9-85c9-4b47-ac8c-990c030f8498,2026-09-16T18:13:42-03:00
ffab5aab-8c70-4b8a-8783-354343c5eedd,2026-09-16T18:20:47-03:00
9d71a8eb-0c4b-4edc-bf8a-6a0bbc1da7ab,2026-09-16T18:29:43-03:00
eb9e4898-30e2-4a67-8c23-3ba31fb5238e,2026-09-16T18:42:51-03:00
360dbb7d-938f-4118-8f15-d8497b7041e1,2026-09-16T18:56:30-03:00
cbbcf8c0-c10e-4a2e-8f73-d45930317336,2026-09-16T18:57:53-03:00
91dee7ca-e1be-4118-8353-c9998fd0c958,2026-09-16T18:58:39-03:00
360dbb7d-938f-4118-8f15-d8497b7041e1,2026-09-16T19:03:39-03:00
47cf2dc7-e7f7-4797-89f0-789c17cc0a00,2026-09-16T19:22:17-03:00
979675c6-ec4a-4f9a-b0da-f99c0433b845,2026-09-16T19:25:26-03:00
f3ac1b9c-dc38-45a9-ba14-a9442e0ee2ab,2026-09-16T19:34:15-03:00
81eb2192-b6f9-48f5-bc82-461677369b11,2026-09-16T19:38:31-03:00
310ea5c5-a61e-4447-ad52-038a7276794d,2026-09-16T19:41:31-03:00
742e5b4b-7ead-4aa7-a9a1-5d385a35e348,2026-09-16T19:42:15-03:00
262f6a10-bfe6-49db-939f-bc0efe55a2c6,2026-09-16T19:43:28-03:00
27976644-f012-41cf-8a58-e19007647ec3,2026-09-16T19:46:58-03:00
b9ac272c-142f-4eaa-b923-c53f04496401,2026-09-16T20:01:59-03:00
f5e66b66-35cc-4417-b3ee-67da8b72762c,2026-09-16T20:02:29-03:00
ba6c08b6-b16a-41e1-a462-9d5c621b71a7,2026-09-16T20:08:45-03:00
a34a6f47-3f1b-4fc7-8a9d-26ccb31c813f,2026-09-16T20:18:19-03:00
4537575d-3e72-4359-aa46-c26b20a32b08,2026-09-16T20:19:16-03:00
d347e1b4-86a7-4154-b9a4-b1905c4f7969,2026-09-16T20:37:29-03:00
4a78ff1b-a832-4d8c-ad9d-f3a7fc3b78c9,2026-09-16T20:41:26-03:00
3a6d3f6e-4428-4989-9a3f-a748fda41b68,2026-09-16T20:49:14-03:00
23662632-da8d-47e0-9f6a-504ff9f81dcf,2026-09-16T20:50:16-03:00
824a7c61-0bbb-46e3-87bf-4b48cc63793e,2026-09-16T20:54:43-03:00
4f99b1bf-96e4-4511-b8b0-f28ee7d97fc4,2026-09-16T21:00:02-03:00
6eed1d6d-8a1b-4e89-8969-e546c8c50e9d,2026-09-16T21:00:59-03:00
3a43653f-97dd-419b-8816-76483027349f,2026-09-16T21:15:52-03:00
38a7897a-3596-4ffc-9142-87f5d9c1d8f6,2026-09-16T21:16:56-03:00
776b9bf6-d3ae-47bd-930b-c08ed0adb214,2026-09-16T21:18:19-03:00
4f9477cf-fe5e-4d4d-8d0b-5cc21db39074,2026-09-16T21:23:39-03:00
824a7c61-0bbb-46e3-87bf-4b48cc63793e,2026-09-16T21:42:10-03:00
66ef1093-5907-4924-ab21-56e5b7e22cb1,2026-09-16T21:45:50-03:00
978613d4-a91d-4e22-a513-e9e9f8ed215d,2026-09-16T21:54:16-03:00
17f56689-36c5-4349-8c1f-604553aa5a36,2026-09-16T21:59:43-03:00
2394a17e-9092-4d66-a7cf-df4ebe59ba2b,2026-09-16T22:11:47-03:00
03ecedfb-fe06-46f2-9974-4b0d4a2bc528,2026-09-16T22:16:27-03:00
275eb800-c6ed-42b6-8e3d-679ad05f04aa,2026-09-16T22:27:48-03:00
47881c91-83a5-4062-adff-f9c9fd8273d7,2026-09-16T22:28:59-03:00
b3010f1e-1097-4583-90c4-c22e1bbd666f,2026-09-16T22:29:55-03:00
62b64148-c6cf-4c07-b3e3-ab3e6bdfd457,2026-09-16T22:42:36-03:00
d19af899-bb0c-4ced-9909-1643d0cd7f7c,2026-09-16T22:44:31-03:00
5785a9d6-6ebe-4fde-b637-7575849d5fb5,2026-09-16T22:46:52-03:00
5a6329da-c0e5-4791-ac77-7503d82554ea,2026-09-16T22:57:04-03:00
1077323b-26ce-4732-a6f1-89225ece87fd,2026-09-16T23:48:20-03:00
f7b74bb2-3821-4209-9eac-cacf1d407f69,2026-09-17T06:10:49-03:00
0063959e-9d2f-4e89-bdf1-159fa165adda,2026-09-17T07:01:33-03:00
a22e90de-9f69-465f-bc31-86af1edbc160,2026-09-17T07:03:41-03:00
c8995bc6-1b20-42e7-a5eb-9d16482081bf,2026-09-17T07:08:09-03:00
5d1b11a1-4118-4e2c-8702-1d81810c3c60,2026-09-17T07:42:53-03:00
123f2d21-7fb8-4195-8256-ac26714a80d4,2026-09-17T07:51:23-03:00
be314718-d6d3-410e-a74a-6aa76618456e,2026-09-17T08:01:19-03:00
6f5d94b5-a9c3-403f-8d38-6bd62e7ec428,2026-09-17T08:06:19-03:00
1c059108-7308-4cb1-a379-6a3c02ff6d7c,2026-09-17T08:12:32-03:00
94572e5a-a884-43b4-b0c0-3dd41add70ed,2026-09-17T08:14:31-03:00
8e4e5496-10b9-40a0-935a-54aaf7300eb5,2026-09-17T08:19:00-03:00
546ea297-df74-4181-a16e-8a600feea3a7,2026-09-17T08:34:45-03:00
adc731c9-d533-439b-8076-31e78726feaa,2026-09-17T08:47:33-03:00
7b4f8c5b-7741-460d-9321-be16495e8fd9,2026-09-17T08:48:38-03:00
b584720a-c001-408e-9f81-ad6d9cfc73ff,2026-09-17T08:51:27-03:00
cc5aff6d-c56e-44ff-877c-54bba590fb55,2026-09-17T08:53:43-03:00
cddb0c66-a759-4cf8-bec0-0d405bf1ab4b,2026-09-17T08:55:09-03:00
77907b7d-2c49-4096-861a-40d8b858e199,2026-09-17T09:03:38-03:00
758bfed6-18db-4238-8c97-ae19f442c70e,2026-09-17T09:14:30-03:00
2c547b7c-7de5-429d-9f58-156dd1928fca,2026-09-17T09:31:02-03:00
4937417c-2603-46e9-8f3f-a995377147cb,2026-09-17T10:01:03-03:00
9718b411-0759-4cc4-a90f-4de4e78c4690,2026-09-17T10:07:40-03:00
c58f53fe-c900-41d1-848b-d586fb2d953b,2026-09-17T10:14:03-03:00
47881c91-83a5-4062-adff-f9c9fd8273d7,2026-09-17T10:14:28-03:00
987a1c42-fa45-4b9a-8188-4b006df76679,2026-09-17T10:18:08-03:00
04a7823c-75fa-4198-bd66-879a5d2019de,2026-09-17T10:25:59-03:00
6f5d94b5-a9c3-403f-8d38-6bd62e7ec428,2026-09-17T10:53:17-03:00
b61e4aa6-ca79-4db0-bad5-d6fb1aa9ef99,2026-09-17T11:00:32-03:00
7674d177-a274-40f7-9f90-b5a93a99caac,2026-09-17T11:02:53-03:00
cd25610d-4679-45a0-895b-933d66b183d1,2026-09-17T11:10:24-03:00
38f36f2d-de28-42c3-9c16-11b0984375cd,2026-09-17T11:12:50-03:00
94572e5a-a884-43b4-b0c0-3dd41add70ed,2026-09-17T11:48:11-03:00
987a1c42-fa45-4b9a-8188-4b006df76679,2026-09-17T11:48:19-03:00
88373c7c-1d43-4882-bfc9-dde5b45f3d27,2026-09-17T11:57:04-03:00
ca8f0ffe-e2ad-476f-a26a-2d3dd898912d,2026-09-17T11:57:09-03:00
17be997b-ea98-4cd4-9c5e-452c7cf50b24,2026-09-17T12:00:16-03:00
c6356017-0820-4f21-8406-1a4f08ca48a4,2026-09-17T12:05:47-03:00
25f70f1e-b4ac-4ce6-b0af-0cff8c6ca7a9,2026-09-17T12:18:09-03:00
616ab48f-6427-43bf-80e8-38a99f165f50,2026-09-17T12:25:17-03:00
ffab5aab-8c70-4b8a-8783-354343c5eedd,2026-09-17T12:38:46-03:00
914ad948-05cc-48b2-af17-72a63ca5ba14,2026-09-17T12:56:34-03:00
16416905-7ecb-47fa-8cd0-4b1e60d9a70b,2026-09-17T13:07:44-03:00
9803f12e-248e-4386-96ec-48e0a7e0c0b4,2026-09-17T13:30:15-03:00
cfb18594-1f06-4914-8e4b-85991b12895b,2026-09-17T13:34:45-03:00
9718b411-0759-4cc4-a90f-4de4e78c4690,2026-09-17T13:38:06-03:00
ca8f0ffe-e2ad-476f-a26a-2d3dd898912d,2026-09-17T13:39:38-03:00
b215dedb-270b-4a72-973d-aa6cf9d6d9fe,2026-09-17T13:56:04-03:00
824a7c61-0bbb-46e3-87bf-4b48cc63793e,2026-09-17T13:57:03-03:00
b9a7b147-c815-4b76-a46a-a5f0d965ef5f,2026-09-17T14:04:51-03:00
4537575d-3e72-4359-aa46-c26b20a32b08,2026-09-17T14:14:44-03:00
8b357f63-c24d-4122-a745-b3a624e7d951,2026-09-17T14:19:39-03:00
3743a7f0-afdd-4331-ba16-86ca4be7fdce,2026-09-17T14:43:16-03:00
1d189842-d9c9-4c9d-8f49-c15c3b86a93d,2026-09-17T14:47:52-03:00
f42beb3e-9bd9-4a7b-a699-c1bdee25eb32,2026-09-17T14:53:03-03:00
cbbcf8c0-c10e-4a2e-8f73-d45930317336,2026-09-17T15:03:45-03:00
879d24a3-e7ff-403f-b26c-228c09d1004c,2026-09-17T15:05:13-03:00
c8995bc6-1b20-42e7-a5eb-9d16482081bf,2026-09-17T15:10:24-03:00
8e4e5496-10b9-40a0-935a-54aaf7300eb5,2026-09-17T15:23:36-03:00
96bdb30c-dfda-456a-a2a9-f39c084bcdf4,2026-09-17T16:06:25-03:00
fcff47c9-85c9-4b47-ac8c-990c030f8498,2026-09-17T16:11:13-03:00
f3689675-9c1e-40ec-857c-0898d5b47de8,2026-09-17T16:23:42-03:00
a34a6f47-3f1b-4fc7-8a9d-26ccb31c813f,2026-09-17T16:31:23-03:00
129337b7-3d85-477c-b37f-5c680be7a119,2026-09-17T16:41:17-03:00
fc160c5b-5da4-4901-9d7c-9fd85712be19,2026-09-17T16:48:09-03:00
62fa174e-75a1-44a6-bc9c-3a9184ea89be,2026-09-17T16:51:50-03:00
a81a5af9-195e-4e1a-a42d-4df574b9d5c9,2026-09-17T17:08:24-03:00
731627ce-4776-48b4-85b5-db648ce7eb05,2026-09-17T17:16:26-03:00
68b5711a-cdd4-42df-b956-2992d25a04ef,2026-09-17T17:24:37-03:00
488bfe58-d992-478c-981c-9f5b02344873,2026-09-17T17:48:06-03:00
cbaf4bc2-fe5c-4ac5-960c-e795a6afc650,2026-09-17T18:23:50-03:00
9b777407-b410-4ba3-8325-31caa437157d,2026-09-17T18:31:05-03:00
64da9850-391c-4d38-af39-3a1d8db33a14,2026-09-17T18:35:07-03:00
cc5aff6d-c56e-44ff-877c-54bba590fb55,2026-09-17T18:39:09-03:00
66ef1093-5907-4924-ab21-56e5b7e22cb1,2026-09-17T18:40:20-03:00
9d71a8eb-0c4b-4edc-bf8a-6a0bbc1da7ab,2026-09-17T18:47:21-03:00
b61e4aa6-ca79-4db0-bad5-d6fb1aa9ef99,2026-09-17T18:48:19-03:00
0571a628-58b5-4e94-a85c-76b4d1be06f2,2026-09-17T18:58:28-03:00
0a1bf5c0-04bf-4fb4-8261-ecdbc80298a8,2026-09-17T18:58:49-03:00
e06e4bfa-990a-4455-9071-a255e525ddf2,2026-09-17T19:00:01-03:00
ab1a4c26-8dd9-4508-805b-030c7630e2f2,2026-09-17T19:02:08-03:00
ad653810-09ec-4061-beb5-04c4aa9175ee,2026-09-17T19:14:58-03:00
ad653810-09ec-4061-beb5-04c4aa9175ee,2026-09-17T19:22:28-03:00
8e08991f-cdd5-487d-bda2-f7dbb9be290e,2026-09-17T19:28:49-03:00
461064e2-68de-40b7-b251-70697277f917,2026-09-17T19:31:47-03:00
cbaf4bc2-fe5c-4ac5-960c-e795a6afc650,2026-09-17T19:40:05-03:00
8456daf7-dd51-4b97-86e3-e427d5f57842,2026-09-17T19:40:16-03:00
0571a628-58b5-4e94-a85c-76b4d1be06f2,2026-09-17T19:41:29-03:00
86c56b5e-359a-4221-b7d0-3162eeae05bc,2026-09-17T19:41:59-03:00
9258996d-ca0c-4158-b9c5-5166d54296f2,2026-09-17T19:45:43-03:00
616ab48f-6427-43bf-80e8-38a99f165f50,2026-09-17T19:50:13-03:00
ce4dc588-6fac-49fa-87e1-3dae38e8eed5,2026-09-17T19:58:11-03:00
a6a1e65d-8b81-4ad0-b57d-b5dc550a4d1a,2026-09-17T20:06:51-03:00
824a7c61-0bbb-46e3-87bf-4b48cc63793e,2026-09-17T20:15:36-03:00
4e6d95b1-b84c-47ea-8882-55bbdfbb7a52,2026-09-17T20:19:11-03:00
ce4dc588-6fac-49fa-87e1-3dae38e8eed5,2026-09-17T20:28:17-03:00
e88174ed-c99e-46c1-bb9a-b9382febd3b0,2026-09-17T20:33:50-03:00
2c8a5011-91eb-477f-a4c9-bb9e5a91e4be,2026-09-17T20:34:12-03:00
001481aa-8661-4c80-a221-7d0c40fd0dea,2026-09-17T20:37:29-03:00
e803e5c6-858d-45f5-b09b-7935ad19ee74,2026-09-17T20:48:18-03:00
001481aa-8661-4c80-a221-7d0c40fd0dea,2026-09-17T20:49:00-03:00
c6356017-0820-4f21-8406-1a4f08ca48a4,2026-09-17T20:50:23-03:00
5785a9d6-6ebe-4fde-b637-7575849d5fb5,2026-09-17T21:05:57-03:00
dc261513-fa73-40cd-bef0-3aaa2663c23d,2026-09-17T21:13:07-03:00
64c553e9-120c-4401-8a5f-29609abfbe42,2026-09-17T21:25:39-03:00
8b357f63-c24d-4122-a745-b3a624e7d951,2026-09-17T21:26:37-03:00
e88174ed-c99e-46c1-bb9a-b9382febd3b0,2026-09-17T21:30:03-03:00
c76e885b-ad04-403b-921d-bb338b80b059,2026-09-17T21:35:09-03:00
ffab5aab-8c70-4b8a-8783-354343c5eedd,2026-09-17T21:51:15-03:00
7c1c6639-9fef-4015-8d6d-0e7dbe78e987,2026-09-17T21:54:03-03:00
e0037c5b-0745-4e19-877b-00bff011ab2b,2026-09-17T21:56:17-03:00
62b64148-c6cf-4c07-b3e3-ab3e6bdfd457,2026-09-17T22:02:34-03:00
fc160c5b-5da4-4901-9d7c-9fd85712be19,2026-09-17T22:10:12-03:00
0063959e-9d2f-4e89-bdf1-159fa165adda,2026-09-17T22:19:04-03:00
2c8a5011-91eb-477f-a4c9-bb9e5a91e4be,2026-09-17T22:47:12-03:00
86c56b5e-359a-4221-b7d0-3162eeae05bc,2026-09-17T23:12:39-03:00
b6a33dd7-5a14-4a50-b2f2-1ed5ff13aa3d,2026-09-17T23:24:14-03:00
69dadbcc-4438-4f2c-9b83-586227e06f52,2026-09-18T06:10:04-03:00
546ea297-df74-4181-a16e-8a600feea3a7,2026-09-18T06:23:34-03:00
ffab5aab-8c70-4b8a-8783-354343c5eedd,2026-09-18T06:58:02-03:00
df13cbb0-d954-4cf6-8987-7b0389cf03ae,2026-09-18T07:01:08-03:00
f1f01bc0-6933-48fc-ac60-0091d2d69649,2026-09-18T07:05:58-03:00
12662e6b-2068-415f-966e-e3ada53c8185,2026-09-18T07:09:09-03:00
945d32af-2611-4fb8-b931-e83ec0454ad9,2026-09-18T07:10:35-03:00
2679a553-1548-4b4f-afc8-8c3217fc1954,2026-09-18T07:10:57-03:00
2c8a5011-91eb-477f-a4c9-bb9e5a91e4be,2026-09-18T07:14:19-03:00
ef986927-1c28-4a03-9ec6-018cae673269,2026-09-18T07:20:36-03:00
68b5711a-cdd4-42df-b956-2992d25a04ef,2026-09-18T07:44:26-03:00
1123a13c-393f-4d29-acd4-e86555870c25,2026-09-18T07:52:38-03:00
824a7c61-0bbb-46e3-87bf-4b48cc63793e,2026-09-18T07:53:46-03:00
27976644-f012-41cf-8a58-e19007647ec3,2026-09-18T07:54:02-03:00
fb08f3b4-43f4-4590-946a-30fbd8094881,2026-09-18T07:58:13-03:00
7181d3f7-662a-44aa-8f6e-9389ff4dc95e,2026-09-18T07:59:12-03:00
17f56689-36c5-4349-8c1f-604553aa5a36,2026-09-18T07:59:26-03:00
001481aa-8661-4c80-a221-7d0c40fd0dea,2026-09-18T08:02:02-03:00
9718b411-0759-4cc4-a90f-4de4e78c4690,2026-09-18T08:06:10-03:00
123f2d21-7fb8-4195-8256-ac26714a80d4,2026-09-18T08:06:26-03:00
4a78ff1b-a832-4d8c-ad9d-f3a7fc3b78c9,2026-09-18T08:09:44-03:00
be314718-d6d3-410e-a74a-6aa76618456e,2026-09-18T08:16:21-03:00
d786bdde-e18b-46fc-9e05-201ebef1f85c,2026-09-18T08:37:29-03:00
2c547b7c-7de5-429d-9f58-156dd1928fca,2026-09-18T08:42:27-03:00
713a6f71-65b2-49f8-8851-982b335a76f3,2026-09-18T08:49:24-03:00
a63b4b46-7ab4-4473-8f5e-3bb2af2412b4,2026-09-18T08:55:53-03:00
4f99b1bf-96e4-4511-b8b0-f28ee7d97fc4,2026-09-18T09:12:24-03:00
a2ba3863-a98c-4cad-a126-e80e8c7cde7a,2026-09-18T09:12:45-03:00
9f130b9c-983d-4157-9aa2-46ed028eff13,2026-09-18T09:40:42-03:00
2e5befb3-57ff-4a4d-8019-5856f458e73e,2026-09-18T09:46:45-03:00
86c56b5e-359a-4221-b7d0-3162eeae05bc,2026-09-18T09:49:52-03:00
0963027b-315c-450e-8c3a-74550ffa10ef,2026-09-18T10:05:58-03:00
0063959e-9d2f-4e89-bdf1-159fa165adda,2026-09-18T10:11:43-03:00
77907b7d-2c49-4096-861a-40d8b858e199,2026-09-18T10:19:06-03:00
ee713c93-fdc1-448c-86a9-d2f6af327b49,2026-09-18T10:24:57-03:00
2c547b7c-7de5-429d-9f58-156dd1928fca,2026-09-18T10:34:39-03:00
4e6d95b1-b84c-47ea-8882-55bbdfbb7a52,2026-09-18T10:41:59-03:00
e4aa20fd-17ad-4ef4-b1dc-61fcb6c7110d,2026-09-18T10:44:22-03:00
1b51d7ab-22a5-4b0b-a446-dc469b3371c3,2026-09-18T10:44:27-03:00
693486f5-1cb4-46ab-bd7c-85ca30bd1527,2026-09-18T10:48:33-03:00
277cc565-3546-4009-accd-9cabfc7aea6a,2026-09-18T10:56:37-03:00
89bc8120-2e60-401c-b3cf-d9c3bf263bb3,2026-09-18T11:08:13-03:00
26d1fbd7-76dc-4672-9547-ab1a24edc02d,2026-09-18T12:00:59-03:00
8c47628b-91b5-4dda-9c6b-94293e3a0227,2026-09-18T12:03:23-03:00
6a51ec04-d36d-47c9-8167-8f528c10d62b,2026-09-18T12:05:56-03:00
47f3759f-c05d-4700-9354-e9cbea6907c1,2026-09-18T12:08:32-03:00
e0037c5b-0745-4e19-877b-00bff011ab2b,2026-09-18T12:08:36-03:00
0571a628-58b5-4e94-a85c-76b4d1be06f2,2026-09-18T12:11:09-03:00
9f130b9c-983d-4157-9aa2-46ed028eff13,2026-09-18T12:11:16-03:00
62b64148-c6cf-4c07-b3e3-ab3e6bdfd457,2026-09-18T12:13:19-03:00
133e6f3e-a4eb-4f09-b051-1afb687dad4f,2026-09-18T12:22:47-03:00
a5655d72-2e9f-45e8-b5b2-a48720597170,2026-09-18T12:29:09-03:00
461064e2-68de-40b7-b251-70697277f917,2026-09-18T12:34:33-03:00
96bdb30c-dfda-456a-a2a9-f39c084bcdf4,2026-09-18T12:35:16-03:00
94572e5a-a884-43b4-b0c0-3dd41add70ed,2026-09-18T12:45:13-03:00
731627ce-4776-48b4-85b5-db648ce7eb05,2026-09-18T12:46:44-03:00
ffca5939-33a1-47bd-853d-bd6457c05e0b,2026-09-18T13:25:20-03:00
123f2d21-7fb8-4195-8256-ac26714a80d4,2026-09-18T13:31:03-03:00
58e9b50a-0816-4b05-a715-b8f069b2ed05,2026-09-18T13:34:05-03:00
4d6b7e01-be75-435f-9e33-807cb0803562,2026-09-18T13:44:41-03:00
238d2d7d-d3ac-4a96-918a-d89eab374cb3,2026-09-18T13:45:35-03:00
7ca8f3a7-d1c0-402d-af08-90ce6f598e59,2026-09-18T13:59:32-03:00
89934fab-906f-4bf0-ba46-c9292c0f7870,2026-09-18T14:13:52-03:00
9c4372c0-b901-4fe2-8d89-083d69e390af,2026-09-18T14:19:29-03:00
3ff03678-ef66-40b7-817f-75ddf5870243,2026-09-18T14:29:35-03:00
b0e7b496-70aa-4fe2-895a-80da553af44c,2026-09-18T14:48:19-03:00
cbbcf8c0-c10e-4a2e-8f73-d45930317336,2026-09-18T14:54:55-03:00
77907b7d-2c49-4096-861a-40d8b858e199,2026-09-18T15:08:22-03:00
987a1c42-fa45-4b9a-8188-4b006df76679,2026-09-18T15:12:03-03:00
507bb5cb-6426-477c-accd-78625b80cd14,2026-09-18T15:49:14-03:00
e0037c5b-0745-4e19-877b-00bff011ab2b,2026-09-18T15:49:17-03:00
c841bc02-d75a-4f6f-bc8d-517e4f3edebd,2026-09-18T16:01:31-03:00
64c553e9-120c-4401-8a5f-29609abfbe42,2026-09-18T16:23:33-03:00
488bfe58-d992-478c-981c-9f5b02344873,2026-09-18T16:56:25-03:00
7e2881f9-c700-491c-b935-76ce042b839b,2026-09-18T17:03:11-03:00
001481aa-8661-4c80-a221-7d0c40fd0dea,2026-09-18T17:04:48-03:00
b5b66e1d-2391-4e19-ba80-34b9dd7a85e3,2026-09-18T17:25:21-03:00
ffab5aab-8c70-4b8a-8783-354343c5eedd,2026-09-18T17:30:53-03:00
e4994f3b-f44a-4bfc-a4ee-ef8fc12f9cbe,2026-09-18T17:41:32-03:00
56dce94c-861b-4176-a534-b7d9e60c06ad,2026-09-18T18:03:22-03:00
47881c91-83a5-4062-adff-f9c9fd8273d7,2026-09-18T18:05:32-03:00
5fc3cacc-59bf-463a-8430-bc39f0b88372,2026-09-18T18:06:45-03:00
129337b7-3d85-477c-b37f-5c680be7a119,2026-09-18T18:39:50-03:00
9ddd711a-ffc7-4c98-afdb-7228af3aa563,2026-09-18T18:54:10-03:00
94572e5a-a884-43b4-b0c0-3dd41add70ed,2026-09-18T19:02:49-03:00
3817ecfa-cdbb-402b-bdf7-ab09674a7d6b,2026-09-18T19:03:01-03:00
ee0d5baa-7b90-48c1-a268-a966865bb8fc,2026-09-18T19:09:16-03:00
468123e3-2f79-46a1-8cf6-640ccd9ce86f,2026-09-18T19:09:34-03:00
1dc273b4-d501-468d-b1c0-326efc9b870c,2026-09-18T19:12:24-03:00
1123a13c-393f-4d29-acd4-e86555870c25,2026-09-18T19:13:05-03:00
cfa2e55d-ba5f-4ceb-bf28-6140e01095a4,2026-09-18T19:15:09-03:00
4a78ff1b-a832-4d8c-ad9d-f3a7fc3b78c9,2026-09-18T19:20:24-03:00
a45528e3-636e-493d-a38c-52bf86c091dc,2026-09-18T19:23:01-03:00
9e87103d-64bb-4f6b-a5d7-55efb7bc74ce,2026-09-18T19:25:22-03:00
3611cae6-a562-4c6a-bbaa-e9befdee4569,2026-09-18T19:44:04-03:00
731627ce-4776-48b4-85b5-db648ce7eb05,2026-09-18T19:47:31-03:00
075befb4-f2ec-44f9-8b0c-fe306bb91a45,2026-09-18T20:01:26-03:00
b9a7b147-c815-4b76-a46a-a5f0d965ef5f,2026-09-18T20:04:37-03:00
83734873-b407-416d-9043-cf1f03203e48,2026-09-18T20:05:47-03:00
9d100814-9d3a-42b6-917f-174fff97d163,2026-09-18T20:13:04-03:00
e06e4bfa-990a-4455-9071-a255e525ddf2,2026-09-18T20:17:10-03:00
04a7823c-75fa-4198-bd66-879a5d2019de,2026-09-18T20:26:46-03:00
b584720a-c001-408e-9f81-ad6d9cfc73ff,2026-09-18T20:28:41-03:00
a2ea1fc7-6f8c-4640-85c0-ac9720b088c9,2026-09-18T20:45:10-03:00
054c4279-41b7-426d-b378-901962e80587,2026-09-18T20:47:50-03:00
83734873-b407-416d-9043-cf1f03203e48,2026-09-18T20:53:58-03:00
0ae15d25-c97f-4842-9d3b-7f205380d856,2026-09-18T20:58:37-03:00
89bc8120-2e60-401c-b3cf-d9c3bf263bb3,2026-09-18T20:59:00-03:00
3817ecfa-cdbb-402b-bdf7-ab09674a7d6b,2026-09-18T20:59:50-03:00
e9a1f7ef-ec39-4be9-bb15-6c720fcbc497,2026-09-18T21:00:45-03:00
81eb2192-b6f9-48f5-bc82-461677369b11,2026-09-18T21:01:16-03:00
cddb0c66-a759-4cf8-bec0-0d405bf1ab4b,2026-09-18T21:10:23-03:00
760875b7-fc17-4a23-bf61-27012c6baac1,2026-09-18T21:26:09-03:00
7c1c6639-9fef-4015-8d6d-0e7dbe78e987,2026-09-18T21:30:38-03:00
5de0b626-5742-4779-859e-93cd942eb91e,2026-09-18T21:35:24-03:00
c58f53fe-c900-41d1-848b-d586fb2d953b,2026-09-18T21:46:44-03:00
f3689675-9c1e-40ec-857c-0898d5b47de8,2026-09-18T21:47:37-03:00
f7b74bb2-3821-4209-9eac-cacf1d407f69,2026-09-18T21:52:50-03:00
5a6329da-c0e5-4791-ac77-7503d82554ea,2026-09-18T22:07:54-03:00
b584720a-c001-408e-9f81-ad6d9cfc73ff,2026-09-18T22:14:36-03:00
53c6fefc-cc71-4914-b4a3-75faa0e867c3,2026-09-18T22:30:59-03:00
2b0a3003-67f1-4e44-9723-212e69760007,2026-09-18T22:36:57-03:00
1c059108-7308-4cb1-a379-6a3c02ff6d7c,2026-09-18T22:37:30-03:00
55010fbd-a4a3-4dd6-83b4-9e43de35bf83,2026-09-18T22:37:36-03:00
9803f12e-248e-4386-96ec-48e0a7e0c0b4,2026-09-18T23:15:37-03:00
1dec0dd5-4ae7-4baa-8eaa-161a30963e91,2026-09-19T06:05:08-03:00
94def69b-2b19-47f8-9cc1-dcd995febd4f,2026-09-19T06:27:10-03:00
62b64148-c6cf-4c07-b3e3-ab3e6bdfd457,2026-09-19T06:36:35-03:00
674bbcbe-427e-4d47-998b-dfbfaae16381,2026-09-19T07:00:07-03:00
1db74be8-4e28-47d9-90df-e92b7cba2322,2026-09-19T07:09:10-03:00
3a43653f-97dd-419b-8816-76483027349f,2026-09-19T07:22:19-03:00
f205b5d9-5fb3-4774-b977-ba9802edbe7e,2026-09-19T07:26:07-03:00
129337b7-3d85-477c-b37f-5c680be7a119,2026-09-19T07:27:30-03:00
8b31db54-1aa0-45f6-aca1-02b8f3a9ffd8,2026-09-19T07:37:29-03:00
47cf2dc7-e7f7-4797-89f0-789c17cc0a00,2026-09-19T07:40:39-03:00
86c56b5e-359a-4221-b7d0-3162eeae05bc,2026-09-19T07:42:37-03:00
bb5e0dbc-e2c0-40e8-82a5-da507ddf52a5,2026-09-19T07:49:20-03:00
914ad948-05cc-48b2-af17-72a63ca5ba14,2026-09-19T07:53:45-03:00
b7c259ff-57be-4f82-b403-07a28d29aa68,2026-09-19T07:56:11-03:00
0b1b643e-405f-44a1-a5c5-cbcae283d573,2026-09-19T08:04:55-03:00
f1f01bc0-6933-48fc-ac60-0091d2d69649,2026-09-19T08:16:09-03:00
9718b411-0759-4cc4-a90f-4de4e78c4690,2026-09-19T08:22:01-03:00
d1ac406d-fe9a-44bf-b21c-9d33258e5559,2026-09-19T08:22:49-03:00
0a1bf5c0-04bf-4fb4-8261-ecdbc80298a8,2026-09-19T08:29:24-03:00
d19af899-bb0c-4ced-9909-1643d0cd7f7c,2026-09-19T08:33:20-03:00
03168ade-ba1c-4132-b42b-e569bfb85731,2026-09-19T08:46:18-03:00
e8de25ab-e07d-49fe-b6ff-055c75945578,2026-09-19T08:52:06-03:00
4efa166e-94e8-484e-9ee8-66403a183164,2026-09-19T09:01:58-03:00
53b128e5-4019-4949-bd7b-e94a23e14fe3,2026-09-19T09:14:13-03:00
62fa174e-75a1-44a6-bc9c-3a9184ea89be,2026-09-19T09:33:20-03:00
47881c91-83a5-4062-adff-f9c9fd8273d7,2026-09-19T09:35:59-03:00
4f012abf-f086-4826-951c-7edb3b0a1502,2026-09-19T09:48:50-03:00
674bbcbe-427e-4d47-998b-dfbfaae16381,2026-09-19T09:53:14-03:00
03d5ef29-f6c8-4578-be17-45f8339c7484,2026-09-19T09:58:27-03:00
64c553e9-120c-4401-8a5f-29609abfbe42,2026-09-19T10:04:50-03:00
123f2d21-7fb8-4195-8256-ac26714a80d4,2026-09-19T10:20:52-03:00
74110cff-3ec4-480d-ad98-c8b457c50adb,2026-09-19T10:26:46-03:00
eb0f2e85-02fe-4350-921f-57b77c4c21d5,2026-09-19T10:34:04-03:00
61af23c4-34f0-4c33-beb8-fb097aaf4c96,2026-09-19T10:35:06-03:00
a5200934-c28b-4403-a587-99c447caf120,2026-09-19T10:54:16-03:00
49719ae9-1be3-4bc3-8e84-029837c1070d,2026-09-19T10:57:40-03:00
b7c2c8d3-2026-49c9-9955-1946d4749338,2026-09-19T11:10:01-03:00
d89ac958-867e-41dc-b69a-086b6eabe468,2026-09-19T11:23:19-03:00
691ffc9e-f56a-4bac-8f4d-4307f09e01e6,2026-09-19T11:33:55-03:00
4d6b7e01-be75-435f-9e33-807cb0803562,2026-09-19T11:37:59-03:00
9e7efe95-51f6-487e-bb82-7e9777e80193,2026-09-19T11:43:50-03:00
6e8d79f1-3124-4837-9efb-8cb717a160e7,2026-09-19T11:44:15-03:00
133e6f3e-a4eb-4f09-b051-1afb687dad4f,2026-09-19T11:58:19-03:00
fb08f3b4-43f4-4590-946a-30fbd8094881,2026-09-19T12:01:44-03:00
2494ba8f-73c5-48a3-823b-986b77c853e8,2026-09-19T12:14:42-03:00
cd25610d-4679-45a0-895b-933d66b183d1,2026-09-19T12:18:11-03:00
a5cb5c3b-949e-485b-9799-2f56d096dbb6,2026-09-19T12:19:22-03:00
dc261513-fa73-40cd-bef0-3aaa2663c23d,2026-09-19T12:22:06-03:00
c2c6c6da-ba55-4225-908a-b5248ca6c137,2026-09-19T12:26:31-03:00
17f56689-36c5-4349-8c1f-604553aa5a36,2026-09-19T12:26:39-03:00
e432e9d2-79f8-4c88-8001-bae52bb82d34,2026-09-19T12:40:31-03:00
58e9b50a-0816-4b05-a715-b8f069b2ed05,2026-09-19T12:41:33-03:00
ffab5aab-8c70-4b8a-8783-354343c5eedd,2026-09-19T12:52:33-03:00
b8a18f30-62c6-4681-8a22-6220f351119a,2026-09-19T12:58:18-03:00
63a65720-bb80-475d-b2da-94c4c313c0b5,2026-09-19T13:03:04-03:00
68b5711a-cdd4-42df-b956-2992d25a04ef,2026-09-19T13:03:49-03:00
d4401fcc-49a1-4a4b-a721-75f5bddf5005,2026-09-19T13:12:15-03:00
17f56689-36c5-4349-8c1f-604553aa5a36,2026-09-19T13:14:22-03:00
b9a7b147-c815-4b76-a46a-a5f0d965ef5f,2026-09-19T13:15:30-03:00
763b165d-9848-4545-b83e-cb48d3de1d7e,2026-09-19T13:17:56-03:00
61af23c4-34f0-4c33-beb8-fb097aaf4c96,2026-09-19T13:19:06-03:00
6f5d94b5-a9c3-403f-8d38-6bd62e7ec428,2026-09-19T13:23:17-03:00
954a9718-c280-479c-bbb0-784a272b1d0f,2026-09-19T13:27:58-03:00
760875b7-fc17-4a23-bf61-27012c6baac1,2026-09-19T13:44:30-03:00
03d5ef29-f6c8-4578-be17-45f8339c7484,2026-09-19T13:44:56-03:00
47881c91-83a5-4062-adff-f9c9fd8273d7,2026-09-19T14:11:01-03:00
3af1971b-9cda-4db2-b7d3-86055cab997d,2026-09-19T14:15:24-03:00
2198e7b7-1971-466d-8051-1f36e7a71b9a,2026-09-19T14:18:48-03:00
0571a628-58b5-4e94-a85c-76b4d1be06f2,2026-09-19T14:20:27-03:00
fcf632f0-dab7-45ac-9220-74d216a8390d,2026-09-19T14:25:22-03:00
e803e5c6-858d-45f5-b09b-7935ad19ee74,2026-09-19T14:26:41-03:00
b7afc9b2-5996-4ac8-a68c-ba607ec588f2,2026-09-19T14:31:50-03:00
58e9b50a-0816-4b05-a715-b8f069b2ed05,2026-09-19T14:39:01-03:00
5aff9c4f-7f86-4ffb-9cb8-ec839974acba,2026-09-19T14:54:51-03:00
001481aa-8661-4c80-a221-7d0c40fd0dea,2026-09-19T14:57:07-03:00
da3e0c10-c8cb-4cd1-8368-d04b97f6693c,2026-09-19T14:57:57-03:00
83a5bb64-0113-4f1a-89de-2963095c9274,2026-09-19T15:11:33-03:00
b0e7b496-70aa-4fe2-895a-80da553af44c,2026-09-19T15:12:54-03:00
693486f5-1cb4-46ab-bd7c-85ca30bd1527,2026-09-19T15:18:07-03:00
b584720a-c001-408e-9f81-ad6d9cfc73ff,2026-09-19T15:41:16-03:00
3ff03678-ef66-40b7-817f-75ddf5870243,2026-09-19T15:47:13-03:00
262f6a10-bfe6-49db-939f-bc0efe55a2c6,2026-09-19T15:56:18-03:00
a2ea1fc7-6f8c-4640-85c0-ac9720b088c9,2026-09-19T15:59:25-03:00
95d9fd79-c27b-4406-87b6-ff3292e75385,2026-09-19T16:01:15-03:00
c7580664-77c5-4166-8723-b6de4ef703ac,2026-09-19T16:25:42-03:00
9a1871ad-4ab1-4b8d-9bf4-370dd0d22fa8,2026-09-19T16:33:19-03:00
2c8a5011-91eb-477f-a4c9-bb9e5a91e4be,2026-09-19T16:35:07-03:00
9b777407-b410-4ba3-8325-31caa437157d,2026-09-19T16:45:17-03:00
f105fdef-0b1a-483f-985b-337db376f32e,2026-09-19T17:04:06-03:00
f16dc111-041c-4d2b-89f5-59312798b9a8,2026-09-19T17:18:01-03:00
1db74be8-4e28-47d9-90df-e92b7cba2322,2026-09-19T17:18:22-03:00
a34a6f47-3f1b-4fc7-8a9d-26ccb31c813f,2026-09-19T17:30:12-03:00
879d24a3-e7ff-403f-b26c-228c09d1004c,2026-09-19T17:31:01-03:00
c5a6684a-0092-4497-b63e-0e80f3d2fc73,2026-09-19T17:32:23-03:00
9abd0778-5f4c-433c-bfb1-39c14721a0c6,2026-09-19T17:33:18-03:00
a2ea1fc7-6f8c-4640-85c0-ac9720b088c9,2026-09-19T17:45:19-03:00
6e7623ed-60ab-4b0a-b8e3-1e13593efc9e,2026-09-19T17:58:45-03:00
e88174ed-c99e-46c1-bb9a-b9382febd3b0,2026-09-19T18:00:47-03:00
4d35528d-76d0-4d5c-a2ce-52cb6cf5eb97,2026-09-19T18:03:42-03:00
1dec0dd5-4ae7-4baa-8eaa-161a30963e91,2026-09-19T18:08:03-03:00
3743a7f0-afdd-4331-ba16-86ca4be7fdce,2026-09-19T18:12:02-03:00
b0e34b4a-2a60-4833-a81d-5c9168ee33c7,2026-09-19T18:12:26-03:00
5785a9d6-6ebe-4fde-b637-7575849d5fb5,2026-09-19T18:20:26-03:00
fcff47c9-85c9-4b47-ac8c-990c030f8498,2026-09-19T18:21:05-03:00
0963027b-315c-450e-8c3a-74550ffa10ef,2026-09-19T18:23:15-03:00
6e8d79f1-3124-4837-9efb-8cb717a160e7,2026-09-19T18:30:12-03:00
4537575d-3e72-4359-aa46-c26b20a32b08,2026-09-19T18:36:55-03:00
f3689675-9c1e-40ec-857c-0898d5b47de8,2026-09-19T18:41:23-03:00
070127a1-c98c-4140-b09a-f87482f52384,2026-09-19T18:44:08-03:00
6917adf9-0343-476a-bb13-c79025b1acec,2026-09-19T18:46:07-03:00
8e4207fd-a513-4999-b9f5-267b7662f66d,2026-09-19T18:50:13-03:00
b51c10a8-7f7c-4e7b-ade2-20756dcc0ce7,2026-09-19T18:50:55-03:00
94def69b-2b19-47f8-9cc1-dcd995febd4f,2026-09-19T18:51:17-03:00
2198e7b7-1971-466d-8051-1f36e7a71b9a,2026-09-19T18:54:32-03:00
39f3c09b-0777-46ae-b8b0-f11398450952,2026-09-19T18:56:18-03:00
3d7e230e-453f-4032-90e3-e55ab858d745,2026-09-19T18:59:19-03:00
a34a6f47-3f1b-4fc7-8a9d-26ccb31c813f,2026-09-19T19:02:13-03:00
77907b7d-2c49-4096-861a-40d8b858e199,2026-09-19T19:04:32-03:00
39f3c09b-0777-46ae-b8b0-f11398450952,2026-09-19T19:08:11-03:00
d67f10a7-d5dc-4200-b405-8c369928f310,2026-09-19T19:19:09-03:00
c58f53fe-c900-41d1-848b-d586fb2d953b,2026-09-19T19:29:08-03:00
3a43653f-97dd-419b-8816-76483027349f,2026-09-19T19:33:02-03:00
4e9a6fd4-8ad2-4abe-9a62-b5cc5c544bd5,2026-09-19T19:33:47-03:00
26d1fbd7-76dc-4672-9547-ab1a24edc02d,2026-09-19T19:36:52-03:00
ffca5939-33a1-47bd-853d-bd6457c05e0b,2026-09-19T19:44:51-03:00
1365d524-57f4-4272-a127-c022401b4325,2026-09-19T19:49:22-03:00
d254e996-2363-4025-9c3e-7cc48327196e,2026-09-19T19:51:55-03:00
accb630c-edb0-4574-a78b-1824747c5a60,2026-09-19T19:52:52-03:00
d1a84733-a1c3-4523-8423-50a92cb73f60,2026-09-19T19:59:01-03:00
c58f53fe-c900-41d1-848b-d586fb2d953b,2026-09-19T20:02:37-03:00
c2c6c6da-ba55-4225-908a-b5248ca6c137,2026-09-19T20:08:18-03:00
0b1b643e-405f-44a1-a5c5-cbcae283d573,2026-09-19T20:08:53-03:00
eb8660ea-b6d2-4715-ad13-fa197a2f4af7,2026-09-19T20:12:03-03:00
62b64148-c6cf-4c07-b3e3-ab3e6bdfd457,2026-09-19T20:12:11-03:00
4537575d-3e72-4359-aa46-c26b20a32b08,2026-09-19T20:16:49-03:00
afd25cdc-8200-4c75-a7b3-d828005d8b2f,2026-09-19T20:17:54-03:00
400ffd1f-2a42-46c1-a7c9-623c3ca07a97,2026-09-19T20:24:16-03:00
341ada20-eb43-4767-aa77-60de86281677,2026-09-19T20:27:40-03:00
8985960d-fb7d-4427-bcf0-bb2713e781ca,2026-09-19T20:30:53-03:00
83734873-b407-416d-9043-cf1f03203e48,2026-09-19T20:31:40-03:00
ca562769-23f1-4a2c-a696-9383438f8306,2026-09-19T20:36:16-03:00
a1c42ac3-c204-4a54-9d3a-25603a5c23b3,2026-09-19T20:36:26-03:00
f3ac1b9c-dc38-45a9-ba14-a9442e0ee2ab,2026-09-19T20:45:00-03:00
4f9477cf-fe5e-4d4d-8d0b-5cc21db39074,2026-09-19T20:48:41-03:00
cea1dcae-2604-4ce7-9ff2-12f15a88dc15,2026-09-19T20:51:18-03:00
4599f02b-432c-4c24-89a5-24d383c71e75,2026-09-19T20:54:31-03:00
15045214-2247-4403-b0bf-4f1a9c293447,2026-09-19T21:02:14-03:00
0a1bf5c0-04bf-4fb4-8261-ecdbc80298a8,2026-09-19T21:04:51-03:00
bfe9472b-9197-4fa9-b4ed-8249cfaaa5d3,2026-09-19T21:10:56-03:00
66ef1093-5907-4924-ab21-56e5b7e22cb1,2026-09-19T21:12:21-03:00
cac48e4a-0801-4055-8e43-8a0410324147,2026-09-19T21:13:12-03:00
5e98c501-7384-4161-840a-5bfd8d3ec9e9,2026-09-19T21:15:22-03:00
86b79e85-dad9-4895-87d9-df9eafa9ab32,2026-09-19T21:17:31-03:00
94572e5a-a884-43b4-b0c0-3dd41add70ed,2026-09-19T21:21:07-03:00
fc160c5b-5da4-4901-9d7c-9fd85712be19,2026-09-19T21:23:42-03:00
4e6d95b1-b84c-47ea-8882-55bbdfbb7a52,2026-09-19T21:32:42-03:00
271b8140-24fa-4926-81a7-01f041000520,2026-09-19T21:40:37-03:00
04a7823c-75fa-4198-bd66-879a5d2019de,2026-09-19T21:42:28-03:00
e88174ed-c99e-46c1-bb9a-b9382febd3b0,2026-09-19T21:52:43-03:00
4e6d95b1-b84c-47ea-8882-55bbdfbb7a52,2026-09-19T21:55:24-03:00
77f30d59-50e4-4c67-bd26-b1e484e261fc,2026-09-19T21:55:26-03:00
68b5711a-cdd4-42df-b956-2992d25a04ef,2026-09-19T22:05:35-03:00
f3689675-9c1e-40ec-857c-0898d5b47de8,2026-09-19T22:05:43-03:00
41b72cb2-d2ba-45ee-9509-91f1cfdef575,2026-09-19T22:14:09-03:00
468123e3-2f79-46a1-8cf6-640ccd9ce86f,2026-09-19T22:21:42-03:00
88373c7c-1d43-4882-bfc9-dde5b45f3d27,2026-09-19T22:36:04-03:00
49617dc3-a1b9-4fd2-88f6-58a1ce51a2d3,2026-09-19T22:37:46-03:00
b7afc9b2-5996-4ac8-a68c-ba607ec588f2,2026-09-19T22:38:50-03:00
879d24a3-e7ff-403f-b26c-228c09d1004c,2026-09-19T22:42:59-03:00
1b9fe081-7fc4-4cfe-a13e-a6d86ea76128,2026-09-19T22:43:24-03:00
050b3afe-ff51-47fa-83bd-6e6c004d8b32,2026-09-19T22:46:33-03:00
9803f12e-248e-4386-96ec-48e0a7e0c0b4,2026-09-19T22:52:44-03:00
7181d3f7-662a-44aa-8f6e-9389ff4dc95e,2026-09-20T06:18:36-03:00
ce329e7e-249a-4eb7-a685-a7f5a1f798a6,2026-09-20T06:30:03-03:00
3743a7f0-afdd-4331-ba16-86ca4be7fdce,2026-09-20T06:51:09-03:00
4dfd42d4-1264-4b24-affd-7a251c499291,2026-09-20T06:55:50-03:00
6ed824ef-ecd4-474f-a622-853c6c6f45df,2026-09-20T07:02:58-03:00
53b128e5-4019-4949-bd7b-e94a23e14fe3,2026-09-20T07:13:15-03:00
ee713c93-fdc1-448c-86a9-d2f6af327b49,2026-09-20T07:15:09-03:00
5a6329da-c0e5-4791-ac77-7503d82554ea,2026-09-20T07:29:34-03:00
fd04633f-6587-4b3a-b5ba-6bd78bc0b085,2026-09-20T07:42:57-03:00
133e6f3e-a4eb-4f09-b051-1afb687dad4f,2026-09-20T07:43:50-03:00
b61e4aa6-ca79-4db0-bad5-d6fb1aa9ef99,2026-09-20T07:47:38-03:00
47f3759f-c05d-4700-9354-e9cbea6907c1,2026-09-20T07:48:23-03:00
4d6b7e01-be75-435f-9e33-807cb0803562,2026-09-20T07:51:16-03:00
fcfada1b-f44b-49de-998d-dd6247a49881,2026-09-20T08:01:54-03:00
5785a9d6-6ebe-4fde-b637-7575849d5fb5,2026-09-20T08:12:59-03:00
70a51575-c911-4186-b366-d8d963dde7a0,2026-09-20T08:13:28-03:00
47cf2dc7-e7f7-4797-89f0-789c17cc0a00,2026-09-20T08:25:54-03:00
79bc43ec-7b13-4e0c-9f4b-13f24eec870f,2026-09-20T08:30:49-03:00
17f56689-36c5-4349-8c1f-604553aa5a36,2026-09-20T08:31:15-03:00
4a2020ff-a5f3-4b24-b987-09c6fe7786d4,2026-09-20T08:40:17-03:00
400ffd1f-2a42-46c1-a7c9-623c3ca07a97,2026-09-20T08:59:47-03:00
ba69d09d-a00d-47d9-94a2-ea24976346ab,2026-09-20T09:05:39-03:00
8e4e5496-10b9-40a0-935a-54aaf7300eb5,2026-09-20T09:09:55-03:00
fb30db7b-63d2-419f-9710-1efd105a6b96,2026-09-20T09:15:34-03:00
9a1871ad-4ab1-4b8d-9bf4-370dd0d22fa8,2026-09-20T09:18:12-03:00
03168ade-ba1c-4132-b42b-e569bfb85731,2026-09-20T09:33:55-03:00
faaaf95c-b4d5-4c31-a41c-7f2aad53a4a5,2026-09-20T09:37:01-03:00
c7aac888-75e4-42f2-9131-4b0abb0cee03,2026-09-20T09:40:37-03:00
6a73b3d4-a3f0-4770-9c66-f54c279d2ffb,2026-09-20T09:43:37-03:00
94def69b-2b19-47f8-9cc1-dcd995febd4f,2026-09-20T09:46:08-03:00
2256b9c7-d1db-4536-ad72-054afd567cb2,2026-09-20T09:48:50-03:00
6ed824ef-ecd4-474f-a622-853c6c6f45df,2026-09-20T09:50:19-03:00
e06e4bfa-990a-4455-9071-a255e525ddf2,2026-09-20T10:16:58-03:00
3074b4d6-0aed-43e5-bd97-04f4487c4543,2026-09-20T10:28:58-03:00
77907b7d-2c49-4096-861a-40d8b858e199,2026-09-20T10:34:36-03:00
faaaf95c-b4d5-4c31-a41c-7f2aad53a4a5,2026-09-20T10:53:56-03:00
ffab5aab-8c70-4b8a-8783-354343c5eedd,2026-09-20T10:54:33-03:00
35d62d40-ced7-4fde-bc5d-310038b37ad4,2026-09-20T11:00:32-03:00
8e4e5496-10b9-40a0-935a-54aaf7300eb5,2026-09-20T11:06:22-03:00
be314718-d6d3-410e-a74a-6aa76618456e,2026-09-20T11:11:46-03:00
62fa174e-75a1-44a6-bc9c-3a9184ea89be,2026-09-20T11:17:14-03:00
adc731c9-d533-439b-8076-31e78726feaa,2026-09-20T11:19:02-03:00
0571a628-58b5-4e94-a85c-76b4d1be06f2,2026-09-20T11:25:52-03:00
1077323b-26ce-4732-a6f1-89225ece87fd,2026-09-20T11:26:35-03:00
88373c7c-1d43-4882-bfc9-dde5b45f3d27,2026-09-20T11:29:29-03:00
b2636efe-226e-4192-aa05-0831db671fb0,2026-09-20T11:46:07-03:00
ef710db7-b23f-4f82-bc23-439496d7fbdf,2026-09-20T11:47:15-03:00
cd753b9e-183b-4f2d-9bfd-3504dea21c52,2026-09-20T11:52:27-03:00
472fb8aa-f47d-4cff-a822-4e67980f64cc,2026-09-20T11:52:44-03:00
6e8d79f1-3124-4837-9efb-8cb717a160e7,2026-09-20T11:53:46-03:00
9d71a8eb-0c4b-4edc-bf8a-6a0bbc1da7ab,2026-09-20T11:58:18-03:00
4937417c-2603-46e9-8f3f-a995377147cb,2026-09-20T11:58:33-03:00
406bfc66-2242-4acf-b578-3979c4072ea8,2026-09-20T12:17:29-03:00
4dfd42d4-1264-4b24-affd-7a251c499291,2026-09-20T12:19:22-03:00
656306f4-8a57-4e18-9d0a-565b197ba01a,2026-09-20T12:28:51-03:00
4efa166e-94e8-484e-9ee8-66403a183164,2026-09-20T12:32:01-03:00
1dec0dd5-4ae7-4baa-8eaa-161a30963e91,2026-09-20T12:33:07-03:00
58e9b50a-0816-4b05-a715-b8f069b2ed05,2026-09-20T12:33:59-03:00
0f8beb1a-84f0-40e8-ace5-4c696d75b31a,2026-09-20T12:34:50-03:00
1123a13c-393f-4d29-acd4-e86555870c25,2026-09-20T12:37:38-03:00
4075d2fa-d90d-4c96-aac0-828432e9a45a,2026-09-20T12:42:59-03:00
129337b7-3d85-477c-b37f-5c680be7a119,2026-09-20T12:43:02-03:00
d7b7257f-01d2-40ce-b7fa-46a6a77fc5f9,2026-09-20T12:48:37-03:00
ec5072c3-fa73-4738-8c72-11efa6e57dba,2026-09-20T12:56:03-03:00
4075d2fa-d90d-4c96-aac0-828432e9a45a,2026-09-20T12:57:37-03:00
954a9718-c280-479c-bbb0-784a272b1d0f,2026-09-20T13:07:28-03:00
94572e5a-a884-43b4-b0c0-3dd41add70ed,2026-09-20T13:13:39-03:00
4a78ff1b-a832-4d8c-ad9d-f3a7fc3b78c9,2026-09-20T13:32:36-03:00
30f5ca10-0712-4d99-8182-808decd4727d,2026-09-20T14:38:55-03:00
914ad948-05cc-48b2-af17-72a63ca5ba14,2026-09-20T14:44:16-03:00
83734873-b407-416d-9043-cf1f03203e48,2026-09-20T14:47:39-03:00
c7aac888-75e4-42f2-9131-4b0abb0cee03,2026-09-20T14:50:02-03:00
debb3c52-ad38-41dc-b901-ee2bf7e72005,2026-09-20T14:54:53-03:00
ba6c08b6-b16a-41e1-a462-9d5c621b71a7,2026-09-20T15:04:40-03:00
17f56689-36c5-4349-8c1f-604553aa5a36,2026-09-20T15:11:07-03:00
3ec98084-12f3-4656-a538-46d59d4fe3c5,2026-09-20T15:15:05-03:00
e8461fd8-c033-47a2-a2b9-63ec8d6e4271,2026-09-20T15:15:41-03:00
3074b4d6-0aed-43e5-bd97-04f4487c4543,2026-09-20T15:37:45-03:00
2c547b7c-7de5-429d-9f58-156dd1928fca,2026-09-20T16:12:33-03:00
2c8a5011-91eb-477f-a4c9-bb9e5a91e4be,2026-09-20T16:25:58-03:00
9483f44e-8fa7-4c8a-a52c-8ee9ea41b115,2026-09-20T16:39:00-03:00
0063959e-9d2f-4e89-bdf1-159fa165adda,2026-09-20T17:09:14-03:00
a34a6f47-3f1b-4fc7-8a9d-26ccb31c813f,2026-09-20T17:16:21-03:00
8b3cf516-5450-4d24-a68a-bfcc36f33067,2026-09-20T17:21:29-03:00
7d608f63-e115-4893-843b-4bb1a04bf6d9,2026-09-20T17:32:34-03:00
7f9ba79f-545c-4529-a340-cd6449271b7a,2026-09-20T17:38:35-03:00
2394a17e-9092-4d66-a7cf-df4ebe59ba2b,2026-09-20T17:43:43-03:00
17be997b-ea98-4cd4-9c5e-452c7cf50b24,2026-09-20T17:48:17-03:00
a748f7b5-60ec-4188-a569-69302f170a2b,2026-09-20T18:05:11-03:00
39f3c09b-0777-46ae-b8b0-f11398450952,2026-09-20T18:10:23-03:00
35d62d40-ced7-4fde-bc5d-310038b37ad4,2026-09-20T18:17:17-03:00
d89ac958-867e-41dc-b69a-086b6eabe468,2026-09-20T18:20:40-03:00
c76e885b-ad04-403b-921d-bb338b80b059,2026-09-20T18:39:26-03:00
546ea297-df74-4181-a16e-8a600feea3a7,2026-09-20T18:50:08-03:00
d254e996-2363-4025-9c3e-7cc48327196e,2026-09-20T18:53:03-03:00
a2a0a709-5728-459e-9a0f-8bb0b17afa93,2026-09-20T19:01:23-03:00
18490f79-4ffb-4e33-876e-8117d0622fc5,2026-09-20T19:01:37-03:00
472fb8aa-f47d-4cff-a822-4e67980f64cc,2026-09-20T19:07:30-03:00
9718b411-0759-4cc4-a90f-4de4e78c4690,2026-09-20T19:09:13-03:00
ee713c93-fdc1-448c-86a9-d2f6af327b49,2026-09-20T19:12:34-03:00
c447baa0-ecd4-420a-856a-b6d0c3ceb217,2026-09-20T19:16:09-03:00
ec5072c3-fa73-4738-8c72-11efa6e57dba,2026-09-20T19:18:01-03:00
cddb0c66-a759-4cf8-bec0-0d405bf1ab4b,2026-09-20T19:19:00-03:00
dc6c60b4-42a9-4bb4-8563-b575c024d2d0,2026-09-20T19:31:09-03:00
d786bdde-e18b-46fc-9e05-201ebef1f85c,2026-09-20T19:35:12-03:00
5813cde1-bd61-49e5-b71c-a1f121e9e1a8,2026-09-20T19:35:21-03:00
e803e5c6-858d-45f5-b09b-7935ad19ee74,2026-09-20T19:38:05-03:00
7d608f63-e115-4893-843b-4bb1a04bf6d9,2026-09-20T19:41:58-03:00
3817ecfa-cdbb-402b-bdf7-ab09674a7d6b,2026-09-20T19:42:25-03:00
68b5711a-cdd4-42df-b956-2992d25a04ef,2026-09-20T19:43:11-03:00
488bfe58-d992-478c-981c-9f5b02344873,2026-09-20T19:48:24-03:00
4a2020ff-a5f3-4b24-b987-09c6fe7786d4,2026-09-20T19:51:06-03:00
c447baa0-ecd4-420a-856a-b6d0c3ceb217,2026-09-20T19:52:49-03:00
146d5882-3511-4c6f-aed7-020af2642681,2026-09-20T19:53:06-03:00
7c1c6639-9fef-4015-8d6d-0e7dbe78e987,2026-09-20T19:58:37-03:00
123f2d21-7fb8-4195-8256-ac26714a80d4,2026-09-20T19:59:30-03:00
6dcecd81-e8ee-421f-a34f-55a7e02dd82d,2026-09-20T20:02:53-03:00
8cc5d5e5-4c08-4f20-8110-6e3e9674c27c,2026-09-20T20:04:32-03:00
fcf632f0-dab7-45ac-9220-74d216a8390d,2026-09-20T20:06:01-03:00
6a73b3d4-a3f0-4770-9c66-f54c279d2ffb,2026-09-20T20:07:30-03:00
146d5882-3511-4c6f-aed7-020af2642681,2026-09-20T20:09:50-03:00
914ad948-05cc-48b2-af17-72a63ca5ba14,2026-09-20T20:10:07-03:00
4d35528d-76d0-4d5c-a2ce-52cb6cf5eb97,2026-09-20T20:14:03-03:00
e88174ed-c99e-46c1-bb9a-b9382febd3b0,2026-09-20T20:14:46-03:00
a1c42ac3-c204-4a54-9d3a-25603a5c23b3,2026-09-20T20:17:55-03:00
a22e90de-9f69-465f-bc31-86af1edbc160,2026-09-20T20:20:44-03:00
b9a7b147-c815-4b76-a46a-a5f0d965ef5f,2026-09-20T20:25:54-03:00
feef3fb2-b26c-4f5e-8ac4-517bb7bd0b1a,2026-09-20T20:26:37-03:00
f8ce0f67-48c8-4ccf-b8b1-21159cb64d8f,2026-09-20T20:34:03-03:00
f205b5d9-5fb3-4774-b977-ba9802edbe7e,2026-09-20T20:34:57-03:00
4e6d95b1-b84c-47ea-8882-55bbdfbb7a52,2026-09-20T20:40:21-03:00
1365d524-57f4-4272-a127-c022401b4325,2026-09-20T20:44:50-03:00
335d097b-9693-471f-ba8c-bfdf3c35061f,2026-09-20T20:46:57-03:00
39f3c09b-0777-46ae-b8b0-f11398450952,2026-09-20T20:48:07-03:00
47cf2dc7-e7f7-4797-89f0-789c17cc0a00,2026-09-20T20:52:57-03:00
a5cb5c3b-949e-485b-9799-2f56d096dbb6,2026-09-20T20:57:34-03:00
275eb800-c6ed-42b6-8e3d-679ad05f04aa,2026-09-20T20:58:23-03:00
c7580664-77c5-4166-8723-b6de4ef703ac,2026-09-20T21:09:00-03:00
64da9850-391c-4d38-af39-3a1d8db33a14,2026-09-20T21:24:48-03:00
9e7efe95-51f6-487e-bb82-7e9777e80193,2026-09-20T21:27:50-03:00
8a72821d-5a22-4a23-b8d2-63be9caaf56a,2026-09-20T21:30:02-03:00
cd753b9e-183b-4f2d-9bfd-3504dea21c52,2026-09-20T21:30:08-03:00
945d32af-2611-4fb8-b931-e83ec0454ad9,2026-09-20T21:35:45-03:00
27976644-f012-41cf-8a58-e19007647ec3,2026-09-20T21:41:57-03:00
b7c2c8d3-2026-49c9-9955-1946d4749338,2026-09-20T21:50:00-03:00
2679a553-1548-4b4f-afc8-8c3217fc1954,2026-09-20T21:50:31-03:00
6f5d94b5-a9c3-403f-8d38-6bd62e7ec428,2026-09-20T21:51:28-03:00
a2ba3863-a98c-4cad-a126-e80e8c7cde7a,2026-09-20T22:02:08-03:00
e4994f3b-f44a-4bfc-a4ee-ef8fc12f9cbe,2026-09-20T22:13:16-03:00
b6219ffa-dd01-4ea8-a806-ca8868dbb7aa,2026-09-20T22:15:27-03:00
68b5711a-cdd4-42df-b956-2992d25a04ef,2026-09-20T22:18:15-03:00
c58f53fe-c900-41d1-848b-d586fb2d953b,2026-09-20T22:23:32-03:00
0dd2d5f8-70cd-4c48-b252-613cbc7bab15,2026-09-20T22:46:57-03:00
133e6f3e-a4eb-4f09-b051-1afb687dad4f,2026-09-20T22:58:44-03:00
63a65720-bb80-475d-b2da-94c4c313c0b5,2026-09-20T22:58:54-03:00
fcff47c9-85c9-4b47-ac8c-990c030f8498,2026-09-20T23:19:44-03:00
9483f44e-8fa7-4c8a-a52c-8ee9ea41b115,2026-09-20T23:21:49-03:00
e803e5c6-858d-45f5-b09b-7935ad19ee74,2026-09-21T06:43:06-03:00
be314718-d6d3-410e-a74a-6aa76618456e,2026-09-21T07:15:41-03:00
d254e996-2363-4025-9c3e-7cc48327196e,2026-09-21T07:17:18-03:00
2394a17e-9092-4d66-a7cf-df4ebe59ba2b,2026-09-21T07:21:47-03:00
3b70fae7-97ae-4e52-8a5a-c06921faaec1,2026-09-21T07:21:50-03:00
824a7c61-0bbb-46e3-87bf-4b48cc63793e,2026-09-21T07:26:11-03:00
f4da9499-c9aa-427d-ab30-ee6aae5f87b8,2026-09-21T07:26:25-03:00
2679a553-1548-4b4f-afc8-8c3217fc1954,2026-09-21T07:27:16-03:00
b584720a-c001-408e-9f81-ad6d9cfc73ff,2026-09-21T07:36:35-03:00
129337b7-3d85-477c-b37f-5c680be7a119,2026-09-21T07:42:47-03:00
a5200934-c28b-4403-a587-99c447caf120,2026-09-21T07:43:58-03:00
3bd59652-4c13-4673-bf18-180626a28b54,2026-09-21T08:06:21-03:00
b014d280-95ad-4a9a-ab44-c1a736a204df,2026-09-21T08:13:52-03:00
4189aa02-67ec-4071-a9eb-0ee3ed2841af,2026-09-21T08:31:41-03:00
b0e7b496-70aa-4fe2-895a-80da553af44c,2026-09-21T08:32:23-03:00
f572c334-5672-41a1-842d-c470f4925d18,2026-09-21T08:51:00-03:00
bb07a7d3-beaa-4c7a-ba58-1d0aea094568,2026-09-21T08:52:15-03:00
1db74be8-4e28-47d9-90df-e92b7cba2322,2026-09-21T08:54:19-03:00
dfee5d1f-d60a-4c28-a75d-0cd2b3e54da1,2026-09-21T08:59:00-03:00
4efa166e-94e8-484e-9ee8-66403a183164,2026-09-21T09:12:52-03:00
2c547b7c-7de5-429d-9f58-156dd1928fca,2026-09-21T09:12:59-03:00
472fb8aa-f47d-4cff-a822-4e67980f64cc,2026-09-21T09:22:43-03:00
e169f77f-4018-4d94-8684-72cf414ea2a4,2026-09-21T09:32:42-03:00
b8a18f30-62c6-4681-8a22-6220f351119a,2026-09-21T09:38:58-03:00
253d8c41-2cbd-44eb-a9e4-e973c0cd5e4a,2026-09-21T09:49:55-03:00
b014d280-95ad-4a9a-ab44-c1a736a204df,2026-09-21T10:00:11-03:00
123f2d21-7fb8-4195-8256-ac26714a80d4,2026-09-21T10:20:53-03:00
468123e3-2f79-46a1-8cf6-640ccd9ce86f,2026-09-21T10:29:36-03:00
a34a6f47-3f1b-4fc7-8a9d-26ccb31c813f,2026-09-21T10:45:55-03:00
81f3f4f0-9ed1-4a15-bb1f-1a95178fc98d,2026-09-21T10:51:48-03:00
e432e9d2-79f8-4c88-8001-bae52bb82d34,2026-09-21T10:54:46-03:00
cd25610d-4679-45a0-895b-933d66b183d1,2026-09-21T11:07:39-03:00
fc160c5b-5da4-4901-9d7c-9fd85712be19,2026-09-21T11:17:00-03:00
ca96ab5b-5ded-4153-af3a-2df6aa1921e7,2026-09-21T11:27:01-03:00
1d418502-22a7-4b6e-9978-0fefc147e915,2026-09-21T11:27:24-03:00
461064e2-68de-40b7-b251-70697277f917,2026-09-21T11:28:47-03:00
4ec0ffb3-a441-4db4-bc08-a66c1ee36107,2026-09-21T11:29:42-03:00
8a5030b1-dfd5-4517-a18f-8eab159b39a0,2026-09-21T11:45:42-03:00
68b5711a-cdd4-42df-b956-2992d25a04ef,2026-09-21T12:05:44-03:00
d4b54faa-6b11-4f11-8cb4-79a77902759a,2026-09-21T12:08:02-03:00
ed17ce1a-7b1e-41ef-9f17-0170cc804fca,2026-09-21T12:09:41-03:00
b930c4bd-20e0-4b39-966b-64443421e308,2026-09-21T12:12:15-03:00
fcf632f0-dab7-45ac-9220-74d216a8390d,2026-09-21T12:15:56-03:00
0571a628-58b5-4e94-a85c-76b4d1be06f2,2026-09-21T12:25:13-03:00
461064e2-68de-40b7-b251-70697277f917,2026-09-21T12:25:33-03:00
8b357f63-c24d-4122-a745-b3a624e7d951,2026-09-21T12:27:24-03:00
3fdfd46c-12dc-40ea-8db0-b2ed598fc217,2026-09-21T12:39:43-03:00
b61e4aa6-ca79-4db0-bad5-d6fb1aa9ef99,2026-09-21T12:47:16-03:00
bfae6158-8749-4142-b18b-8e1db3e10de9,2026-09-21T12:53:56-03:00
262f6a10-bfe6-49db-939f-bc0efe55a2c6,2026-09-21T13:21:16-03:00
d254e996-2363-4025-9c3e-7cc48327196e,2026-09-21T13:31:36-03:00
3a6d3f6e-4428-4989-9a3f-a748fda41b68,2026-09-21T13:36:24-03:00
978613d4-a91d-4e22-a513-e9e9f8ed215d,2026-09-21T13:36:35-03:00
3bd59652-4c13-4673-bf18-180626a28b54,2026-09-21T14:06:43-03:00
b7c2c8d3-2026-49c9-9955-1946d4749338,2026-09-21T14:13:21-03:00
c4144ca9-cf42-4275-a93b-68d7789406e8,2026-09-21T14:24:50-03:00
8b3cf516-5450-4d24-a68a-bfcc36f33067,2026-09-21T14:41:08-03:00
55010fbd-a4a3-4dd6-83b4-9e43de35bf83,2026-09-21T14:51:16-03:00
3ac808ca-a57b-47d1-9826-72a6e9d84810,2026-09-21T14:52:23-03:00
fb30db7b-63d2-419f-9710-1efd105a6b96,2026-09-21T14:53:04-03:00
2198e7b7-1971-466d-8051-1f36e7a71b9a,2026-09-21T15:06:53-03:00
fd04633f-6587-4b3a-b5ba-6bd78bc0b085,2026-09-21T15:13:44-03:00
5593b55a-c917-4fe2-8b0d-4ad5d7371656,2026-09-21T15:20:21-03:00
2494ba8f-73c5-48a3-823b-986b77c853e8,2026-09-21T15:38:50-03:00
94def69b-2b19-47f8-9cc1-dcd995febd4f,2026-09-21T15:43:59-03:00
070127a1-c98c-4140-b09a-f87482f52384,2026-09-21T16:04:50-03:00
d48a9613-c60d-421c-8e5d-5816c9f283bd,2026-09-21T16:19:42-03:00
e36ec4f0-03ff-4628-a217-8752c64604c8,2026-09-21T16:41:12-03:00
53b128e5-4019-4949-bd7b-e94a23e14fe3,2026-09-21T16:41:38-03:00
271b8140-24fa-4926-81a7-01f041000520,2026-09-21T16:42:08-03:00
faa931c0-7bf9-415f-8126-4c9c1703486d,2026-09-21T16:42:30-03:00
400ffd1f-2a42-46c1-a7c9-623c3ca07a97,2026-09-21T16:46:56-03:00
b9a7b147-c815-4b76-a46a-a5f0d965ef5f,2026-09-21T16:56:21-03:00
eb6ff17e-b5b1-44e8-8c52-ed33a37c9566,2026-09-21T17:09:14-03:00
f16dc111-041c-4d2b-89f5-59312798b9a8,2026-09-21T17:27:30-03:00
e8461fd8-c033-47a2-a2b9-63ec8d6e4271,2026-09-21T17:34:40-03:00
29ccf957-fead-4bef-972b-f83c26c51aa7,2026-09-21T17:38:49-03:00
175cfd69-c02f-4d98-b426-9d7fa134f4a8,2026-09-21T17:51:02-03:00
2679a553-1548-4b4f-afc8-8c3217fc1954,2026-09-21T17:56:20-03:00
2c547b7c-7de5-429d-9f58-156dd1928fca,2026-09-21T18:00:22-03:00
53b128e5-4019-4949-bd7b-e94a23e14fe3,2026-09-21T18:04:12-03:00
b6a33dd7-5a14-4a50-b2f2-1ed5ff13aa3d,2026-09-21T18:05:29-03:00
3f1f3e79-3f55-4556-8c87-4a881a908b1d,2026-09-21T18:24:22-03:00
68b5711a-cdd4-42df-b956-2992d25a04ef,2026-09-21T18:26:13-03:00
050b3afe-ff51-47fa-83bd-6e6c004d8b32,2026-09-21T18:44:45-03:00
66ef1093-5907-4924-ab21-56e5b7e22cb1,2026-09-21T18:45:24-03:00
054c4279-41b7-426d-b378-901962e80587,2026-09-21T18:54:37-03:00
cddb0c66-a759-4cf8-bec0-0d405bf1ab4b,2026-09-21T19:29:14-03:00
300c0bb2-1f6c-4308-9e85-249d8a11a277,2026-09-21T19:29:38-03:00
13545da6-1c3e-4046-bbde-415993987c8f,2026-09-21T19:32:15-03:00
9483f44e-8fa7-4c8a-a52c-8ee9ea41b115,2026-09-21T19:39:27-03:00
4efa166e-94e8-484e-9ee8-66403a183164,2026-09-21T19:43:52-03:00
fd04633f-6587-4b3a-b5ba-6bd78bc0b085,2026-09-21T19:44:15-03:00
98563d50-f008-467b-94a8-c9ff338f0695,2026-09-21T19:50:59-03:00
7c1c6639-9fef-4015-8d6d-0e7dbe78e987,2026-09-21T19:54:20-03:00
98563d50-f008-467b-94a8-c9ff338f0695,2026-09-21T20:05:25-03:00
674bbcbe-427e-4d47-998b-dfbfaae16381,2026-09-21T20:06:06-03:00
a2ba3863-a98c-4cad-a126-e80e8c7cde7a,2026-09-21T20:09:59-03:00
4f012abf-f086-4826-951c-7edb3b0a1502,2026-09-21T20:16:46-03:00
15045214-2247-4403-b0bf-4f1a9c293447,2026-09-21T20:18:21-03:00
e8461fd8-c033-47a2-a2b9-63ec8d6e4271,2026-09-21T20:20:50-03:00
accafbaa-5620-4769-b485-5e58e6a5411c,2026-09-21T20:28:46-03:00
3f819d2b-b335-48f1-97ed-f46e8338de3d,2026-09-21T20:31:37-03:00
a81a5af9-195e-4e1a-a42d-4df574b9d5c9,2026-09-21T20:32:09-03:00
17f56689-36c5-4349-8c1f-604553aa5a36,2026-09-21T20:45:22-03:00
674bbcbe-427e-4d47-998b-dfbfaae16381,2026-09-21T20:47:54-03:00
d190f6d4-137f-4787-a68f-37428a06c1d8,2026-09-21T20:52:12-03:00
cc46b3bf-3bf2-4701-bde9-7b2fcf1eea95,2026-09-21T20:52:41-03:00
9b777407-b410-4ba3-8325-31caa437157d,2026-09-21T21:03:32-03:00
86c56b5e-359a-4221-b7d0-3162eeae05bc,2026-09-21T21:05:11-03:00
ba6c08b6-b16a-41e1-a462-9d5c621b71a7,2026-09-21T21:10:46-03:00
faa931c0-7bf9-415f-8126-4c9c1703486d,2026-09-21T21:14:41-03:00
a2ba3863-a98c-4cad-a126-e80e8c7cde7a,2026-09-21T21:16:35-03:00
81f3f4f0-9ed1-4a15-bb1f-1a95178fc98d,2026-09-21T21:17:06-03:00
d786bdde-e18b-46fc-9e05-201ebef1f85c,2026-09-21T21:41:22-03:00
e432e9d2-79f8-4c88-8001-bae52bb82d34,2026-09-21T21:44:05-03:00
b7c2c8d3-2026-49c9-9955-1946d4749338,2026-09-21T21:46:58-03:00
2394a17e-9092-4d66-a7cf-df4ebe59ba2b,2026-09-21T21:52:43-03:00
001481aa-8661-4c80-a221-7d0c40fd0dea,2026-09-21T22:05:27-03:00
001481aa-8661-4c80-a221-7d0c40fd0dea,2026-09-21T22:24:23-03:00
b930c4bd-20e0-4b39-966b-64443421e308,2026-09-21T22:28:08-03:00
3ff03678-ef66-40b7-817f-75ddf5870243,2026-09-21T22:39:19-03:00
f572c334-5672-41a1-842d-c470f4925d18,2026-09-21T22:50:43-03:00
ba6c08b6-b16a-41e1-a462-9d5c621b71a7,2026-09-21T22:51:07-03:00
488bfe58-d992-478c-981c-9f5b02344873,2026-09-21T23:02:13-03:00
e4212795-fd8c-4c13-b34f-27d79de3d91e,2026-09-21T23:46:53-03:00
758bfed6-18db-4238-8c97-ae19f442c70e,2026-09-22T06:23:02-03:00
18490f79-4ffb-4e33-876e-8117d0622fc5,2026-09-22T06:54:41-03:00
0e7c8426-1733-453f-9577-2e986ab7cc5c,2026-09-22T06:59:36-03:00
f16dc111-041c-4d2b-89f5-59312798b9a8,2026-09-22T07:02:28-03:00
4a78ff1b-a832-4d8c-ad9d-f3a7fc3b78c9,2026-09-22T07:06:38-03:00
df13cbb0-d954-4cf6-8987-7b0389cf03ae,2026-09-22T07:10:57-03:00
bb5e0dbc-e2c0-40e8-82a5-da507ddf52a5,2026-09-22T07:16:40-03:00
9adea804-befe-4cc5-988a-db24ef4356c4,2026-09-22T07:34:01-03:00
fba150f6-f8ed-49c5-9257-47f3f543799a,2026-09-22T07:34:12-03:00
1b9fe081-7fc4-4cfe-a13e-a6d86ea76128,2026-09-22T07:38:40-03:00
8f0c1aec-68d4-48d2-8677-522dab1addeb,2026-09-22T07:41:56-03:00
d781854d-bd42-40ef-878f-1fe6d78acf10,2026-09-22T07:48:44-03:00
1123a13c-393f-4d29-acd4-e86555870c25,2026-09-22T07:49:18-03:00
58e9b50a-0816-4b05-a715-b8f069b2ed05,2026-09-22T07:58:09-03:00
b584720a-c001-408e-9f81-ad6d9cfc73ff,2026-09-22T08:04:14-03:00
62b64148-c6cf-4c07-b3e3-ab3e6bdfd457,2026-09-22T08:07:16-03:00
824a7c61-0bbb-46e3-87bf-4b48cc63793e,2026-09-22T08:11:58-03:00
b8a18f30-62c6-4681-8a22-6220f351119a,2026-09-22T08:20:08-03:00
fc51d2b5-a5f3-4e9d-b30e-bc5420ab3879,2026-09-22T08:23:37-03:00
9c4372c0-b901-4fe2-8d89-083d69e390af,2026-09-22T08:29:14-03:00
3ff03678-ef66-40b7-817f-75ddf5870243,2026-09-22T08:33:10-03:00
987a1c42-fa45-4b9a-8188-4b006df76679,2026-09-22T08:34:00-03:00
2198e7b7-1971-466d-8051-1f36e7a71b9a,2026-09-22T08:55:23-03:00
a6348d1a-9cf7-400c-ade5-a6acd24f916b,2026-09-22T08:56:10-03:00
f8dfda31-8afd-4e58-9469-b48ecf729077,2026-09-22T08:56:32-03:00
2256b9c7-d1db-4536-ad72-054afd567cb2,2026-09-22T09:00:02-03:00
8d9404ad-8b0f-43f6-a11f-8e1daf97a1d1,2026-09-22T09:08:26-03:00
f3ac1b9c-dc38-45a9-ba14-a9442e0ee2ab,2026-09-22T09:23:45-03:00
a2e870b4-9f0b-47e8-9b94-3b99e8a94845,2026-09-22T09:26:51-03:00
a6348d1a-9cf7-400c-ade5-a6acd24f916b,2026-09-22T09:27:20-03:00
64c553e9-120c-4401-8a5f-29609abfbe42,2026-09-22T09:28:39-03:00
26d1fbd7-76dc-4672-9547-ab1a24edc02d,2026-09-22T09:41:19-03:00
bb5e0dbc-e2c0-40e8-82a5-da507ddf52a5,2026-09-22T09:49:48-03:00
341ada20-eb43-4767-aa77-60de86281677,2026-09-22T09:57:26-03:00
fd04633f-6587-4b3a-b5ba-6bd78bc0b085,2026-09-22T10:13:07-03:00
65c43e3a-7de7-467f-80eb-f6da3ecaa17c,2026-09-22T10:15:47-03:00
ea7cbf9a-686a-4ece-b803-4146e4b4f338,2026-09-22T10:21:26-03:00
17be997b-ea98-4cd4-9c5e-452c7cf50b24,2026-09-22T10:26:47-03:00
8ea2d02d-3431-40f8-a08b-24373c80014d,2026-09-22T10:29:04-03:00
3f819d2b-b335-48f1-97ed-f46e8338de3d,2026-09-22T10:39:11-03:00
a748f7b5-60ec-4188-a569-69302f170a2b,2026-09-22T10:45:17-03:00
1ed3c652-89e1-4104-b9ae-38d3321b0170,2026-09-22T11:04:13-03:00
50a1d1d2-3ec6-43a1-869a-da87e1df85d9,2026-09-22T11:08:02-03:00
d19af899-bb0c-4ced-9909-1643d0cd7f7c,2026-09-22T11:42:31-03:00
1123a13c-393f-4d29-acd4-e86555870c25,2026-09-22T11:54:34-03:00
366eaccb-6abd-42f7-bce5-d0238495366a,2026-09-22T11:55:06-03:00
e169f77f-4018-4d94-8684-72cf414ea2a4,2026-09-22T12:23:58-03:00
d19af899-bb0c-4ced-9909-1643d0cd7f7c,2026-09-22T12:31:04-03:00
88373c7c-1d43-4882-bfc9-dde5b45f3d27,2026-09-22T12:35:24-03:00
04a7823c-75fa-4198-bd66-879a5d2019de,2026-09-22T12:48:14-03:00
83734873-b407-416d-9043-cf1f03203e48,2026-09-22T12:48:47-03:00
86c56b5e-359a-4221-b7d0-3162eeae05bc,2026-09-22T12:58:36-03:00
47cf2dc7-e7f7-4797-89f0-789c17cc0a00,2026-09-22T13:01:26-03:00
a2e870b4-9f0b-47e8-9b94-3b99e8a94845,2026-09-22T13:16:18-03:00
0dd2d5f8-70cd-4c48-b252-613cbc7bab15,2026-09-22T13:18:27-03:00
ef710db7-b23f-4f82-bc23-439496d7fbdf,2026-09-22T13:32:02-03:00
c7580664-77c5-4166-8723-b6de4ef703ac,2026-09-22T13:45:42-03:00
e0131205-9109-4780-afc3-f0aec0b43432,2026-09-22T13:45:44-03:00
25b0935a-b37b-4003-9fc9-8e197f351e42,2026-09-22T13:49:17-03:00
3743a7f0-afdd-4331-ba16-86ca4be7fdce,2026-09-22T13:51:02-03:00
c58f53fe-c900-41d1-848b-d586fb2d953b,2026-09-22T14:14:48-03:00
d254e996-2363-4025-9c3e-7cc48327196e,2026-09-22T14:18:28-03:00
776b9bf6-d3ae-47bd-930b-c08ed0adb214,2026-09-22T14:22:56-03:00
3ff03678-ef66-40b7-817f-75ddf5870243,2026-09-22T15:12:48-03:00
5d636e3a-1e10-4161-ad9f-250d1e15ad07,2026-09-22T15:15:57-03:00
81f3f4f0-9ed1-4a15-bb1f-1a95178fc98d,2026-09-22T15:17:03-03:00
27976644-f012-41cf-8a58-e19007647ec3,2026-09-22T15:18:11-03:00
a086891f-d6ab-4709-a303-75ef4c56512f,2026-09-22T15:37:32-03:00
77907b7d-2c49-4096-861a-40d8b858e199,2026-09-22T15:49:33-03:00
64c553e9-120c-4401-8a5f-29609abfbe42,2026-09-22T16:05:26-03:00
f1f01bc0-6933-48fc-ac60-0091d2d69649,2026-09-22T16:12:36-03:00
987a1c42-fa45-4b9a-8188-4b006df76679,2026-09-22T16:16:37-03:00
300c0bb2-1f6c-4308-9e85-249d8a11a277,2026-09-22T16:17:28-03:00
d786bdde-e18b-46fc-9e05-201ebef1f85c,2026-09-22T17:26:38-03:00
cea1dcae-2604-4ce7-9ff2-12f15a88dc15,2026-09-22T17:29:52-03:00
95d9fd79-c27b-4406-87b6-ff3292e75385,2026-09-22T17:50:18-03:00
a6a1e65d-8b81-4ad0-b57d-b5dc550a4d1a,2026-09-22T17:58:11-03:00
b51c10a8-7f7c-4e7b-ade2-20756dcc0ce7,2026-09-22T18:03:30-03:00
bc49028d-2f3f-4f93-a6a7-80a0c556f5e1,2026-09-22T18:04:53-03:00
47881c91-83a5-4062-adff-f9c9fd8273d7,2026-09-22T18:22:29-03:00
3f819d2b-b335-48f1-97ed-f46e8338de3d,2026-09-22T18:23:40-03:00
dc261513-fa73-40cd-bef0-3aaa2663c23d,2026-09-22T18:25:08-03:00
2c8a5011-91eb-477f-a4c9-bb9e5a91e4be,2026-09-22T18:31:58-03:00
824a7c61-0bbb-46e3-87bf-4b48cc63793e,2026-09-22T18:34:40-03:00
86c56b5e-359a-4221-b7d0-3162eeae05bc,2026-09-22T18:41:15-03:00
f3689675-9c1e-40ec-857c-0898d5b47de8,2026-09-22T18:48:37-03:00
89934fab-906f-4bf0-ba46-c9292c0f7870,2026-09-22T19:00:35-03:00
c7580664-77c5-4166-8723-b6de4ef703ac,2026-09-22T19:08:52-03:00
a086891f-d6ab-4709-a303-75ef4c56512f,2026-09-22T19:16:11-03:00
25b0935a-b37b-4003-9fc9-8e197f351e42,2026-09-22T19:20:08-03:00
f4f7636b-baf3-4924-8927-21d16976e9a2,2026-09-22T19:24:02-03:00
9adea804-befe-4cc5-988a-db24ef4356c4,2026-09-22T19:27:52-03:00
8c47628b-91b5-4dda-9c6b-94293e3a0227,2026-09-22T19:31:20-03:00
3ac808ca-a57b-47d1-9826-72a6e9d84810,2026-09-22T19:32:43-03:00
a2ba3863-a98c-4cad-a126-e80e8c7cde7a,2026-09-22T19:37:10-03:00
a2ea1fc7-6f8c-4640-85c0-ac9720b088c9,2026-09-22T19:39:12-03:00
7317e468-b692-4094-b006-b51e76843a35,2026-09-22T19:44:20-03:00
530b1a00-3091-47a6-b2f4-697153a29902,2026-09-22T19:44:59-03:00
488bfe58-d992-478c-981c-9f5b02344873,2026-09-22T19:45:03-03:00
879d24a3-e7ff-403f-b26c-228c09d1004c,2026-09-22T19:46:55-03:00
fd04633f-6587-4b3a-b5ba-6bd78bc0b085,2026-09-22T19:53:45-03:00
4d6b7e01-be75-435f-9e33-807cb0803562,2026-09-22T19:55:41-03:00
bc49028d-2f3f-4f93-a6a7-80a0c556f5e1,2026-09-22T19:56:35-03:00
df13cbb0-d954-4cf6-8987-7b0389cf03ae,2026-09-22T20:03:53-03:00
3f5a3ed9-7c02-4e0b-ae61-0c1789918e4d,2026-09-22T20:10:46-03:00
a34a6f47-3f1b-4fc7-8a9d-26ccb31c813f,2026-09-22T20:11:48-03:00
7317e468-b692-4094-b006-b51e76843a35,2026-09-22T20:21:37-03:00
001481aa-8661-4c80-a221-7d0c40fd0dea,2026-09-22T20:43:56-03:00
a748f7b5-60ec-4188-a569-69302f170a2b,2026-09-22T20:45:43-03:00
1365d524-57f4-4272-a127-c022401b4325,2026-09-22T20:49:17-03:00
11fd8831-3e87-4ba6-a6ac-5edfe0ac2da1,2026-09-22T20:54:52-03:00
8f0c1aec-68d4-48d2-8677-522dab1addeb,2026-09-22T21:20:59-03:00
fb08f3b4-43f4-4590-946a-30fbd8094881,2026-09-22T21:21:58-03:00
63a65720-bb80-475d-b2da-94c4c313c0b5,2026-09-22T21:28:41-03:00
19d6827a-6c3b-4e57-8236-bb763b328799,2026-09-22T21:28:55-03:00
d254e996-2363-4025-9c3e-7cc48327196e,2026-09-22T21:31:10-03:00
4790c878-eea4-4632-ab3c-25441b95d8b5,2026-09-22T21:33:21-03:00
546ea297-df74-4181-a16e-8a600feea3a7,2026-09-22T21:58:00-03:00
546ea297-df74-4181-a16e-8a600feea3a7,2026-09-22T21:59:26-03:00
12662e6b-2068-415f-966e-e3ada53c8185,2026-09-22T22:27:59-03:00
b9ac272c-142f-4eaa-b923-c53f04496401,2026-09-22T22:39:40-03:00
129337b7-3d85-477c-b37f-5c680be7a119,2026-09-22T22:48:19-03:00
dc261513-fa73-40cd-bef0-3aaa2663c23d,2026-09-22T23:07:05-03:00
9d100814-9d3a-42b6-917f-174fff97d163,2026-09-22T23:32:27-03:00
be314718-d6d3-410e-a74a-6aa76618456e,2026-09-22T23:50:46-03:00
47cf2dc7-e7f7-4797-89f0-789c17cc0a00,2026-09-23T06:09:52-03:00
0a1bf5c0-04bf-4fb4-8261-ecdbc80298a8,2026-09-23T06:18:29-03:00
55010fbd-a4a3-4dd6-83b4-9e43de35bf83,2026-09-23T06:33:16-03:00
a086891f-d6ab-4709-a303-75ef4c56512f,2026-09-23T06:39:34-03:00
fcf632f0-dab7-45ac-9220-74d216a8390d,2026-09-23T07:01:28-03:00
a748f7b5-60ec-4188-a569-69302f170a2b,2026-09-23T07:18:24-03:00
b60bbd7d-8c43-4dee-bef9-136f66093c73,2026-09-23T07:21:51-03:00
9b777407-b410-4ba3-8325-31caa437157d,2026-09-23T07:23:48-03:00
6f5d94b5-a9c3-403f-8d38-6bd62e7ec428,2026-09-23T07:50:46-03:00
64c553e9-120c-4401-8a5f-29609abfbe42,2026-09-23T07:51:57-03:00
6c43397b-8607-4da5-ae6c-c742e66c7dac,2026-09-23T07:58:41-03:00
bb07a7d3-beaa-4c7a-ba58-1d0aea094568,2026-09-23T08:02:48-03:00
17be997b-ea98-4cd4-9c5e-452c7cf50b24,2026-09-23T08:09:15-03:00
89bc8120-2e60-401c-b3cf-d9c3bf263bb3,2026-09-23T08:09:45-03:00
507bb5cb-6426-477c-accd-78625b80cd14,2026-09-23T08:27:38-03:00
8e4e5496-10b9-40a0-935a-54aaf7300eb5,2026-09-23T08:28:23-03:00
feef3fb2-b26c-4f5e-8ac4-517bb7bd0b1a,2026-09-23T08:47:03-03:00
9718b411-0759-4cc4-a90f-4de4e78c4690,2026-09-23T08:48:39-03:00
8456daf7-dd51-4b97-86e3-e427d5f57842,2026-09-23T08:49:29-03:00
3e30fcf8-eaf4-4e08-85fd-7dc517d6c26b,2026-09-23T08:53:29-03:00
f7b74bb2-3821-4209-9eac-cacf1d407f69,2026-09-23T08:56:42-03:00
4a78ff1b-a832-4d8c-ad9d-f3a7fc3b78c9,2026-09-23T08:57:27-03:00
693486f5-1cb4-46ab-bd7c-85ca30bd1527,2026-09-23T08:57:46-03:00
3743a7f0-afdd-4331-ba16-86ca4be7fdce,2026-09-23T08:58:05-03:00
88373c7c-1d43-4882-bfc9-dde5b45f3d27,2026-09-23T09:18:21-03:00
7674d177-a274-40f7-9f90-b5a93a99caac,2026-09-23T09:21:01-03:00
bb5e0dbc-e2c0-40e8-82a5-da507ddf52a5,2026-09-23T09:42:24-03:00
283b5e81-333c-4d4e-94d3-cfe3b37a3eed,2026-09-23T09:45:46-03:00
507bb5cb-6426-477c-accd-78625b80cd14,2026-09-23T09:50:16-03:00
954a9718-c280-479c-bbb0-784a272b1d0f,2026-09-23T09:57:04-03:00
0963027b-315c-450e-8c3a-74550ffa10ef,2026-09-23T10:05:24-03:00
8d9404ad-8b0f-43f6-a11f-8e1daf97a1d1,2026-09-23T10:26:26-03:00
277cc565-3546-4009-accd-9cabfc7aea6a,2026-09-23T10:28:35-03:00
9803f12e-248e-4386-96ec-48e0a7e0c0b4,2026-09-23T10:30:53-03:00
72872c81-60ab-48bb-a1b6-98668f73ef13,2026-09-23T10:51:38-03:00
27223943-84b0-42de-bc98-f22b31f5f3d0,2026-09-23T10:52:34-03:00
cfa2e55d-ba5f-4ceb-bf28-6140e01095a4,2026-09-23T10:54:00-03:00
ef710db7-b23f-4f82-bc23-439496d7fbdf,2026-09-23T11:28:12-03:00
824a7c61-0bbb-46e3-87bf-4b48cc63793e,2026-09-23T11:45:34-03:00
6f4ade15-5e94-4f9e-9a8a-0720d4bce02a,2026-09-23T11:51:09-03:00
9d100814-9d3a-42b6-917f-174fff97d163,2026-09-23T12:06:31-03:00
c7934d98-a0ee-4b6c-a1cd-d9b5c509c0c9,2026-09-23T12:10:52-03:00
697361f5-d6d0-4cf8-9f4b-caab60b56b0e,2026-09-23T12:14:51-03:00
2e5befb3-57ff-4a4d-8019-5856f458e73e,2026-09-23T12:17:03-03:00
85a4ba4f-c929-4499-9241-55b327e471d6,2026-09-23T12:28:35-03:00
e803e5c6-858d-45f5-b09b-7935ad19ee74,2026-09-23T12:33:19-03:00
283b5e81-333c-4d4e-94d3-cfe3b37a3eed,2026-09-23T12:35:24-03:00
c7934d98-a0ee-4b6c-a1cd-d9b5c509c0c9,2026-09-23T12:44:00-03:00
68b5711a-cdd4-42df-b956-2992d25a04ef,2026-09-23T13:21:32-03:00
0fc7e4a3-b941-4c46-88f0-13dfe6e0bd02,2026-09-23T13:21:48-03:00
89934fab-906f-4bf0-ba46-c9292c0f7870,2026-09-23T13:27:45-03:00
b584720a-c001-408e-9f81-ad6d9cfc73ff,2026-09-23T13:49:20-03:00
9803f12e-248e-4386-96ec-48e0a7e0c0b4,2026-09-23T13:55:55-03:00
a2ba3863-a98c-4cad-a126-e80e8c7cde7a,2026-09-23T14:07:30-03:00
3c397afe-fb99-4bda-a65a-d357db7714b4,2026-09-23T14:26:16-03:00
1077323b-26ce-4732-a6f1-89225ece87fd,2026-09-23T14:31:20-03:00
d254e996-2363-4025-9c3e-7cc48327196e,2026-09-23T14:45:41-03:00
3ac808ca-a57b-47d1-9826-72a6e9d84810,2026-09-23T14:45:44-03:00
3f5a3ed9-7c02-4e0b-ae61-0c1789918e4d,2026-09-23T14:47:00-03:00
afd25cdc-8200-4c75-a7b3-d828005d8b2f,2026-09-23T15:15:19-03:00
04a7823c-75fa-4198-bd66-879a5d2019de,2026-09-23T15:20:47-03:00
f7b74bb2-3821-4209-9eac-cacf1d407f69,2026-09-23T15:29:10-03:00
123f2d21-7fb8-4195-8256-ac26714a80d4,2026-09-23T15:39:39-03:00
63a65720-bb80-475d-b2da-94c4c313c0b5,2026-09-23T16:04:10-03:00
85a4ba4f-c929-4499-9241-55b327e471d6,2026-09-23T16:11:43-03:00
bb5e0dbc-e2c0-40e8-82a5-da507ddf52a5,2026-09-23T16:23:59-03:00
9718b411-0759-4cc4-a90f-4de4e78c4690,2026-09-23T16:32:14-03:00
e4b61e98-a580-43e7-bd42-77e61e7dee6c,2026-09-23T16:35:34-03:00
d19af899-bb0c-4ced-9909-1643d0cd7f7c,2026-09-23T16:36:28-03:00
4efa166e-94e8-484e-9ee8-66403a183164,2026-09-23T17:02:18-03:00
4e6d95b1-b84c-47ea-8882-55bbdfbb7a52,2026-09-23T17:07:48-03:00
61af23c4-34f0-4c33-beb8-fb097aaf4c96,2026-09-23T17:08:25-03:00
d67f10a7-d5dc-4200-b405-8c369928f310,2026-09-23T17:11:17-03:00
912d7559-e2c5-4f11-b828-c68dddf16b16,2026-09-23T17:14:57-03:00
62b64148-c6cf-4c07-b3e3-ab3e6bdfd457,2026-09-23T17:27:24-03:00
0963027b-315c-450e-8c3a-74550ffa10ef,2026-09-23T17:34:02-03:00
9d71a8eb-0c4b-4edc-bf8a-6a0bbc1da7ab,2026-09-23T17:34:14-03:00
e4994f3b-f44a-4bfc-a4ee-ef8fc12f9cbe,2026-09-23T17:40:55-03:00
1365d524-57f4-4272-a127-c022401b4325,2026-09-23T17:59:14-03:00
0a1bf5c0-04bf-4fb4-8261-ecdbc80298a8,2026-09-23T18:03:33-03:00
070127a1-c98c-4140-b09a-f87482f52384,2026-09-23T18:03:52-03:00
a34a6f47-3f1b-4fc7-8a9d-26ccb31c813f,2026-09-23T18:05:41-03:00
054c4279-41b7-426d-b378-901962e80587,2026-09-23T18:08:02-03:00
5785a9d6-6ebe-4fde-b637-7575849d5fb5,2026-09-23T18:11:33-03:00
693486f5-1cb4-46ab-bd7c-85ca30bd1527,2026-09-23T18:13:10-03:00
86c56b5e-359a-4221-b7d0-3162eeae05bc,2026-09-23T18:22:00-03:00
c58f53fe-c900-41d1-848b-d586fb2d953b,2026-09-23T18:31:17-03:00
68b5711a-cdd4-42df-b956-2992d25a04ef,2026-09-23T18:40:42-03:00
db1e8eaa-fa43-452e-a96a-fbb23f8a54d6,2026-09-23T18:44:02-03:00
17be997b-ea98-4cd4-9c5e-452c7cf50b24,2026-09-23T18:50:19-03:00
763b165d-9848-4545-b83e-cb48d3de1d7e,2026-09-23T19:02:42-03:00
bc6115c8-f4b7-40c9-bc9a-f69f90036ab0,2026-09-23T19:13:11-03:00
401a0b87-0156-48ce-8883-75abe3c366dc,2026-09-23T19:18:53-03:00
86b79e85-dad9-4895-87d9-df9eafa9ab32,2026-09-23T19:19:52-03:00
2198e7b7-1971-466d-8051-1f36e7a71b9a,2026-09-23T19:19:55-03:00
300c0bb2-1f6c-4308-9e85-249d8a11a277,2026-09-23T19:30:07-03:00
914ad948-05cc-48b2-af17-72a63ca5ba14,2026-09-23T19:32:27-03:00
335d097b-9693-471f-ba8c-bfdf3c35061f,2026-09-23T19:35:46-03:00
9b777407-b410-4ba3-8325-31caa437157d,2026-09-23T19:40:06-03:00
401a0b87-0156-48ce-8883-75abe3c366dc,2026-09-23T19:42:52-03:00
0571a628-58b5-4e94-a85c-76b4d1be06f2,2026-09-23T19:58:41-03:00
a34a6f47-3f1b-4fc7-8a9d-26ccb31c813f,2026-09-23T20:05:23-03:00
55010fbd-a4a3-4dd6-83b4-9e43de35bf83,2026-09-23T20:07:44-03:00
f1f01bc0-6933-48fc-ac60-0091d2d69649,2026-09-23T20:10:29-03:00
4a78ff1b-a832-4d8c-ad9d-f3a7fc3b78c9,2026-09-23T20:11:54-03:00
642ea164-a302-402c-ae4d-4ec15f2cf519,2026-09-23T20:17:19-03:00
d1ac406d-fe9a-44bf-b21c-9d33258e5559,2026-09-23T20:31:07-03:00
3f5a3ed9-7c02-4e0b-ae61-0c1789918e4d,2026-09-23T20:32:49-03:00
a5200934-c28b-4403-a587-99c447caf120,2026-09-23T20:54:35-03:00
3743a7f0-afdd-4331-ba16-86ca4be7fdce,2026-09-23T20:56:12-03:00
987a1c42-fa45-4b9a-8188-4b006df76679,2026-09-23T20:56:47-03:00
2198e7b7-1971-466d-8051-1f36e7a71b9a,2026-09-23T21:17:10-03:00
20048baf-fc52-4f1e-bc08-a8b2ab8c8fe6,2026-09-23T21:29:58-03:00
96bdb30c-dfda-456a-a2a9-f39c084bcdf4,2026-09-23T22:06:16-03:00
468123e3-2f79-46a1-8cf6-640ccd9ce86f,2026-09-23T22:10:53-03:00
bc49028d-2f3f-4f93-a6a7-80a0c556f5e1,2026-09-23T22:16:34-03:00
1b9fe081-7fc4-4cfe-a13e-a6d86ea76128,2026-09-23T22:26:47-03:00
6f5d94b5-a9c3-403f-8d38-6bd62e7ec428,2026-09-23T22:31:01-03:00
1d418502-22a7-4b6e-9978-0fefc147e915,2026-09-23T22:34:01-03:00
642ea164-a302-402c-ae4d-4ec15f2cf519,2026-09-23T22:37:53-03:00
123f2d21-7fb8-4195-8256-ac26714a80d4,2026-09-23T22:51:18-03:00
8f0c1aec-68d4-48d2-8677-522dab1addeb,2026-09-23T22:54:47-03:00
89bc8120-2e60-401c-b3cf-d9c3bf263bb3,2026-09-23T22:57:06-03:00
eb4d77a1-9e23-4480-a0ab-8ea0b91d8bb6,2026-09-23T23:34:53-03:00
94572e5a-a884-43b4-b0c0-3dd41add70ed,2026-09-23T23:35:05-03:00
c447baa0-ecd4-420a-856a-b6d0c3ceb217,2026-09-24T06:57:24-03:00
8cc5d5e5-4c08-4f20-8110-6e3e9674c27c,2026-09-24T07:09:39-03:00
4efa166e-94e8-484e-9ee8-66403a183164,2026-09-24T07:16:04-03:00
3743a7f0-afdd-4331-ba16-86ca4be7fdce,2026-09-24T07:16:35-03:00
37822117-c83e-46c1-af18-cd79a485ac66,2026-09-24T07:16:50-03:00
fd04633f-6587-4b3a-b5ba-6bd78bc0b085,2026-09-24T07:24:58-03:00
1ed3c652-89e1-4104-b9ae-38d3321b0170,2026-09-24T07:47:21-03:00
c58f53fe-c900-41d1-848b-d586fb2d953b,2026-09-24T07:48:26-03:00
9c4372c0-b901-4fe2-8d89-083d69e390af,2026-09-24T07:51:03-03:00
8e81c4a0-72a2-422a-8340-4766e58b612c,2026-09-24T07:53:04-03:00
49617dc3-a1b9-4fd2-88f6-58a1ce51a2d3,2026-09-24T07:53:51-03:00
6e8d79f1-3124-4837-9efb-8cb717a160e7,2026-09-24T07:58:46-03:00
b584720a-c001-408e-9f81-ad6d9cfc73ff,2026-09-24T08:07:06-03:00
b584720a-c001-408e-9f81-ad6d9cfc73ff,2026-09-24T08:11:39-03:00
8b3cf516-5450-4d24-a68a-bfcc36f33067,2026-09-24T08:12:21-03:00
68b5711a-cdd4-42df-b956-2992d25a04ef,2026-09-24T08:13:31-03:00
04a7823c-75fa-4198-bd66-879a5d2019de,2026-09-24T08:21:57-03:00
4b71bfa6-41ce-4689-880b-c67a177a3c1c,2026-09-24T08:24:56-03:00
4a40f649-c222-4311-88b4-fb48e9b846b3,2026-09-24T08:25:19-03:00
ade8752e-b3cb-40d4-bc50-e976dd96a846,2026-09-24T08:35:56-03:00
b6929d99-2355-4df5-a1d4-ee3057f8f8ba,2026-09-24T08:50:28-03:00
91c4252d-aea4-431a-8f29-902a5f443858,2026-09-24T08:52:58-03:00
ade8752e-b3cb-40d4-bc50-e976dd96a846,2026-09-24T08:53:48-03:00
f8e6eea7-4833-4b8a-8e61-a35731067f42,2026-09-24T08:59:49-03:00
b51c10a8-7f7c-4e7b-ade2-20756dcc0ce7,2026-09-24T09:04:19-03:00
050b3afe-ff51-47fa-83bd-6e6c004d8b32,2026-09-24T09:16:36-03:00
9cd1d176-0d3b-4727-b4db-b5028959cbd6,2026-09-24T09:47:48-03:00
954a9718-c280-479c-bbb0-784a272b1d0f,2026-09-24T10:02:19-03:00
fdc8ce90-5d8e-4633-bb0c-6eb09a8635cc,2026-09-24T10:07:14-03:00
912d7559-e2c5-4f11-b828-c68dddf16b16,2026-09-24T10:21:10-03:00
133e6f3e-a4eb-4f09-b051-1afb687dad4f,2026-09-24T11:09:11-03:00
dc6c60b4-42a9-4bb4-8563-b575c024d2d0,2026-09-24T11:22:03-03:00
5a6329da-c0e5-4791-ac77-7503d82554ea,2026-09-24T11:33:28-03:00
f0abcab1-6321-4ecb-8ba9-7bd317a089a7,2026-09-24T11:37:41-03:00
38a7897a-3596-4ffc-9142-87f5d9c1d8f6,2026-09-24T11:55:12-03:00
5a6329da-c0e5-4791-ac77-7503d82554ea,2026-09-24T11:57:05-03:00
2c547b7c-7de5-429d-9f58-156dd1928fca,2026-09-24T12:09:54-03:00
4537575d-3e72-4359-aa46-c26b20a32b08,2026-09-24T12:14:37-03:00
300c0bb2-1f6c-4308-9e85-249d8a11a277,2026-09-24T12:16:57-03:00
070127a1-c98c-4140-b09a-f87482f52384,2026-09-24T12:21:28-03:00
9d71a8eb-0c4b-4edc-bf8a-6a0bbc1da7ab,2026-09-24T12:39:06-03:00
4c62e000-8079-4aad-b6cb-a871cd35df39,2026-09-24T12:44:14-03:00
f7b74bb2-3821-4209-9eac-cacf1d407f69,2026-09-24T12:54:17-03:00
47881c91-83a5-4062-adff-f9c9fd8273d7,2026-09-24T13:11:42-03:00
8d29dfa3-a0a9-4dee-b7b4-d33c6e49ddd4,2026-09-24T13:13:43-03:00
92ad3213-116f-40b8-b833-83323cc83bb5,2026-09-24T13:24:31-03:00
3bd59652-4c13-4673-bf18-180626a28b54,2026-09-24T13:27:35-03:00
38a7897a-3596-4ffc-9142-87f5d9c1d8f6,2026-09-24T13:33:44-03:00
4599f02b-432c-4c24-89a5-24d383c71e75,2026-09-24T13:50:16-03:00
dc261513-fa73-40cd-bef0-3aaa2663c23d,2026-09-24T13:52:30-03:00
13e90a5f-e4fe-4da5-afc0-24b163328980,2026-09-24T13:58:34-03:00
8cc5d5e5-4c08-4f20-8110-6e3e9674c27c,2026-09-24T13:58:49-03:00
b9ac272c-142f-4eaa-b923-c53f04496401,2026-09-24T14:03:40-03:00
92ad3213-116f-40b8-b833-83323cc83bb5,2026-09-24T14:19:06-03:00
a6a1e65d-8b81-4ad0-b57d-b5dc550a4d1a,2026-09-24T14:30:15-03:00
29ccf957-fead-4bef-972b-f83c26c51aa7,2026-09-24T14:54:33-03:00
12662e6b-2068-415f-966e-e3ada53c8185,2026-09-24T15:23:40-03:00
472fb8aa-f47d-4cff-a822-4e67980f64cc,2026-09-24T15:26:04-03:00
129337b7-3d85-477c-b37f-5c680be7a119,2026-09-24T15:27:16-03:00
26d1fbd7-76dc-4672-9547-ab1a24edc02d,2026-09-24T15:46:16-03:00
7f9ba79f-545c-4529-a340-cd6449271b7a,2026-09-24T15:47:03-03:00
75a25cfe-2388-445e-b4b8-8eecec068396,2026-09-24T16:24:37-03:00
38f36f2d-de28-42c3-9c16-11b0984375cd,2026-09-24T16:28:52-03:00
f16dc111-041c-4d2b-89f5-59312798b9a8,2026-09-24T16:30:26-03:00
36ebd5c3-5bd1-4830-a1be-19f63f4191af,2026-09-24T16:38:17-03:00
75a25cfe-2388-445e-b4b8-8eecec068396,2026-09-24T16:42:18-03:00
04a7823c-75fa-4198-bd66-879a5d2019de,2026-09-24T16:46:32-03:00
12662e6b-2068-415f-966e-e3ada53c8185,2026-09-24T16:52:36-03:00
76ce45db-7517-4355-a33c-09f67ad3ecc1,2026-09-24T16:59:46-03:00
0327acf1-2fee-47d2-beec-c9acf777b543,2026-09-24T17:02:59-03:00
042d5d43-f6fe-4f05-85ea-15fc3a0020c0,2026-09-24T17:07:19-03:00
3743a7f0-afdd-4331-ba16-86ca4be7fdce,2026-09-24T17:14:26-03:00
bc49028d-2f3f-4f93-a6a7-80a0c556f5e1,2026-09-24T17:20:59-03:00
bdbbcebd-7d29-417f-a9d7-cfbf46301c28,2026-09-24T17:42:01-03:00
763b165d-9848-4545-b83e-cb48d3de1d7e,2026-09-24T17:45:05-03:00
69be4073-7432-41bc-b4ec-569125c57aef,2026-09-24T17:46:04-03:00
8e81c4a0-72a2-422a-8340-4766e58b612c,2026-09-24T17:50:19-03:00
a2b00c70-8142-4f3b-918c-a49601eafba3,2026-09-24T17:57:24-03:00
e9b4f4f6-8dbc-4f90-ba08-645b17fea11a,2026-09-24T18:11:39-03:00
fc160c5b-5da4-4901-9d7c-9fd85712be19,2026-09-24T18:14:51-03:00
6b82afa6-3d31-4620-93ba-15200f3cf1b1,2026-09-24T18:15:47-03:00
7b4f8c5b-7741-460d-9321-be16495e8fd9,2026-09-24T18:27:24-03:00
3bd59652-4c13-4673-bf18-180626a28b54,2026-09-24T18:28:19-03:00
fb08f3b4-43f4-4590-946a-30fbd8094881,2026-09-24T18:28:27-03:00
20048baf-fc52-4f1e-bc08-a8b2ab8c8fe6,2026-09-24T18:30:06-03:00
4efa166e-94e8-484e-9ee8-66403a183164,2026-09-24T18:34:26-03:00
1b9fe081-7fc4-4cfe-a13e-a6d86ea76128,2026-09-24T18:45:43-03:00
3817ecfa-cdbb-402b-bdf7-ab09674a7d6b,2026-09-24T18:52:21-03:00
9b777407-b410-4ba3-8325-31caa437157d,2026-09-24T18:55:37-03:00
62fa174e-75a1-44a6-bc9c-3a9184ea89be,2026-09-24T19:02:52-03:00
987a1c42-fa45-4b9a-8188-4b006df76679,2026-09-24T19:04:42-03:00
e4994f3b-f44a-4bfc-a4ee-ef8fc12f9cbe,2026-09-24T19:08:05-03:00
6224c4f3-0406-47c6-9bf4-7661eba06211,2026-09-24T19:13:34-03:00
123f2d21-7fb8-4195-8256-ac26714a80d4,2026-09-24T19:29:14-03:00
cea1dcae-2604-4ce7-9ff2-12f15a88dc15,2026-09-24T19:30:27-03:00
2198e7b7-1971-466d-8051-1f36e7a71b9a,2026-09-24T19:33:27-03:00
a9298473-3c90-49a5-8614-deeb8631b14c,2026-09-24T19:33:45-03:00
531dc22c-9cb5-4361-8805-8ba72d944f51,2026-09-24T19:43:36-03:00
5683d94c-8c3b-4609-b4e8-e11c81d4fead,2026-09-24T19:53:06-03:00
a5200934-c28b-4403-a587-99c447caf120,2026-09-24T19:56:09-03:00
39f3c09b-0777-46ae-b8b0-f11398450952,2026-09-24T19:56:44-03:00
e4994f3b-f44a-4bfc-a4ee-ef8fc12f9cbe,2026-09-24T20:07:49-03:00
b61e4aa6-ca79-4db0-bad5-d6fb1aa9ef99,2026-09-24T20:10:22-03:00
c4144ca9-cf42-4275-a93b-68d7789406e8,2026-09-24T20:10:27-03:00
a2ea1fc7-6f8c-4640-85c0-ac9720b088c9,2026-09-24T20:10:55-03:00
c5a6684a-0092-4497-b63e-0e80f3d2fc73,2026-09-24T20:13:05-03:00
713a6f71-65b2-49f8-8851-982b335a76f3,2026-09-24T20:25:01-03:00
39f3c09b-0777-46ae-b8b0-f11398450952,2026-09-24T20:28:01-03:00
a5200934-c28b-4403-a587-99c447caf120,2026-09-24T20:28:39-03:00
042d5d43-f6fe-4f05-85ea-15fc3a0020c0,2026-09-24T20:42:15-03:00
66ef1093-5907-4924-ab21-56e5b7e22cb1,2026-09-24T20:50:32-03:00
a34a6f47-3f1b-4fc7-8a9d-26ccb31c813f,2026-09-24T20:51:06-03:00
ee713c93-fdc1-448c-86a9-d2f6af327b49,2026-09-24T21:03:51-03:00
9718b411-0759-4cc4-a90f-4de4e78c4690,2026-09-24T21:04:12-03:00
f16dc111-041c-4d2b-89f5-59312798b9a8,2026-09-24T21:08:55-03:00
1dec0dd5-4ae7-4baa-8eaa-161a30963e91,2026-09-24T21:17:33-03:00
dc261513-fa73-40cd-bef0-3aaa2663c23d,2026-09-24T21:30:00-03:00
3a43653f-97dd-419b-8816-76483027349f,2026-09-24T21:31:20-03:00
58e9b50a-0816-4b05-a715-b8f069b2ed05,2026-09-24T21:39:26-03:00
920869e1-a736-4279-9d95-4a1f353c71d0,2026-09-24T21:41:03-03:00
62b64148-c6cf-4c07-b3e3-ab3e6bdfd457,2026-09-24T21:48:31-03:00
d48a9613-c60d-421c-8e5d-5816c9f283bd,2026-09-24T21:58:07-03:00
a2b00c70-8142-4f3b-918c-a49601eafba3,2026-09-24T21:58:11-03:00
2b94915d-2cb2-4b45-b41c-d092c50e8871,2026-09-24T22:16:19-03:00
4e6d95b1-b84c-47ea-8882-55bbdfbb7a52,2026-09-24T22:27:50-03:00
133e6f3e-a4eb-4f09-b051-1afb687dad4f,2026-09-24T23:53:40-03:00
3817ecfa-cdbb-402b-bdf7-ab09674a7d6b,2026-09-25T06:39:06-03:00
b60bbd7d-8c43-4dee-bef9-136f66093c73,2026-09-25T06:51:46-03:00
488bfe58-d992-478c-981c-9f5b02344873,2026-09-25T06:55:22-03:00
accafbaa-5620-4769-b485-5e58e6a5411c,2026-09-25T07:11:42-03:00
d89ac958-867e-41dc-b69a-086b6eabe468,2026-09-25T07:12:03-03:00
f1f01bc0-6933-48fc-ac60-0091d2d69649,2026-09-25T07:12:16-03:00
95d9fd79-c27b-4406-87b6-ff3292e75385,2026-09-25T07:13:48-03:00
17e569ff-b707-4edb-8046-ad4771c3c962,2026-09-25T07:16:56-03:00
d7b7257f-01d2-40ce-b7fa-46a6a77fc5f9,2026-09-25T07:23:59-03:00
3743a7f0-afdd-4331-ba16-86ca4be7fdce,2026-09-25T07:25:12-03:00
a6348d1a-9cf7-400c-ade5-a6acd24f916b,2026-09-25T07:28:12-03:00
f42e1ccd-fb0e-47d1-92d7-b0eaddd2dd38,2026-09-25T07:32:54-03:00
1c04bcec-4168-4c92-a401-8c35e4667b1b,2026-09-25T07:42:10-03:00
4a40f649-c222-4311-88b4-fb48e9b846b3,2026-09-25T08:01:07-03:00
2494ba8f-73c5-48a3-823b-986b77c853e8,2026-09-25T08:13:03-03:00
5e40a847-1cc2-469f-a387-571cabcdd708,2026-09-25T08:28:38-03:00
4b71bfa6-41ce-4689-880b-c67a177a3c1c,2026-09-25T08:37:09-03:00
dc261513-fa73-40cd-bef0-3aaa2663c23d,2026-09-25T08:46:13-03:00
d786bdde-e18b-46fc-9e05-201ebef1f85c,2026-09-25T09:07:48-03:00
a81a5af9-195e-4e1a-a42d-4df574b9d5c9,2026-09-25T09:09:04-03:00
fc160c5b-5da4-4901-9d7c-9fd85712be19,2026-09-25T09:19:09-03:00
deeb84c1-cb18-400c-9579-587872b2aecc,2026-09-25T09:36:52-03:00
a34a6f47-3f1b-4fc7-8a9d-26ccb31c813f,2026-09-25T09:39:55-03:00
86c56b5e-359a-4221-b7d0-3162eeae05bc,2026-09-25T09:41:40-03:00
04a7823c-75fa-4198-bd66-879a5d2019de,2026-09-25T09:49:23-03:00
27223943-84b0-42de-bc98-f22b31f5f3d0,2026-09-25T09:50:52-03:00
bb07a7d3-beaa-4c7a-ba58-1d0aea094568,2026-09-25T09:55:04-03:00
f31e2b66-210a-4327-96be-eda93cb7b110,2026-09-25T10:04:44-03:00
0571a628-58b5-4e94-a85c-76b4d1be06f2,2026-09-25T10:04:57-03:00
6c78ca96-d349-40f8-85b3-dd319d960d06,2026-09-25T10:14:59-03:00
1c04bcec-4168-4c92-a401-8c35e4667b1b,2026-09-25T10:15:41-03:00
2394a17e-9092-4d66-a7cf-df4ebe59ba2b,2026-09-25T10:18:02-03:00
360dbb7d-938f-4118-8f15-d8497b7041e1,2026-09-25T11:06:41-03:00
89bc8120-2e60-401c-b3cf-d9c3bf263bb3,2026-09-25T11:15:08-03:00
2394a17e-9092-4d66-a7cf-df4ebe59ba2b,2026-09-25T11:15:55-03:00
97dc6616-185f-41d9-8051-fc93f7a26837,2026-09-25T11:30:59-03:00
be314718-d6d3-410e-a74a-6aa76618456e,2026-09-25T11:40:31-03:00
642ea164-a302-402c-ae4d-4ec15f2cf519,2026-09-25T12:30:32-03:00
3ff03678-ef66-40b7-817f-75ddf5870243,2026-09-25T12:32:11-03:00
8b357f63-c24d-4122-a745-b3a624e7d951,2026-09-25T12:32:23-03:00
3bd59652-4c13-4673-bf18-180626a28b54,2026-09-25T12:33:09-03:00
cddb0c66-a759-4cf8-bec0-0d405bf1ab4b,2026-09-25T12:36:39-03:00
8721d034-e5a9-44e9-9e8c-0a536ae75e87,2026-09-25T12:56:31-03:00
88373c7c-1d43-4882-bfc9-dde5b45f3d27,2026-09-25T13:13:59-03:00
360dbb7d-938f-4118-8f15-d8497b7041e1,2026-09-25T13:22:26-03:00
987a1c42-fa45-4b9a-8188-4b006df76679,2026-09-25T13:26:21-03:00
300c0bb2-1f6c-4308-9e85-249d8a11a277,2026-09-25T14:07:45-03:00
9d71a8eb-0c4b-4edc-bf8a-6a0bbc1da7ab,2026-09-25T14:24:09-03:00
4b2c7017-ddfa-4dad-8fc5-e8fd35a235d7,2026-09-25T14:37:11-03:00
776b9bf6-d3ae-47bd-930b-c08ed0adb214,2026-09-25T15:04:08-03:00
677ffdf3-6b9f-42c3-aef2-e58b12d5ba07,2026-09-25T15:13:00-03:00
4d6b7e01-be75-435f-9e33-807cb0803562,2026-09-25T15:26:28-03:00
17dcbd2a-71bc-4148-8df3-e3e760e88671,2026-09-25T15:39:58-03:00
deeb84c1-cb18-400c-9579-587872b2aecc,2026-09-25T15:40:52-03:00
b2dcf926-0377-44f4-8318-7bd5fa3017f1,2026-09-25T15:55:55-03:00
2198e7b7-1971-466d-8051-1f36e7a71b9a,2026-09-25T16:01:19-03:00
d786bdde-e18b-46fc-9e05-201ebef1f85c,2026-09-25T16:18:20-03:00
c8995bc6-1b20-42e7-a5eb-9d16482081bf,2026-09-25T16:22:07-03:00
954a9718-c280-479c-bbb0-784a272b1d0f,2026-09-25T17:02:15-03:00
fdbe4621-4a25-43ca-9bac-8a603281ff15,2026-09-25T17:08:52-03:00
a45528e3-636e-493d-a38c-52bf86c091dc,2026-09-25T17:16:35-03:00
9d71a8eb-0c4b-4edc-bf8a-6a0bbc1da7ab,2026-09-25T17:19:03-03:00
d19af899-bb0c-4ced-9909-1643d0cd7f7c,2026-09-25T17:19:27-03:00
5596c686-cbf1-4819-a517-5095b5c57595,2026-09-25T17:29:09-03:00
fd04633f-6587-4b3a-b5ba-6bd78bc0b085,2026-09-25T17:40:10-03:00
6588b661-f3a4-4eb6-9c0e-c1dbde3e39d5,2026-09-25T17:50:29-03:00
fc160c5b-5da4-4901-9d7c-9fd85712be19,2026-09-25T17:52:23-03:00
65c43e3a-7de7-467f-80eb-f6da3ecaa17c,2026-09-25T18:03:22-03:00
a5cb5c3b-949e-485b-9799-2f56d096dbb6,2026-09-25T18:27:44-03:00
1d189842-d9c9-4c9d-8f49-c15c3b86a93d,2026-09-25T18:32:49-03:00
74110cff-3ec4-480d-ad98-c8b457c50adb,2026-09-25T18:39:07-03:00
a34a6f47-3f1b-4fc7-8a9d-26ccb31c813f,2026-09-25T18:40:00-03:00
b6219ffa-dd01-4ea8-a806-ca8868dbb7aa,2026-09-25T18:40:52-03:00
fcf632f0-dab7-45ac-9220-74d216a8390d,2026-09-25T18:47:18-03:00
7c1c6639-9fef-4015-8d6d-0e7dbe78e987,2026-09-25T18:54:36-03:00
075befb4-f2ec-44f9-8b0c-fe306bb91a45,2026-09-25T18:57:43-03:00
af7a70a9-3d3c-4023-b3e3-549673c64c85,2026-09-25T19:04:24-03:00
dc261513-fa73-40cd-bef0-3aaa2663c23d,2026-09-25T19:05:47-03:00
2e5befb3-57ff-4a4d-8019-5856f458e73e,2026-09-25T19:07:18-03:00
4d6b7e01-be75-435f-9e33-807cb0803562,2026-09-25T19:10:55-03:00
53b128e5-4019-4949-bd7b-e94a23e14fe3,2026-09-25T19:19:20-03:00
a5200934-c28b-4403-a587-99c447caf120,2026-09-25T19:21:46-03:00
ee713c93-fdc1-448c-86a9-d2f6af327b49,2026-09-25T19:30:41-03:00
12662e6b-2068-415f-966e-e3ada53c8185,2026-09-25T19:42:22-03:00
6f4ade15-5e94-4f9e-9a8a-0720d4bce02a,2026-09-25T19:46:18-03:00
9718b411-0759-4cc4-a90f-4de4e78c4690,2026-09-25T19:47:13-03:00
94572e5a-a884-43b4-b0c0-3dd41add70ed,2026-09-25T19:47:37-03:00
94572e5a-a884-43b4-b0c0-3dd41add70ed,2026-09-25T19:49:51-03:00
fd04633f-6587-4b3a-b5ba-6bd78bc0b085,2026-09-25T19:50:54-03:00
6588b661-f3a4-4eb6-9c0e-c1dbde3e39d5,2026-09-25T20:03:34-03:00
a81a5af9-195e-4e1a-a42d-4df574b9d5c9,2026-09-25T20:05:19-03:00
742e5b4b-7ead-4aa7-a9a1-5d385a35e348,2026-09-25T20:06:27-03:00
4e6d95b1-b84c-47ea-8882-55bbdfbb7a52,2026-09-25T20:09:46-03:00
300c0bb2-1f6c-4308-9e85-249d8a11a277,2026-09-25T20:12:26-03:00
a93dce4e-f917-4e15-af87-31101b777450,2026-09-25T20:14:05-03:00
5785a9d6-6ebe-4fde-b637-7575849d5fb5,2026-09-25T20:14:56-03:00
6eed1d6d-8a1b-4e89-8969-e546c8c50e9d,2026-09-25T20:28:15-03:00
9568d269-8025-4cde-8a48-d43ab5b993db,2026-09-25T20:30:41-03:00
62fa174e-75a1-44a6-bc9c-3a9184ea89be,2026-09-25T20:34:27-03:00
341ada20-eb43-4767-aa77-60de86281677,2026-09-25T20:41:32-03:00
0a1bf5c0-04bf-4fb4-8261-ecdbc80298a8,2026-09-25T20:45:24-03:00
e803e5c6-858d-45f5-b09b-7935ad19ee74,2026-09-25T20:50:31-03:00
a45528e3-636e-493d-a38c-52bf86c091dc,2026-09-25T21:08:15-03:00
4b71bfa6-41ce-4689-880b-c67a177a3c1c,2026-09-25T21:22:08-03:00
8b357f63-c24d-4122-a745-b3a624e7d951,2026-09-25T21:22:34-03:00
2679a553-1548-4b4f-afc8-8c3217fc1954,2026-09-25T21:24:08-03:00
e4b61e98-a580-43e7-bd42-77e61e7dee6c,2026-09-25T21:49:49-03:00
49719ae9-1be3-4bc3-8e84-029837c1070d,2026-09-25T21:59:22-03:00
3bd59652-4c13-4673-bf18-180626a28b54,2026-09-25T22:12:40-03:00
400ffd1f-2a42-46c1-a7c9-623c3ca07a97,2026-09-25T22:59:56-03:00
2494ba8f-73c5-48a3-823b-986b77c853e8,2026-09-25T23:51:00-03:00
a22e90de-9f69-465f-bc31-86af1edbc160,2026-09-26T06:05:21-03:00
3ff03678-ef66-40b7-817f-75ddf5870243,2026-09-26T06:45:44-03:00
8779f988-bdf9-4b7a-8b75-e681ea3e1c36,2026-09-26T06:48:31-03:00
afd25cdc-8200-4c75-a7b3-d828005d8b2f,2026-09-26T06:48:32-03:00
12662e6b-2068-415f-966e-e3ada53c8185,2026-09-26T06:51:31-03:00
58e9b50a-0816-4b05-a715-b8f069b2ed05,2026-09-26T06:53:49-03:00
133e6f3e-a4eb-4f09-b051-1afb687dad4f,2026-09-26T06:54:28-03:00
691ffc9e-f56a-4bac-8f4d-4307f09e01e6,2026-09-26T06:55:33-03:00
83734873-b407-416d-9043-cf1f03203e48,2026-09-26T07:01:04-03:00
b5b66e1d-2391-4e19-ba80-34b9dd7a85e3,2026-09-26T07:03:30-03:00
cbbcf8c0-c10e-4a2e-8f73-d45930317336,2026-09-26T07:11:31-03:00
129337b7-3d85-477c-b37f-5c680be7a119,2026-09-26T07:18:42-03:00
1abbb612-9208-427e-bfae-1eccac4cfb35,2026-09-26T07:28:29-03:00
6271b391-e2f8-4f56-8d32-f79ae8ddf088,2026-09-26T07:29:30-03:00
df07c0c6-cb94-498c-9efa-52697656cf48,2026-09-26T07:30:34-03:00
ffab5aab-8c70-4b8a-8783-354343c5eedd,2026-09-26T07:30:50-03:00
c7aac888-75e4-42f2-9131-4b0abb0cee03,2026-09-26T07:37:01-03:00
3ff0c8f1-c848-4b97-8f03-11f82d2d24ae,2026-09-26T07:48:37-03:00
b61e4aa6-ca79-4db0-bad5-d6fb1aa9ef99,2026-09-26T07:56:34-03:00
912d7559-e2c5-4f11-b828-c68dddf16b16,2026-09-26T08:01:41-03:00
658472a8-0e3d-4598-8eae-37f86a769186,2026-09-26T08:03:54-03:00
03658df2-2721-4ff3-aa5e-8bf7925c8add,2026-09-26T08:10:16-03:00
f4e90515-e3d6-4ffe-8206-808ab1cb68c4,2026-09-26T08:13:06-03:00
ee713c93-fdc1-448c-86a9-d2f6af327b49,2026-09-26T08:23:48-03:00
ca8f0ffe-e2ad-476f-a26a-2d3dd898912d,2026-09-26T08:27:54-03:00
bb07a7d3-beaa-4c7a-ba58-1d0aea094568,2026-09-26T08:28:15-03:00
b61e4aa6-ca79-4db0-bad5-d6fb1aa9ef99,2026-09-26T08:30:19-03:00
2ec92e0c-4d6d-46f8-8be3-255aefd2006b,2026-09-26T08:33:04-03:00
a34a6f47-3f1b-4fc7-8a9d-26ccb31c813f,2026-09-26T08:34:19-03:00
9718b411-0759-4cc4-a90f-4de4e78c4690,2026-09-26T08:34:24-03:00
2c547b7c-7de5-429d-9f58-156dd1928fca,2026-09-26T08:35:04-03:00
914ad948-05cc-48b2-af17-72a63ca5ba14,2026-09-26T08:36:31-03:00
bc49028d-2f3f-4f93-a6a7-80a0c556f5e1,2026-09-26T08:39:33-03:00
d790a58f-4a45-4a41-96c9-344084d5d5b4,2026-09-26T08:39:38-03:00
335d097b-9693-471f-ba8c-bfdf3c35061f,2026-09-26T08:49:00-03:00
7c1c6639-9fef-4015-8d6d-0e7dbe78e987,2026-09-26T08:53:15-03:00
5838ef61-70f6-429f-8d61-3b88fa5908e9,2026-09-26T08:58:26-03:00
9803f12e-248e-4386-96ec-48e0a7e0c0b4,2026-09-26T08:59:33-03:00
ef712854-26c6-429a-8ef3-f5208ae84b2e,2026-09-26T09:06:23-03:00
334af7c8-ef2d-4c8d-8bea-23cc393c5fb5,2026-09-26T09:12:14-03:00
300c0bb2-1f6c-4308-9e85-249d8a11a277,2026-09-26T09:16:09-03:00
1abbb612-9208-427e-bfae-1eccac4cfb35,2026-09-26T09:23:15-03:00
ab1a4c26-8dd9-4508-805b-030c7630e2f2,2026-09-26T09:26:04-03:00
88373c7c-1d43-4882-bfc9-dde5b45f3d27,2026-09-26T09:35:05-03:00
697361f5-d6d0-4cf8-9f4b-caab60b56b0e,2026-09-26T09:41:49-03:00
ef712854-26c6-429a-8ef3-f5208ae84b2e,2026-09-26T09:48:59-03:00
f3ac1b9c-dc38-45a9-ba14-a9442e0ee2ab,2026-09-26T10:12:20-03:00
d254e996-2363-4025-9c3e-7cc48327196e,2026-09-26T10:13:11-03:00
7a2058c8-a9ea-42d5-94f4-bf3cdbe66c12,2026-09-26T10:30:15-03:00
693486f5-1cb4-46ab-bd7c-85ca30bd1527,2026-09-26T10:35:00-03:00
86c56b5e-359a-4221-b7d0-3162eeae05bc,2026-09-26T10:40:17-03:00
f7b74bb2-3821-4209-9eac-cacf1d407f69,2026-09-26T10:59:12-03:00
731627ce-4776-48b4-85b5-db648ce7eb05,2026-09-26T11:03:21-03:00
912d7559-e2c5-4f11-b828-c68dddf16b16,2026-09-26T11:09:56-03:00
b6a33dd7-5a14-4a50-b2f2-1ed5ff13aa3d,2026-09-26T11:31:42-03:00
4dfd42d4-1264-4b24-affd-7a251c499291,2026-09-26T11:40:17-03:00
86b79e85-dad9-4895-87d9-df9eafa9ab32,2026-09-26T11:56:01-03:00
ee0d5baa-7b90-48c1-a268-a966865bb8fc,2026-09-26T12:02:00-03:00
7198f3bb-647c-4e8f-a60f-442671556353,2026-09-26T12:02:11-03:00
dbc9b450-24e7-4583-803c-b20bd4f0d6c4,2026-09-26T12:02:39-03:00
62fa174e-75a1-44a6-bc9c-3a9184ea89be,2026-09-26T12:05:56-03:00
400ffd1f-2a42-46c1-a7c9-623c3ca07a97,2026-09-26T12:08:26-03:00
8779f988-bdf9-4b7a-8b75-e681ea3e1c36,2026-09-26T12:22:17-03:00
8f57410d-536e-4c2f-95b8-e00741f12c3d,2026-09-26T12:22:21-03:00
253d8c41-2cbd-44eb-a9e4-e973c0cd5e4a,2026-09-26T12:35:29-03:00
47833223-98ea-4e00-bfc1-11f99ea76662,2026-09-26T12:44:38-03:00
a258cf44-bed3-4bc6-82a2-00bdfb48eed5,2026-09-26T12:53:20-03:00
e4b61e98-a580-43e7-bd42-77e61e7dee6c,2026-09-26T12:55:51-03:00
b6219ffa-dd01-4ea8-a806-ca8868dbb7aa,2026-09-26T12:55:54-03:00
3463aff6-7d41-4eec-b488-7b480d30d761,2026-09-26T12:57:02-03:00
2c8a5011-91eb-477f-a4c9-bb9e5a91e4be,2026-09-26T13:19:17-03:00
46d3d47a-b599-4391-b1ae-e8fb5271c0bf,2026-09-26T13:29:02-03:00
0063959e-9d2f-4e89-bdf1-159fa165adda,2026-09-26T13:32:49-03:00
df07c0c6-cb94-498c-9efa-52697656cf48,2026-09-26T13:44:35-03:00
35d62d40-ced7-4fde-bc5d-310038b37ad4,2026-09-26T13:51:55-03:00
8fb01ea4-c2e7-4cdf-a591-269b0df6ad16,2026-09-26T14:00:58-03:00
fba150f6-f8ed-49c5-9257-47f3f543799a,2026-09-26T14:02:07-03:00
4dfd42d4-1264-4b24-affd-7a251c499291,2026-09-26T14:13:12-03:00
17f56689-36c5-4349-8c1f-604553aa5a36,2026-09-26T14:20:15-03:00
a2ea1fc7-6f8c-4640-85c0-ac9720b088c9,2026-09-26T14:22:31-03:00
72872c81-60ab-48bb-a1b6-98668f73ef13,2026-09-26T14:26:30-03:00
2e5befb3-57ff-4a4d-8019-5856f458e73e,2026-09-26T14:32:09-03:00
484bbfc1-7c26-4bd0-b389-efc5bdf335a2,2026-09-26T14:42:32-03:00
341ada20-eb43-4767-aa77-60de86281677,2026-09-26T14:47:18-03:00
6e8d79f1-3124-4837-9efb-8cb717a160e7,2026-09-26T14:47:34-03:00
faaaf95c-b4d5-4c31-a41c-7f2aad53a4a5,2026-09-26T14:52:23-03:00
fd04633f-6587-4b3a-b5ba-6bd78bc0b085,2026-09-26T15:06:01-03:00
d786bdde-e18b-46fc-9e05-201ebef1f85c,2026-09-26T15:09:25-03:00
f3689675-9c1e-40ec-857c-0898d5b47de8,2026-09-26T15:35:07-03:00
2679a553-1548-4b4f-afc8-8c3217fc1954,2026-09-26T15:42:42-03:00
8b357f63-c24d-4122-a745-b3a624e7d951,2026-09-26T15:58:13-03:00
7198f3bb-647c-4e8f-a60f-442671556353,2026-09-26T16:26:22-03:00
879d24a3-e7ff-403f-b26c-228c09d1004c,2026-09-26T16:29:14-03:00
f8ce0f67-48c8-4ccf-b8b1-21159cb64d8f,2026-09-26T16:40:02-03:00
246e9c60-87ce-4e05-91ea-50ec6b353fe0,2026-09-26T16:51:59-03:00
81eb2192-b6f9-48f5-bc82-461677369b11,2026-09-26T17:01:19-03:00
27976644-f012-41cf-8a58-e19007647ec3,2026-09-26T17:15:06-03:00
852cc580-9cf4-4de2-8fa3-d1a506a4aaa0,2026-09-26T17:15:10-03:00
a2ea1fc7-6f8c-4640-85c0-ac9720b088c9,2026-09-26T17:25:48-03:00
fcf632f0-dab7-45ac-9220-74d216a8390d,2026-09-26T17:32:04-03:00
c841bc02-d75a-4f6f-bc8d-517e4f3edebd,2026-09-26T17:37:49-03:00
9568d269-8025-4cde-8a48-d43ab5b993db,2026-09-26T17:37:57-03:00
68b5711a-cdd4-42df-b956-2992d25a04ef,2026-09-26T17:39:40-03:00
4a78ff1b-a832-4d8c-ad9d-f3a7fc3b78c9,2026-09-26T17:42:10-03:00
9803f12e-248e-4386-96ec-48e0a7e0c0b4,2026-09-26T17:46:52-03:00
4b906469-d843-48be-b3d0-34947809e5a1,2026-09-26T18:03:40-03:00
b7c2c8d3-2026-49c9-9955-1946d4749338,2026-09-26T18:08:56-03:00
38f36f2d-de28-42c3-9c16-11b0984375cd,2026-09-26T18:11:09-03:00
656306f4-8a57-4e18-9d0a-565b197ba01a,2026-09-26T18:13:23-03:00
f3ac1b9c-dc38-45a9-ba14-a9442e0ee2ab,2026-09-26T18:14:08-03:00
7181d3f7-662a-44aa-8f6e-9389ff4dc95e,2026-09-26T18:29:37-03:00
77907b7d-2c49-4096-861a-40d8b858e199,2026-09-26T18:31:30-03:00
d89ac958-867e-41dc-b69a-086b6eabe468,2026-09-26T18:35:41-03:00
a797facd-97b8-4d7c-814c-832665dff6ae,2026-09-26T18:41:44-03:00
94572e5a-a884-43b4-b0c0-3dd41add70ed,2026-09-26T18:44:54-03:00
2e5befb3-57ff-4a4d-8019-5856f458e73e,2026-09-26T18:45:31-03:00
4efa166e-94e8-484e-9ee8-66403a183164,2026-09-26T19:01:52-03:00
cbbcf8c0-c10e-4a2e-8f73-d45930317336,2026-09-26T19:14:27-03:00
2b0a3003-67f1-4e44-9723-212e69760007,2026-09-26T19:14:28-03:00
fcfada1b-f44b-49de-998d-dd6247a49881,2026-09-26T19:15:37-03:00
3743a7f0-afdd-4331-ba16-86ca4be7fdce,2026-09-26T19:22:08-03:00
a748f7b5-60ec-4188-a569-69302f170a2b,2026-09-26T19:24:26-03:00
760875b7-fc17-4a23-bf61-27012c6baac1,2026-09-26T19:24:29-03:00
91c4252d-aea4-431a-8f29-902a5f443858,2026-09-26T19:24:40-03:00
88373c7c-1d43-4882-bfc9-dde5b45f3d27,2026-09-26T19:31:06-03:00
15045214-2247-4403-b0bf-4f1a9c293447,2026-09-26T19:31:18-03:00
400ffd1f-2a42-46c1-a7c9-623c3ca07a97,2026-09-26T19:31:53-03:00
f205b5d9-5fb3-4774-b977-ba9802edbe7e,2026-09-26T19:32:27-03:00
5aff9c4f-7f86-4ffb-9cb8-ec839974acba,2026-09-26T19:35:00-03:00
4f9477cf-fe5e-4d4d-8d0b-5cc21db39074,2026-09-26T19:35:36-03:00
62eef379-6637-468c-9605-b1ee5797f4e4,2026-09-26T19:35:43-03:00
96bdb30c-dfda-456a-a2a9-f39c084bcdf4,2026-09-26T19:38:36-03:00
3f819d2b-b335-48f1-97ed-f46e8338de3d,2026-09-26T19:38:42-03:00
4efa166e-94e8-484e-9ee8-66403a183164,2026-09-26T19:45:44-03:00
85a4ba4f-c929-4499-9241-55b327e471d6,2026-09-26T19:48:03-03:00
5785a9d6-6ebe-4fde-b637-7575849d5fb5,2026-09-26T19:50:03-03:00
7ca8f3a7-d1c0-402d-af08-90ce6f598e59,2026-09-26T19:50:09-03:00
04a7823c-75fa-4198-bd66-879a5d2019de,2026-09-26T19:50:22-03:00
4e6d95b1-b84c-47ea-8882-55bbdfbb7a52,2026-09-26T19:56:57-03:00
171346fe-55d9-4f3a-b276-65d8949cad2e,2026-09-26T19:57:42-03:00
074197e1-fa29-4347-bc57-97ff7753328a,2026-09-26T19:58:29-03:00
fd04633f-6587-4b3a-b5ba-6bd78bc0b085,2026-09-26T20:09:19-03:00
e803e5c6-858d-45f5-b09b-7935ad19ee74,2026-09-26T20:10:35-03:00
171346fe-55d9-4f3a-b276-65d8949cad2e,2026-09-26T20:15:43-03:00
1dec0dd5-4ae7-4baa-8eaa-161a30963e91,2026-09-26T20:19:21-03:00
74be110b-204f-40b5-a1b1-462ae972dc7d,2026-09-26T20:19:41-03:00
03658df2-2721-4ff3-aa5e-8bf7925c8add,2026-09-26T20:22:54-03:00
001481aa-8661-4c80-a221-7d0c40fd0dea,2026-09-26T20:27:34-03:00
2b0a3003-67f1-4e44-9723-212e69760007,2026-09-26T20:45:47-03:00
6917adf9-0343-476a-bb13-c79025b1acec,2026-09-26T20:46:36-03:00
fb08f3b4-43f4-4590-946a-30fbd8094881,2026-09-26T20:56:11-03:00
66ef1093-5907-4924-ab21-56e5b7e22cb1,2026-09-26T20:56:30-03:00
238d2d7d-d3ac-4a96-918a-d89eab374cb3,2026-09-26T20:57:30-03:00
824a7c61-0bbb-46e3-87bf-4b48cc63793e,2026-09-26T21:09:28-03:00
677ffdf3-6b9f-42c3-aef2-e58b12d5ba07,2026-09-26T21:10:11-03:00
2c8a5011-91eb-477f-a4c9-bb9e5a91e4be,2026-09-26T21:14:10-03:00
89bc8120-2e60-401c-b3cf-d9c3bf263bb3,2026-09-26T21:18:32-03:00
edba9f48-1982-44e0-8600-1f83e681059b,2026-09-26T21:30:46-03:00
3ddc7eeb-0f87-41fa-9849-5c63625f19b4,2026-09-26T21:35:21-03:00
3a6d3f6e-4428-4989-9a3f-a748fda41b68,2026-09-26T21:40:27-03:00
246e9c60-87ce-4e05-91ea-50ec6b353fe0,2026-09-26T21:41:05-03:00
dbc9b450-24e7-4583-803c-b20bd4f0d6c4,2026-09-26T21:45:39-03:00
4b71bfa6-41ce-4689-880b-c67a177a3c1c,2026-09-26T21:46:53-03:00
4537575d-3e72-4359-aa46-c26b20a32b08,2026-09-26T21:56:30-03:00
334af7c8-ef2d-4c8d-8bea-23cc393c5fb5,2026-09-26T21:58:02-03:00
460c52b9-0926-4759-b02a-b5a3f229a057,2026-09-26T22:02:51-03:00
89bc8120-2e60-401c-b3cf-d9c3bf263bb3,2026-09-26T22:03:04-03:00
9c4372c0-b901-4fe2-8d89-083d69e390af,2026-09-26T22:12:44-03:00
26d1fbd7-76dc-4672-9547-ab1a24edc02d,2026-09-26T22:16:03-03:00
4d6b7e01-be75-435f-9e33-807cb0803562,2026-09-26T22:22:56-03:00
ab1a4c26-8dd9-4508-805b-030c7630e2f2,2026-09-26T23:07:25-03:00
77f30d59-50e4-4c67-bd26-b1e484e261fc,2026-09-26T23:09:41-03:00
90bfe485-0f05-4d31-a36a-da3a0afd6316,2026-09-26T23:50:47-03:00
47cf2dc7-e7f7-4797-89f0-789c17cc0a00,2026-09-27T06:31:23-03:00
3f1f3e79-3f55-4556-8c87-4a881a908b1d,2026-09-27T06:34:50-03:00
d1deef52-975b-495e-a60c-edd1712b262f,2026-09-27T07:08:08-03:00
2e5befb3-57ff-4a4d-8019-5856f458e73e,2026-09-27T07:11:09-03:00
2b0a3003-67f1-4e44-9723-212e69760007,2026-09-27T07:11:38-03:00
0e7c8426-1733-453f-9577-2e986ab7cc5c,2026-09-27T07:12:47-03:00
8883153b-964c-4415-9a88-4695aa178454,2026-09-27T07:21:40-03:00
dc261513-fa73-40cd-bef0-3aaa2663c23d,2026-09-27T07:22:21-03:00
cfa2e55d-ba5f-4ceb-bf28-6140e01095a4,2026-09-27T07:44:49-03:00
1dfbf03b-7032-452c-a560-7d6790928670,2026-09-27T07:48:19-03:00
0e7c8426-1733-453f-9577-2e986ab7cc5c,2026-09-27T07:48:43-03:00
bfe9472b-9197-4fa9-b4ed-8249cfaaa5d3,2026-09-27T07:53:44-03:00
9c4372c0-b901-4fe2-8d89-083d69e390af,2026-09-27T07:56:42-03:00
af7a70a9-3d3c-4023-b3e3-549673c64c85,2026-09-27T07:58:30-03:00
b61e4aa6-ca79-4db0-bad5-d6fb1aa9ef99,2026-09-27T08:01:05-03:00
e803e5c6-858d-45f5-b09b-7935ad19ee74,2026-09-27T08:01:49-03:00
914ad948-05cc-48b2-af17-72a63ca5ba14,2026-09-27T08:05:59-03:00
469caca6-0c28-4a6d-a436-6528d82e0b56,2026-09-27T08:23:25-03:00
53b128e5-4019-4949-bd7b-e94a23e14fe3,2026-09-27T08:25:39-03:00
954a9718-c280-479c-bbb0-784a272b1d0f,2026-09-27T08:28:23-03:00
04a7823c-75fa-4198-bd66-879a5d2019de,2026-09-27T08:28:45-03:00
59a45fb1-e020-4768-96a5-e70ba44c522d,2026-09-27T08:37:33-03:00
2ce49497-d69f-432a-8cd1-8d025a15d84a,2026-09-27T08:40:49-03:00
eb4d77a1-9e23-4480-a0ab-8ea0b91d8bb6,2026-09-27T09:08:29-03:00
f1f01bc0-6933-48fc-ac60-0091d2d69649,2026-09-27T09:16:23-03:00
1becd6ee-0076-4970-9c82-aa1ab4cb19f4,2026-09-27T09:16:36-03:00
0063959e-9d2f-4e89-bdf1-159fa165adda,2026-09-27T09:54:36-03:00
c8995bc6-1b20-42e7-a5eb-9d16482081bf,2026-09-27T09:58:31-03:00
3ff03678-ef66-40b7-817f-75ddf5870243,2026-09-27T10:37:44-03:00
cea1dcae-2604-4ce7-9ff2-12f15a88dc15,2026-09-27T10:40:50-03:00
12a24577-02b5-4443-ac17-334337f7692d,2026-09-27T10:40:54-03:00
15045214-2247-4403-b0bf-4f1a9c293447,2026-09-27T10:42:28-03:00
3817ecfa-cdbb-402b-bdf7-ab09674a7d6b,2026-09-27T10:48:11-03:00
b313c44a-8a3d-403f-bd36-6170c9a4d412,2026-09-27T10:57:37-03:00
eb8660ea-b6d2-4715-ad13-fa197a2f4af7,2026-09-27T10:59:08-03:00
824a7c61-0bbb-46e3-87bf-4b48cc63793e,2026-09-27T11:05:25-03:00
6e8d79f1-3124-4837-9efb-8cb717a160e7,2026-09-27T11:29:07-03:00
f4f7636b-baf3-4924-8927-21d16976e9a2,2026-09-27T11:31:03-03:00
e0131205-9109-4780-afc3-f0aec0b43432,2026-09-27T11:33:09-03:00
e88174ed-c99e-46c1-bb9a-b9382febd3b0,2026-09-27T11:39:23-03:00
e4b61e98-a580-43e7-bd42-77e61e7dee6c,2026-09-27T11:46:10-03:00
86c56b5e-359a-4221-b7d0-3162eeae05bc,2026-09-27T11:55:22-03:00
070127a1-c98c-4140-b09a-f87482f52384,2026-09-27T11:56:03-03:00
64c553e9-120c-4401-8a5f-29609abfbe42,2026-09-27T12:06:39-03:00
8b3cf516-5450-4d24-a68a-bfcc36f33067,2026-09-27T12:16:56-03:00
7a2058c8-a9ea-42d5-94f4-bf3cdbe66c12,2026-09-27T12:23:26-03:00
d254e996-2363-4025-9c3e-7cc48327196e,2026-09-27T12:28:31-03:00
9803f12e-248e-4386-96ec-48e0a7e0c0b4,2026-09-27T12:38:47-03:00
4d35528d-76d0-4d5c-a2ce-52cb6cf5eb97,2026-09-27T12:42:40-03:00
468123e3-2f79-46a1-8cf6-640ccd9ce86f,2026-09-27T12:44:17-03:00
4b71bfa6-41ce-4689-880b-c67a177a3c1c,2026-09-27T12:54:25-03:00
57b23fca-ea89-491c-8d17-9904c8db54c5,2026-09-27T13:06:51-03:00
a6a1e65d-8b81-4ad0-b57d-b5dc550a4d1a,2026-09-27T13:07:16-03:00
f8ce0f67-48c8-4ccf-b8b1-21159cb64d8f,2026-09-27T13:30:51-03:00
0a1bf5c0-04bf-4fb4-8261-ecdbc80298a8,2026-09-27T13:41:56-03:00
f4ce2714-b5cc-4dde-8aea-7f7d36c7d3bd,2026-09-27T13:43:47-03:00
64059a86-34a3-4500-bdc8-4b605287cbf2,2026-09-27T13:44:42-03:00
1dec0dd5-4ae7-4baa-8eaa-161a30963e91,2026-09-27T14:05:09-03:00
feef3fb2-b26c-4f5e-8ac4-517bb7bd0b1a,2026-09-27T14:11:27-03:00
7567df4c-ce25-4213-b1f1-5860b29db2cc,2026-09-27T14:19:05-03:00
7a2058c8-a9ea-42d5-94f4-bf3cdbe66c12,2026-09-27T14:21:35-03:00
548660f2-2f0f-417e-925b-3afd61354b7e,2026-09-27T14:22:23-03:00
13eea0b3-4d75-4a9c-853e-c7e4decf01f2,2026-09-27T14:25:20-03:00
7bd4e04f-d0a6-4128-9aff-7ed948770493,2026-09-27T14:42:28-03:00
edf863bb-1bdc-4539-9ddb-5ef04cdde9ba,2026-09-27T14:51:32-03:00
a748f7b5-60ec-4188-a569-69302f170a2b,2026-09-27T15:00:26-03:00
2c1e161b-21e5-4636-a892-45aad5e96abd,2026-09-27T15:05:54-03:00
a9298473-3c90-49a5-8614-deeb8631b14c,2026-09-27T15:06:20-03:00
933faec4-e418-4ad9-a8a1-a1fd1915a8fc,2026-09-27T15:15:34-03:00
6f4ade15-5e94-4f9e-9a8a-0720d4bce02a,2026-09-27T15:19:14-03:00
0f8beb1a-84f0-40e8-ace5-4c696d75b31a,2026-09-27T15:24:32-03:00
0f8beb1a-84f0-40e8-ace5-4c696d75b31a,2026-09-27T15:27:03-03:00
5d1b11a1-4118-4e2c-8702-1d81810c3c60,2026-09-27T15:35:07-03:00
2256b9c7-d1db-4536-ad72-054afd567cb2,2026-09-27T15:49:16-03:00
32334982-e3ef-45b6-bb72-772bb7e6b0e2,2026-09-27T16:07:29-03:00
58e9b50a-0816-4b05-a715-b8f069b2ed05,2026-09-27T16:26:20-03:00
66ef1093-5907-4924-ab21-56e5b7e22cb1,2026-09-27T16:44:35-03:00
842eb88e-c30f-4a09-9145-8bfefbdaa429,2026-09-27T16:56:05-03:00
6e8d79f1-3124-4837-9efb-8cb717a160e7,2026-09-27T17:12:40-03:00
4efa166e-94e8-484e-9ee8-66403a183164,2026-09-27T17:19:11-03:00
4a78ff1b-a832-4d8c-ad9d-f3a7fc3b78c9,2026-09-27T17:29:43-03:00
03658df2-2721-4ff3-aa5e-8bf7925c8add,2026-09-27T17:39:28-03:00
ee713c93-fdc1-448c-86a9-d2f6af327b49,2026-09-27T17:43:36-03:00
fc160c5b-5da4-4901-9d7c-9fd85712be19,2026-09-27T17:58:03-03:00
accafbaa-5620-4769-b485-5e58e6a5411c,2026-09-27T18:00:36-03:00
17be997b-ea98-4cd4-9c5e-452c7cf50b24,2026-09-27T18:01:46-03:00
96721e62-3b7f-4ada-a2b0-c71fd9f27055,2026-09-27T18:05:32-03:00
dc08469f-0e48-46b8-aef8-23e752fbb72d,2026-09-27T18:07:27-03:00
e4994f3b-f44a-4bfc-a4ee-ef8fc12f9cbe,2026-09-27T18:08:17-03:00
f3c2011a-c2ea-44a8-a17b-936c26cdebb0,2026-09-27T18:13:11-03:00
2c8a5011-91eb-477f-a4c9-bb9e5a91e4be,2026-09-27T18:14:58-03:00
fcf632f0-dab7-45ac-9220-74d216a8390d,2026-09-27T18:16:41-03:00
123f2d21-7fb8-4195-8256-ac26714a80d4,2026-09-27T18:28:40-03:00
17be997b-ea98-4cd4-9c5e-452c7cf50b24,2026-09-27T18:29:58-03:00
62fa174e-75a1-44a6-bc9c-3a9184ea89be,2026-09-27T18:31:12-03:00
5d1b11a1-4118-4e2c-8702-1d81810c3c60,2026-09-27T18:32:50-03:00
920869e1-a736-4279-9d95-4a1f353c71d0,2026-09-27T18:35:50-03:00
129337b7-3d85-477c-b37f-5c680be7a119,2026-09-27T18:44:30-03:00
706a5e7b-b456-4450-9857-42029cac4cc2,2026-09-27T18:46:59-03:00
4f9477cf-fe5e-4d4d-8d0b-5cc21db39074,2026-09-27T18:51:27-03:00
7567df4c-ce25-4213-b1f1-5860b29db2cc,2026-09-27T18:54:29-03:00
fb30db7b-63d2-419f-9710-1efd105a6b96,2026-09-27T18:57:14-03:00
349d270a-13df-4680-bff7-e047d48f7cdd,2026-09-27T18:59:56-03:00
12a24577-02b5-4443-ac17-334337f7692d,2026-09-27T19:00:36-03:00
824a7c61-0bbb-46e3-87bf-4b48cc63793e,2026-09-27T19:03:52-03:00
f8ce0f67-48c8-4ccf-b8b1-21159cb64d8f,2026-09-27T19:07:44-03:00
edf863bb-1bdc-4539-9ddb-5ef04cdde9ba,2026-09-27T19:10:38-03:00
85a4ba4f-c929-4499-9241-55b327e471d6,2026-09-27T19:13:08-03:00
fb30db7b-63d2-419f-9710-1efd105a6b96,2026-09-27T19:15:46-03:00
0b1b643e-405f-44a1-a5c5-cbcae283d573,2026-09-27T19:20:01-03:00
0a1bf5c0-04bf-4fb4-8261-ecdbc80298a8,2026-09-27T19:20:42-03:00
88373c7c-1d43-4882-bfc9-dde5b45f3d27,2026-09-27T19:20:46-03:00
706a5e7b-b456-4450-9857-42029cac4cc2,2026-09-27T19:29:51-03:00
7181d3f7-662a-44aa-8f6e-9389ff4dc95e,2026-09-27T19:29:58-03:00
0360e35a-0379-4ff2-a7ca-4b2353e2d129,2026-09-27T19:31:42-03:00
ffab5aab-8c70-4b8a-8783-354343c5eedd,2026-09-27T19:33:35-03:00
400ffd1f-2a42-46c1-a7c9-623c3ca07a97,2026-09-27T19:37:21-03:00
400ffd1f-2a42-46c1-a7c9-623c3ca07a97,2026-09-27T19:38:12-03:00
fcf632f0-dab7-45ac-9220-74d216a8390d,2026-09-27T19:41:40-03:00
56dce94c-861b-4176-a534-b7d9e60c06ad,2026-09-27T19:46:42-03:00
77f30d59-50e4-4c67-bd26-b1e484e261fc,2026-09-27T19:46:42-03:00
987a1c42-fa45-4b9a-8188-4b006df76679,2026-09-27T19:54:54-03:00
88373c7c-1d43-4882-bfc9-dde5b45f3d27,2026-09-27T19:57:19-03:00
a2ba3863-a98c-4cad-a126-e80e8c7cde7a,2026-09-27T20:10:43-03:00
776b9bf6-d3ae-47bd-930b-c08ed0adb214,2026-09-27T20:18:47-03:00
697361f5-d6d0-4cf8-9f4b-caab60b56b0e,2026-09-27T20:20:54-03:00
bfe9472b-9197-4fa9-b4ed-8249cfaaa5d3,2026-09-27T20:22:09-03:00
03168ade-ba1c-4132-b42b-e569bfb85731,2026-09-27T20:27:09-03:00
a22e90de-9f69-465f-bc31-86af1edbc160,2026-09-27T20:36:58-03:00
47cf2dc7-e7f7-4797-89f0-789c17cc0a00,2026-09-27T20:39:19-03:00
8b3cf516-5450-4d24-a68a-bfcc36f33067,2026-09-27T20:41:12-03:00
987a1c42-fa45-4b9a-8188-4b006df76679,2026-09-27T20:46:11-03:00
12662e6b-2068-415f-966e-e3ada53c8185,2026-09-27T20:46:21-03:00
2c8a5011-91eb-477f-a4c9-bb9e5a91e4be,2026-09-27T20:47:26-03:00
4d35528d-76d0-4d5c-a2ce-52cb6cf5eb97,2026-09-27T21:15:44-03:00
5a6329da-c0e5-4791-ac77-7503d82554ea,2026-09-27T21:17:13-03:00
f4ce2714-b5cc-4dde-8aea-7f7d36c7d3bd,2026-09-27T21:31:07-03:00
bb5e0dbc-e2c0-40e8-82a5-da507ddf52a5,2026-09-27T21:33:29-03:00
49719ae9-1be3-4bc3-8e84-029837c1070d,2026-09-27T21:43:19-03:00
89bc8120-2e60-401c-b3cf-d9c3bf263bb3,2026-09-27T21:53:48-03:00
7c1c6639-9fef-4015-8d6d-0e7dbe78e987,2026-09-27T21:54:14-03:00
26d1fbd7-76dc-4672-9547-ab1a24edc02d,2026-09-27T21:56:58-03:00
4e9a6fd4-8ad2-4abe-9a62-b5cc5c544bd5,2026-09-27T22:24:48-03:00
271b8140-24fa-4926-81a7-01f041000520,2026-09-27T22:31:21-03:00
f9b8da5f-5ff6-4ae2-a6a4-c78900b6ba1b,2026-09-27T23:25:04-03:00
e0131205-9109-4780-afc3-f0aec0b43432,2026-09-27T23:39:10-03:00
7b4f8c5b-7741-460d-9321-be16495e8fd9,2026-09-27T23:50:08-03:00
271b8140-24fa-4926-81a7-01f041000520,2026-09-27T23:50:54-03:00
55010fbd-a4a3-4dd6-83b4-9e43de35bf83,2026-09-27T23:59:43-03:00
53b128e5-4019-4949-bd7b-e94a23e14fe3,2026-09-28T06:01:06-03:00
dc261513-fa73-40cd-bef0-3aaa2663c23d,2026-09-28T06:16:01-03:00
0a1bf5c0-04bf-4fb4-8261-ecdbc80298a8,2026-09-28T06:20:50-03:00
4a78ff1b-a832-4d8c-ad9d-f3a7fc3b78c9,2026-09-28T06:22:22-03:00
171346fe-55d9-4f3a-b276-65d8949cad2e,2026-09-28T06:38:40-03:00
001481aa-8661-4c80-a221-7d0c40fd0dea,2026-09-28T07:06:45-03:00
be314718-d6d3-410e-a74a-6aa76618456e,2026-09-28T07:19:40-03:00
441dfaac-432f-45d3-a6e5-cc0153e3446f,2026-09-28T07:22:21-03:00
f7b74bb2-3821-4209-9eac-cacf1d407f69,2026-09-28T07:32:19-03:00
1b9fe081-7fc4-4cfe-a13e-a6d86ea76128,2026-09-28T07:33:52-03:00
ba6c08b6-b16a-41e1-a462-9d5c621b71a7,2026-09-28T07:38:51-03:00
17be997b-ea98-4cd4-9c5e-452c7cf50b24,2026-09-28T07:44:59-03:00
bfe9472b-9197-4fa9-b4ed-8249cfaaa5d3,2026-09-28T07:50:42-03:00
b7c2c8d3-2026-49c9-9955-1946d4749338,2026-09-28T07:53:44-03:00
246e9c60-87ce-4e05-91ea-50ec6b353fe0,2026-09-28T07:55:08-03:00
3ff03678-ef66-40b7-817f-75ddf5870243,2026-09-28T07:55:57-03:00
5838ef61-70f6-429f-8d61-3b88fa5908e9,2026-09-28T07:58:00-03:00
5785a9d6-6ebe-4fde-b637-7575849d5fb5,2026-09-28T08:00:42-03:00
468123e3-2f79-46a1-8cf6-640ccd9ce86f,2026-09-28T08:01:02-03:00
5a6329da-c0e5-4791-ac77-7503d82554ea,2026-09-28T08:09:43-03:00
62fa174e-75a1-44a6-bc9c-3a9184ea89be,2026-09-28T08:11:11-03:00
a086891f-d6ab-4709-a303-75ef4c56512f,2026-09-28T08:17:38-03:00
0a1bf5c0-04bf-4fb4-8261-ecdbc80298a8,2026-09-28T08:26:11-03:00
1abbb612-9208-427e-bfae-1eccac4cfb35,2026-09-28T08:51:20-03:00
03168ade-ba1c-4132-b42b-e569bfb85731,2026-09-28T08:54:54-03:00
03d5ef29-f6c8-4578-be17-45f8339c7484,2026-09-28T08:55:34-03:00
ffab5aab-8c70-4b8a-8783-354343c5eedd,2026-09-28T09:07:13-03:00
2c1e161b-21e5-4636-a892-45aad5e96abd,2026-09-28T09:08:48-03:00
fcf632f0-dab7-45ac-9220-74d216a8390d,2026-09-28T09:09:38-03:00
1b9fe081-7fc4-4cfe-a13e-a6d86ea76128,2026-09-28T09:20:06-03:00
b61e4aa6-ca79-4db0-bad5-d6fb1aa9ef99,2026-09-28T09:20:20-03:00
32334982-e3ef-45b6-bb72-772bb7e6b0e2,2026-09-28T09:20:52-03:00
693486f5-1cb4-46ab-bd7c-85ca30bd1527,2026-09-28T09:21:39-03:00
bfe9472b-9197-4fa9-b4ed-8249cfaaa5d3,2026-09-28T09:28:51-03:00
4537575d-3e72-4359-aa46-c26b20a32b08,2026-09-28T09:40:51-03:00
f55c6041-eacc-4cd1-8174-59e85d80f38c,2026-09-28T09:44:05-03:00
63a89c7c-a0db-4857-8a99-ca4e20f15502,2026-09-28T09:53:30-03:00
054c4279-41b7-426d-b378-901962e80587,2026-09-28T09:54:36-03:00
ab1a4c26-8dd9-4508-805b-030c7630e2f2,2026-09-28T10:31:04-03:00
86b79e85-dad9-4895-87d9-df9eafa9ab32,2026-09-28T10:54:14-03:00
e8de25ab-e07d-49fe-b6ff-055c75945578,2026-09-28T11:01:10-03:00
c2177ed1-7491-40ea-9e75-88882e612998,2026-09-28T11:03:41-03:00
89934fab-906f-4bf0-ba46-c9292c0f7870,2026-09-28T11:06:31-03:00
2e5befb3-57ff-4a4d-8019-5856f458e73e,2026-09-28T11:18:04-03:00
441dfaac-432f-45d3-a6e5-cc0153e3446f,2026-09-28T11:24:11-03:00
95d9fd79-c27b-4406-87b6-ff3292e75385,2026-09-28T11:52:59-03:00
13545da6-1c3e-4046-bbde-415993987c8f,2026-09-28T11:54:05-03:00
7f9ba79f-545c-4529-a340-cd6449271b7a,2026-09-28T12:01:36-03:00
3743a7f0-afdd-4331-ba16-86ca4be7fdce,2026-09-28T12:13:05-03:00
b7c259ff-57be-4f82-b403-07a28d29aa68,2026-09-28T12:20:37-03:00
86c56b5e-359a-4221-b7d0-3162eeae05bc,2026-09-28T12:29:33-03:00
123f2d21-7fb8-4195-8256-ac26714a80d4,2026-09-28T12:39:24-03:00
53b128e5-4019-4949-bd7b-e94a23e14fe3,2026-09-28T12:39:25-03:00
77f30d59-50e4-4c67-bd26-b1e484e261fc,2026-09-28T12:40:59-03:00
488bfe58-d992-478c-981c-9f5b02344873,2026-09-28T12:50:13-03:00
2c1e161b-21e5-4636-a892-45aad5e96abd,2026-09-28T12:59:15-03:00
d1ac406d-fe9a-44bf-b21c-9d33258e5559,2026-09-28T13:14:25-03:00
8456daf7-dd51-4b97-86e3-e427d5f57842,2026-09-28T13:15:39-03:00
a5200934-c28b-4403-a587-99c447caf120,2026-09-28T13:23:37-03:00
f5e66b66-35cc-4417-b3ee-67da8b72762c,2026-09-28T13:24:00-03:00
e6fc0f49-0390-4c91-bb1d-b27b75b1e9a2,2026-09-28T13:27:57-03:00
0571a628-58b5-4e94-a85c-76b4d1be06f2,2026-09-28T13:28:18-03:00
47cf2dc7-e7f7-4797-89f0-789c17cc0a00,2026-09-28T13:33:21-03:00
5596c686-cbf1-4819-a517-5095b5c57595,2026-09-28T13:43:38-03:00
951fb82b-4dcd-456a-bdec-c24c6f416dae,2026-09-28T13:48:53-03:00
2198e7b7-1971-466d-8051-1f36e7a71b9a,2026-09-28T13:59:06-03:00
133e6f3e-a4eb-4f09-b051-1afb687dad4f,2026-09-28T14:04:59-03:00
edba9f48-1982-44e0-8600-1f83e681059b,2026-09-28T14:35:11-03:00
0327acf1-2fee-47d2-beec-c9acf777b543,2026-09-28T14:49:27-03:00
ee713c93-fdc1-448c-86a9-d2f6af327b49,2026-09-28T15:02:52-03:00
401a0b87-0156-48ce-8883-75abe3c366dc,2026-09-28T15:20:52-03:00
546ea297-df74-4181-a16e-8a600feea3a7,2026-09-28T15:44:02-03:00
5813cde1-bd61-49e5-b71c-a1f121e9e1a8,2026-09-28T15:45:05-03:00
e6fc0f49-0390-4c91-bb1d-b27b75b1e9a2,2026-09-28T15:55:51-03:00
674bbcbe-427e-4d47-998b-dfbfaae16381,2026-09-28T16:10:08-03:00
5634f9b6-edd0-4bfa-b48a-d2a2c1bf94e8,2026-09-28T16:57:48-03:00
277cc565-3546-4009-accd-9cabfc7aea6a,2026-09-28T17:09:37-03:00
0b1b643e-405f-44a1-a5c5-cbcae283d573,2026-09-28T17:09:55-03:00
37b64a8a-328e-495c-9352-bd05647edff8,2026-09-28T17:23:42-03:00
a45528e3-636e-493d-a38c-52bf86c091dc,2026-09-28T17:55:30-03:00
4efa166e-94e8-484e-9ee8-66403a183164,2026-09-28T18:00:39-03:00
39f3c09b-0777-46ae-b8b0-f11398450952,2026-09-28T18:04:12-03:00
63a89c7c-a0db-4857-8a99-ca4e20f15502,2026-09-28T18:07:25-03:00
3ff03678-ef66-40b7-817f-75ddf5870243,2026-09-28T18:12:40-03:00
2c8a5011-91eb-477f-a4c9-bb9e5a91e4be,2026-09-28T18:21:41-03:00
accafbaa-5620-4769-b485-5e58e6a5411c,2026-09-28T18:27:32-03:00
731627ce-4776-48b4-85b5-db648ce7eb05,2026-09-28T18:31:56-03:00
17dcbd2a-71bc-4148-8df3-e3e760e88671,2026-09-28T18:39:33-03:00
1dec0dd5-4ae7-4baa-8eaa-161a30963e91,2026-09-28T18:44:42-03:00
b584720a-c001-408e-9f81-ad6d9cfc73ff,2026-09-28T18:45:49-03:00
a81a5af9-195e-4e1a-a42d-4df574b9d5c9,2026-09-28T18:48:39-03:00
c2177ed1-7491-40ea-9e75-88882e612998,2026-09-28T19:07:41-03:00
f16dc111-041c-4d2b-89f5-59312798b9a8,2026-09-28T19:09:31-03:00
85a4ba4f-c929-4499-9241-55b327e471d6,2026-09-28T19:09:46-03:00
accafbaa-5620-4769-b485-5e58e6a5411c,2026-09-28T19:13:08-03:00
39f3c09b-0777-46ae-b8b0-f11398450952,2026-09-28T19:14:21-03:00
0e024f1a-0baa-46b7-a967-131e89cf7671,2026-09-28T19:15:59-03:00
987a1c42-fa45-4b9a-8188-4b006df76679,2026-09-28T19:20:01-03:00
674bbcbe-427e-4d47-998b-dfbfaae16381,2026-09-28T19:20:37-03:00
17be997b-ea98-4cd4-9c5e-452c7cf50b24,2026-09-28T19:22:43-03:00
a086891f-d6ab-4709-a303-75ef4c56512f,2026-09-28T19:38:08-03:00
366eaccb-6abd-42f7-bce5-d0238495366a,2026-09-28T19:43:16-03:00
adc731c9-d533-439b-8076-31e78726feaa,2026-09-28T19:45:00-03:00
b0e34b4a-2a60-4833-a81d-5c9168ee33c7,2026-09-28T19:47:04-03:00
693486f5-1cb4-46ab-bd7c-85ca30bd1527,2026-09-28T19:50:01-03:00
b9ac272c-142f-4eaa-b923-c53f04496401,2026-09-28T19:51:26-03:00
9568d269-8025-4cde-8a48-d43ab5b993db,2026-09-28T19:55:52-03:00
edba9f48-1982-44e0-8600-1f83e681059b,2026-09-28T20:00:20-03:00
58e9b50a-0816-4b05-a715-b8f069b2ed05,2026-09-28T20:01:27-03:00
fb08f3b4-43f4-4590-946a-30fbd8094881,2026-09-28T20:07:30-03:00
feef3fb2-b26c-4f5e-8ac4-517bb7bd0b1a,2026-09-28T20:09:28-03:00
824a7c61-0bbb-46e3-87bf-4b48cc63793e,2026-09-28T20:11:39-03:00
0e024f1a-0baa-46b7-a967-131e89cf7671,2026-09-28T20:14:28-03:00
c70b5cdc-1393-412b-beb0-0f3b3afaee04,2026-09-28T20:21:39-03:00
400ffd1f-2a42-46c1-a7c9-623c3ca07a97,2026-09-28T20:22:34-03:00
df13cbb0-d954-4cf6-8987-7b0389cf03ae,2026-09-28T20:22:44-03:00
eb4d77a1-9e23-4480-a0ab-8ea0b91d8bb6,2026-09-28T20:36:05-03:00
ad653810-09ec-4061-beb5-04c4aa9175ee,2026-09-28T20:43:34-03:00
b51c10a8-7f7c-4e7b-ade2-20756dcc0ce7,2026-09-28T20:46:11-03:00
b9ac272c-142f-4eaa-b923-c53f04496401,2026-09-28T20:49:30-03:00
d7b7257f-01d2-40ce-b7fa-46a6a77fc5f9,2026-09-28T20:56:19-03:00
cea1dcae-2604-4ce7-9ff2-12f15a88dc15,2026-09-28T21:00:46-03:00
b7afc9b2-5996-4ac8-a68c-ba607ec588f2,2026-09-28T21:04:22-03:00
123f2d21-7fb8-4195-8256-ac26714a80d4,2026-09-28T21:08:30-03:00
afd25cdc-8200-4c75-a7b3-d828005d8b2f,2026-09-28T21:10:32-03:00
04a7823c-75fa-4198-bd66-879a5d2019de,2026-09-28T21:17:12-03:00
a2a0a709-5728-459e-9a0f-8bb0b17afa93,2026-09-28T21:38:22-03:00
3743a7f0-afdd-4331-ba16-86ca4be7fdce,2026-09-28T21:48:13-03:00
4d35528d-76d0-4d5c-a2ce-52cb6cf5eb97,2026-09-28T23:18:41-03:00
04a7823c-75fa-4198-bd66-879a5d2019de,2026-09-28T23:22:10-03:00
68b5711a-cdd4-42df-b956-2992d25a04ef,2026-09-29T06:02:31-03:00
776b9bf6-d3ae-47bd-930b-c08ed0adb214,2026-09-29T06:19:15-03:00
360dbb7d-938f-4118-8f15-d8497b7041e1,2026-09-29T06:35:17-03:00
097341c9-1abe-4cbe-9633-f4240c77ab57,2026-09-29T06:39:23-03:00
df13cbb0-d954-4cf6-8987-7b0389cf03ae,2026-09-29T06:43:13-03:00
2c8a5011-91eb-477f-a4c9-bb9e5a91e4be,2026-09-29T07:05:07-03:00
94572e5a-a884-43b4-b0c0-3dd41add70ed,2026-09-29T07:24:39-03:00
64059a86-34a3-4500-bdc8-4b605287cbf2,2026-09-29T07:34:58-03:00
b60bbd7d-8c43-4dee-bef9-136f66093c73,2026-09-29T07:41:34-03:00
03d5ef29-f6c8-4578-be17-45f8339c7484,2026-09-29T07:52:59-03:00
9e1b83df-d501-4286-832d-0ce1c4c98c8a,2026-09-29T08:05:50-03:00
1d189842-d9c9-4c9d-8f49-c15c3b86a93d,2026-09-29T08:06:06-03:00
1dec0dd5-4ae7-4baa-8eaa-161a30963e91,2026-09-29T08:06:20-03:00
63a65720-bb80-475d-b2da-94c4c313c0b5,2026-09-29T08:07:11-03:00
ad0ea115-7763-4bc1-9062-73bb3732ddfb,2026-09-29T08:07:24-03:00
03168ade-ba1c-4132-b42b-e569bfb85731,2026-09-29T08:10:04-03:00
4e6d95b1-b84c-47ea-8882-55bbdfbb7a52,2026-09-29T08:14:03-03:00
3611cae6-a562-4c6a-bbaa-e9befdee4569,2026-09-29T08:14:43-03:00
b6a33dd7-5a14-4a50-b2f2-1ed5ff13aa3d,2026-09-29T08:15:42-03:00
0a1bf5c0-04bf-4fb4-8261-ecdbc80298a8,2026-09-29T08:15:44-03:00
3611cae6-a562-4c6a-bbaa-e9befdee4569,2026-09-29T08:16:00-03:00
6a12ff42-a5a7-4e83-9cde-15d2eee4193c,2026-09-29T08:16:56-03:00
9d100814-9d3a-42b6-917f-174fff97d163,2026-09-29T08:16:59-03:00
d7b7257f-01d2-40ce-b7fa-46a6a77fc5f9,2026-09-29T08:23:33-03:00
26c6e325-a8d1-4419-b0b1-3e12ec8058a4,2026-09-29T08:38:57-03:00
b0e7b496-70aa-4fe2-895a-80da553af44c,2026-09-29T08:43:32-03:00
fd04633f-6587-4b3a-b5ba-6bd78bc0b085,2026-09-29T08:50:38-03:00
0a1bf5c0-04bf-4fb4-8261-ecdbc80298a8,2026-09-29T08:56:02-03:00
9e1b83df-d501-4286-832d-0ce1c4c98c8a,2026-09-29T09:11:30-03:00
faaaf95c-b4d5-4c31-a41c-7f2aad53a4a5,2026-09-29T09:21:23-03:00
cddb0c66-a759-4cf8-bec0-0d405bf1ab4b,2026-09-29T09:23:39-03:00
ef712854-26c6-429a-8ef3-f5208ae84b2e,2026-09-29T09:35:11-03:00
d190f6d4-137f-4787-a68f-37428a06c1d8,2026-09-29T09:55:05-03:00
b2636efe-226e-4192-aa05-0831db671fb0,2026-09-29T09:55:39-03:00
b0e7b496-70aa-4fe2-895a-80da553af44c,2026-09-29T10:19:12-03:00
01003cbb-a807-4d23-93ba-18b8c9ff2125,2026-09-29T10:23:13-03:00
86c56b5e-359a-4221-b7d0-3162eeae05bc,2026-09-29T10:26:05-03:00
277cc565-3546-4009-accd-9cabfc7aea6a,2026-09-29T10:26:33-03:00
987a1c42-fa45-4b9a-8188-4b006df76679,2026-09-29T10:32:06-03:00
9b777407-b410-4ba3-8325-31caa437157d,2026-09-29T10:41:37-03:00
62b64148-c6cf-4c07-b3e3-ab3e6bdfd457,2026-09-29T11:00:44-03:00
e9b4f4f6-8dbc-4f90-ba08-645b17fea11a,2026-09-29T11:02:49-03:00
1b9fe081-7fc4-4cfe-a13e-a6d86ea76128,2026-09-29T11:09:47-03:00
36ebd5c3-5bd1-4830-a1be-19f63f4191af,2026-09-29T11:17:50-03:00
c5a6684a-0092-4497-b63e-0e80f3d2fc73,2026-09-29T11:28:29-03:00
9d100814-9d3a-42b6-917f-174fff97d163,2026-09-29T11:33:20-03:00
a6348d1a-9cf7-400c-ade5-a6acd24f916b,2026-09-29T11:33:58-03:00
133e6f3e-a4eb-4f09-b051-1afb687dad4f,2026-09-29T11:58:59-03:00
0fc7e4a3-b941-4c46-88f0-13dfe6e0bd02,2026-09-29T12:01:47-03:00
feef3fb2-b26c-4f5e-8ac4-517bb7bd0b1a,2026-09-29T12:03:07-03:00
954a9718-c280-479c-bbb0-784a272b1d0f,2026-09-29T12:18:16-03:00
8cf21f89-bc20-46e7-800c-2548028dc9eb,2026-09-29T12:29:23-03:00
468123e3-2f79-46a1-8cf6-640ccd9ce86f,2026-09-29T13:03:32-03:00
feef3fb2-b26c-4f5e-8ac4-517bb7bd0b1a,2026-09-29T13:04:26-03:00
a81a5af9-195e-4e1a-a42d-4df574b9d5c9,2026-09-29T13:16:03-03:00
59a45fb1-e020-4768-96a5-e70ba44c522d,2026-09-29T13:17:09-03:00
c8995bc6-1b20-42e7-a5eb-9d16482081bf,2026-09-29T13:23:01-03:00
b60bbd7d-8c43-4dee-bef9-136f66093c73,2026-09-29T13:46:38-03:00
15045214-2247-4403-b0bf-4f1a9c293447,2026-09-29T14:08:38-03:00
238d2d7d-d3ac-4a96-918a-d89eab374cb3,2026-09-29T14:17:24-03:00
7a2058c8-a9ea-42d5-94f4-bf3cdbe66c12,2026-09-29T15:00:44-03:00
ffca5939-33a1-47bd-853d-bd6457c05e0b,2026-09-29T15:01:08-03:00
9718b411-0759-4cc4-a90f-4de4e78c4690,2026-09-29T15:10:49-03:00
693486f5-1cb4-46ab-bd7c-85ca30bd1527,2026-09-29T15:11:51-03:00
781bd085-6db1-4e44-b63e-99c00cf630a2,2026-09-29T15:18:35-03:00
66ef1093-5907-4924-ab21-56e5b7e22cb1,2026-09-29T15:34:13-03:00
2c547b7c-7de5-429d-9f58-156dd1928fca,2026-09-29T16:25:03-03:00
546ea297-df74-4181-a16e-8a600feea3a7,2026-09-29T16:50:17-03:00
e8461fd8-c033-47a2-a2b9-63ec8d6e4271,2026-09-29T16:57:02-03:00
af1c0d20-dffc-477a-87ac-045e7e90165a,2026-09-29T17:15:18-03:00
001481aa-8661-4c80-a221-7d0c40fd0dea,2026-09-29T17:16:13-03:00
4537575d-3e72-4359-aa46-c26b20a32b08,2026-09-29T17:19:50-03:00
6e8d79f1-3124-4837-9efb-8cb717a160e7,2026-09-29T17:22:47-03:00
546ea297-df74-4181-a16e-8a600feea3a7,2026-09-29T17:42:08-03:00
91c26aed-c3b4-4d82-ad2f-04dac1fc8d94,2026-09-29T18:00:14-03:00
3743a7f0-afdd-4331-ba16-86ca4be7fdce,2026-09-29T18:07:12-03:00
98563d50-f008-467b-94a8-c9ff338f0695,2026-09-29T18:10:52-03:00
8e81c4a0-72a2-422a-8340-4766e58b612c,2026-09-29T18:12:49-03:00
25b0935a-b37b-4003-9fc9-8e197f351e42,2026-09-29T18:15:57-03:00
39e94b00-5bbc-4273-95b4-359068772dbf,2026-09-29T18:18:06-03:00
03168ade-ba1c-4132-b42b-e569bfb85731,2026-09-29T18:19:29-03:00
954a9718-c280-479c-bbb0-784a272b1d0f,2026-09-29T18:20:47-03:00
fcf632f0-dab7-45ac-9220-74d216a8390d,2026-09-29T18:26:43-03:00
e169f77f-4018-4d94-8684-72cf414ea2a4,2026-09-29T18:49:10-03:00
e88174ed-c99e-46c1-bb9a-b9382febd3b0,2026-09-29T18:54:07-03:00
58e9b50a-0816-4b05-a715-b8f069b2ed05,2026-09-29T18:55:40-03:00
2c8a5011-91eb-477f-a4c9-bb9e5a91e4be,2026-09-29T19:03:33-03:00
2e5befb3-57ff-4a4d-8019-5856f458e73e,2026-09-29T19:03:40-03:00
04a7823c-75fa-4198-bd66-879a5d2019de,2026-09-29T19:04:19-03:00
3ff03678-ef66-40b7-817f-75ddf5870243,2026-09-29T19:10:54-03:00
f7b74bb2-3821-4209-9eac-cacf1d407f69,2026-09-29T19:15:22-03:00
2b0a3003-67f1-4e44-9723-212e69760007,2026-09-29T19:18:54-03:00
ffab5aab-8c70-4b8a-8783-354343c5eedd,2026-09-29T19:22:52-03:00
68b5711a-cdd4-42df-b956-2992d25a04ef,2026-09-29T19:29:46-03:00
a2ba3863-a98c-4cad-a126-e80e8c7cde7a,2026-09-29T19:33:51-03:00
9568d269-8025-4cde-8a48-d43ab5b993db,2026-09-29T19:35:25-03:00
2e5befb3-57ff-4a4d-8019-5856f458e73e,2026-09-29T19:37:29-03:00
758bfed6-18db-4238-8c97-ae19f442c70e,2026-09-29T19:44:20-03:00
91c26aed-c3b4-4d82-ad2f-04dac1fc8d94,2026-09-29T19:45:14-03:00
951fb82b-4dcd-456a-bdec-c24c6f416dae,2026-09-29T19:48:42-03:00
c58f53fe-c900-41d1-848b-d586fb2d953b,2026-09-29T19:49:08-03:00
8e4207fd-a513-4999-b9f5-267b7662f66d,2026-09-29T20:02:24-03:00
66ef1093-5907-4924-ab21-56e5b7e22cb1,2026-09-29T20:05:44-03:00
133e6f3e-a4eb-4f09-b051-1afb687dad4f,2026-09-29T20:07:27-03:00
cc5aff6d-c56e-44ff-877c-54bba590fb55,2026-09-29T20:10:25-03:00
a81a5af9-195e-4e1a-a42d-4df574b9d5c9,2026-09-29T20:18:50-03:00
bb07a7d3-beaa-4c7a-ba58-1d0aea094568,2026-09-29T20:25:44-03:00
26c8f1ca-0803-412e-9cc5-e48cc6aaf831,2026-09-29T20:26:17-03:00
4ec0ffb3-a441-4db4-bc08-a66c1ee36107,2026-09-29T20:26:48-03:00
4f012abf-f086-4826-951c-7edb3b0a1502,2026-09-29T20:27:35-03:00
e0131205-9109-4780-afc3-f0aec0b43432,2026-09-29T20:37:26-03:00
ef712854-26c6-429a-8ef3-f5208ae84b2e,2026-09-29T20:39:00-03:00
4f012abf-f086-4826-951c-7edb3b0a1502,2026-09-29T20:43:39-03:00
b9ac272c-142f-4eaa-b923-c53f04496401,2026-09-29T20:54:23-03:00
a22e90de-9f69-465f-bc31-86af1edbc160,2026-09-29T21:02:24-03:00
642ea164-a302-402c-ae4d-4ec15f2cf519,2026-09-29T21:05:56-03:00
64059a86-34a3-4500-bdc8-4b605287cbf2,2026-09-29T21:10:07-03:00
a1d6eb71-05ac-4a10-a4e6-75f7a975d2b4,2026-09-29T21:12:09-03:00
123f2d21-7fb8-4195-8256-ac26714a80d4,2026-09-29T21:24:19-03:00
d1ac406d-fe9a-44bf-b21c-9d33258e5559,2026-09-29T21:27:51-03:00
04a7823c-75fa-4198-bd66-879a5d2019de,2026-09-29T21:31:29-03:00
406bfc66-2242-4acf-b578-3979c4072ea8,2026-09-29T21:31:57-03:00
37d86361-2ccf-43c9-94e2-574ffb8efe85,2026-09-29T21:37:05-03:00
53b128e5-4019-4949-bd7b-e94a23e14fe3,2026-09-29T21:37:39-03:00
400ffd1f-2a42-46c1-a7c9-623c3ca07a97,2026-09-29T21:40:31-03:00
58e9b50a-0816-4b05-a715-b8f069b2ed05,2026-09-29T21:48:44-03:00
c8995bc6-1b20-42e7-a5eb-9d16482081bf,2026-09-29T22:06:35-03:00
e4212795-fd8c-4c13-b34f-27d79de3d91e,2026-09-29T22:10:16-03:00
9258996d-ca0c-4158-b9c5-5166d54296f2,2026-09-29T22:14:15-03:00
b9a7b147-c815-4b76-a46a-a5f0d965ef5f,2026-09-29T22:28:43-03:00
3ff03678-ef66-40b7-817f-75ddf5870243,2026-09-29T22:31:54-03:00
e803e5c6-858d-45f5-b09b-7935ad19ee74,2026-09-29T22:33:30-03:00
238d2d7d-d3ac-4a96-918a-d89eab374cb3,2026-09-29T22:42:39-03:00
d89ac958-867e-41dc-b69a-086b6eabe468,2026-09-29T22:43:17-03:00
4537575d-3e72-4359-aa46-c26b20a32b08,2026-09-29T22:44:23-03:00
8721d034-e5a9-44e9-9e8c-0a536ae75e87,2026-09-29T22:48:23-03:00
4dfd42d4-1264-4b24-affd-7a251c499291,2026-09-29T23:03:25-03:00
9d71a8eb-0c4b-4edc-bf8a-6a0bbc1da7ab,2026-09-29T23:19:56-03:00
ef986927-1c28-4a03-9ec6-018cae673269,2026-09-29T23:27:33-03:00
ef986927-1c28-4a03-9ec6-018cae673269,2026-09-29T23:36:59-03:00
36ebd5c3-5bd1-4830-a1be-19f63f4191af,2026-09-30T06:08:27-03:00
af1c0d20-dffc-477a-87ac-045e7e90165a,2026-09-30T06:10:59-03:00
fc160c5b-5da4-4901-9d7c-9fd85712be19,2026-09-30T06:25:12-03:00
400ffd1f-2a42-46c1-a7c9-623c3ca07a97,2026-09-30T06:34:59-03:00
8e4207fd-a513-4999-b9f5-267b7662f66d,2026-09-30T06:54:11-03:00
0693552f-b051-41d2-a2d7-fbc9231a14de,2026-09-30T07:19:46-03:00
a1700d41-f3ff-4070-8788-40b072dcef2d,2026-09-30T07:23:04-03:00
300c0bb2-1f6c-4308-9e85-249d8a11a277,2026-09-30T07:23:34-03:00
2b0a3003-67f1-4e44-9723-212e69760007,2026-09-30T07:26:20-03:00
d4401fcc-49a1-4a4b-a721-75f5bddf5005,2026-09-30T07:34:26-03:00
5683d94c-8c3b-4609-b4e8-e11c81d4fead,2026-09-30T07:35:46-03:00
a34a6f47-3f1b-4fc7-8a9d-26ccb31c813f,2026-09-30T07:39:32-03:00
2256b9c7-d1db-4536-ad72-054afd567cb2,2026-09-30T07:49:33-03:00
89934fab-906f-4bf0-ba46-c9292c0f7870,2026-09-30T07:51:26-03:00
0693552f-b051-41d2-a2d7-fbc9231a14de,2026-09-30T08:01:22-03:00
47881c91-83a5-4062-adff-f9c9fd8273d7,2026-09-30T08:01:32-03:00
41b72cb2-d2ba-45ee-9509-91f1cfdef575,2026-09-30T08:05:30-03:00
fcf632f0-dab7-45ac-9220-74d216a8390d,2026-09-30T08:07:12-03:00
9568d269-8025-4cde-8a48-d43ab5b993db,2026-09-30T08:09:26-03:00
9483f44e-8fa7-4c8a-a52c-8ee9ea41b115,2026-09-30T08:29:49-03:00
0a1bf5c0-04bf-4fb4-8261-ecdbc80298a8,2026-09-30T08:31:06-03:00
a1700d41-f3ff-4070-8788-40b072dcef2d,2026-09-30T08:35:34-03:00
37b64a8a-328e-495c-9352-bd05647edff8,2026-09-30T08:37:01-03:00
d67f10a7-d5dc-4200-b405-8c369928f310,2026-09-30T08:40:46-03:00
b1ed24c0-4037-4922-b5bb-fd9bc6ec04c9,2026-09-30T08:41:56-03:00
3743a7f0-afdd-4331-ba16-86ca4be7fdce,2026-09-30T08:46:44-03:00
5838ef61-70f6-429f-8d61-3b88fa5908e9,2026-09-30T09:15:55-03:00
f16dc111-041c-4d2b-89f5-59312798b9a8,2026-09-30T09:32:23-03:00
56dce94c-861b-4176-a534-b7d9e60c06ad,2026-09-30T09:34:18-03:00
ba6c08b6-b16a-41e1-a462-9d5c621b71a7,2026-09-30T09:35:07-03:00
f8ce0f67-48c8-4ccf-b8b1-21159cb64d8f,2026-09-30T09:40:32-03:00
b7c2c8d3-2026-49c9-9955-1946d4749338,2026-09-30T09:40:33-03:00
cc5aff6d-c56e-44ff-877c-54bba590fb55,2026-09-30T09:50:39-03:00
3743a7f0-afdd-4331-ba16-86ca4be7fdce,2026-09-30T09:55:19-03:00
66ef1093-5907-4924-ab21-56e5b7e22cb1,2026-09-30T10:12:54-03:00
64c553e9-120c-4401-8a5f-29609abfbe42,2026-09-30T10:41:35-03:00
468123e3-2f79-46a1-8cf6-640ccd9ce86f,2026-09-30T10:46:06-03:00
531f8674-2534-4f20-beaa-aa4d9e202d2e,2026-09-30T11:12:33-03:00
1becd6ee-0076-4970-9c82-aa1ab4cb19f4,2026-09-30T11:13:23-03:00
66ef1093-5907-4924-ab21-56e5b7e22cb1,2026-09-30T11:40:47-03:00
1123a13c-393f-4d29-acd4-e86555870c25,2026-09-30T11:42:09-03:00
8e4e5496-10b9-40a0-935a-54aaf7300eb5,2026-09-30T11:45:13-03:00
03658df2-2721-4ff3-aa5e-8bf7925c8add,2026-09-30T12:02:56-03:00
693486f5-1cb4-46ab-bd7c-85ca30bd1527,2026-09-30T12:05:19-03:00
2c547b7c-7de5-429d-9f58-156dd1928fca,2026-09-30T12:06:37-03:00
546ea297-df74-4181-a16e-8a600feea3a7,2026-09-30T12:08:09-03:00
a5200934-c28b-4403-a587-99c447caf120,2026-09-30T12:15:51-03:00
94572e5a-a884-43b4-b0c0-3dd41add70ed,2026-09-30T12:24:36-03:00
d786bdde-e18b-46fc-9e05-201ebef1f85c,2026-09-30T12:39:13-03:00
3074b4d6-0aed-43e5-bd97-04f4487c4543,2026-09-30T12:42:26-03:00
3b70fae7-97ae-4e52-8a5a-c06921faaec1,2026-09-30T12:50:52-03:00
175cfd69-c02f-4d98-b426-9d7fa134f4a8,2026-09-30T13:20:51-03:00
66d29d95-befb-465d-9d24-d3ce94906672,2026-09-30T13:49:56-03:00
29ccf957-fead-4bef-972b-f83c26c51aa7,2026-09-30T14:14:19-03:00
b584720a-c001-408e-9f81-ad6d9cfc73ff,2026-09-30T14:22:53-03:00
2b0a3003-67f1-4e44-9723-212e69760007,2026-09-30T14:36:18-03:00
616ab48f-6427-43bf-80e8-38a99f165f50,2026-09-30T14:53:35-03:00
a2ba3863-a98c-4cad-a126-e80e8c7cde7a,2026-09-30T15:02:17-03:00
c58f53fe-c900-41d1-848b-d586fb2d953b,2026-09-30T15:03:34-03:00
e8461fd8-c033-47a2-a2b9-63ec8d6e4271,2026-09-30T15:10:05-03:00
1b652d83-ecc6-4c26-8662-f5e33caf7754,2026-09-30T15:12:17-03:00
c76e885b-ad04-403b-921d-bb338b80b059,2026-09-30T15:15:59-03:00
58e9b50a-0816-4b05-a715-b8f069b2ed05,2026-09-30T15:16:12-03:00
129337b7-3d85-477c-b37f-5c680be7a119,2026-09-30T15:26:18-03:00
dc261513-fa73-40cd-bef0-3aaa2663c23d,2026-09-30T15:41:42-03:00
0a1bf5c0-04bf-4fb4-8261-ecdbc80298a8,2026-09-30T15:48:02-03:00
1077323b-26ce-4732-a6f1-89225ece87fd,2026-09-30T15:50:59-03:00
36ebd5c3-5bd1-4830-a1be-19f63f4191af,2026-09-30T16:43:37-03:00
32334982-e3ef-45b6-bb72-772bb7e6b0e2,2026-09-30T17:06:05-03:00
ee713c93-fdc1-448c-86a9-d2f6af327b49,2026-09-30T17:25:07-03:00
03d5ef29-f6c8-4578-be17-45f8339c7484,2026-09-30T17:32:43-03:00
e88174ed-c99e-46c1-bb9a-b9382febd3b0,2026-09-30T17:44:46-03:00
3ac808ca-a57b-47d1-9826-72a6e9d84810,2026-09-30T17:45:19-03:00
4ec0ffb3-a441-4db4-bc08-a66c1ee36107,2026-09-30T17:46:47-03:00
e6fc0f49-0390-4c91-bb1d-b27b75b1e9a2,2026-09-30T17:59:03-03:00
6e8d79f1-3124-4837-9efb-8cb717a160e7,2026-09-30T18:06:17-03:00
4d6b7e01-be75-435f-9e33-807cb0803562,2026-09-30T18:14:53-03:00
03d5ef29-f6c8-4578-be17-45f8339c7484,2026-09-30T18:20:51-03:00
400ffd1f-2a42-46c1-a7c9-623c3ca07a97,2026-09-30T18:22:05-03:00
be314718-d6d3-410e-a74a-6aa76618456e,2026-09-30T18:26:51-03:00
2c8a5011-91eb-477f-a4c9-bb9e5a91e4be,2026-09-30T18:30:22-03:00
174e05d6-ed19-4459-a399-9612310d573b,2026-09-30T18:36:00-03:00
987a1c42-fa45-4b9a-8188-4b006df76679,2026-09-30T18:48:42-03:00
5a6329da-c0e5-4791-ac77-7503d82554ea,2026-09-30T19:00:25-03:00
a1c42ac3-c204-4a54-9d3a-25603a5c23b3,2026-09-30T19:05:30-03:00
cddb0c66-a759-4cf8-bec0-0d405bf1ab4b,2026-09-30T19:07:09-03:00
1123a13c-393f-4d29-acd4-e86555870c25,2026-09-30T19:09:34-03:00
ade8752e-b3cb-40d4-bc50-e976dd96a846,2026-09-30T19:14:30-03:00
1becd6ee-0076-4970-9c82-aa1ab4cb19f4,2026-09-30T19:14:55-03:00
616ab48f-6427-43bf-80e8-38a99f165f50,2026-09-30T19:22:20-03:00
cddb0c66-a759-4cf8-bec0-0d405bf1ab4b,2026-09-30T19:32:22-03:00
f1c70e3e-af93-4f25-9a6a-ec524d368fe0,2026-09-30T19:41:40-03:00
246e9c60-87ce-4e05-91ea-50ec6b353fe0,2026-09-30T19:41:51-03:00
050b3afe-ff51-47fa-83bd-6e6c004d8b32,2026-09-30T19:47:32-03:00
d19af899-bb0c-4ced-9909-1643d0cd7f7c,2026-09-30T19:47:35-03:00
7acb2378-11f0-49d6-a86a-31c088a5c1cd,2026-09-30T19:48:23-03:00
debb3c52-ad38-41dc-b901-ee2bf7e72005,2026-09-30T19:50:18-03:00
56dce94c-861b-4176-a534-b7d9e60c06ad,2026-09-30T20:03:14-03:00
31b7e580-7030-4bc6-8d59-8e23d5e9e8c0,2026-09-30T20:04:17-03:00
e8de25ab-e07d-49fe-b6ff-055c75945578,2026-09-30T20:12:21-03:00
050b3afe-ff51-47fa-83bd-6e6c004d8b32,2026-09-30T20:20:03-03:00
27976644-f012-41cf-8a58-e19007647ec3,2026-09-30T20:28:42-03:00
914ad948-05cc-48b2-af17-72a63ca5ba14,2026-09-30T20:30:04-03:00
bc49028d-2f3f-4f93-a6a7-80a0c556f5e1,2026-09-30T20:36:28-03:00
26d1fbd7-76dc-4672-9547-ab1a24edc02d,2026-09-30T20:38:02-03:00
123f2d21-7fb8-4195-8256-ac26714a80d4,2026-09-30T20:40:54-03:00
e169f77f-4018-4d94-8684-72cf414ea2a4,2026-09-30T20:46:25-03:00
03658df2-2721-4ff3-aa5e-8bf7925c8add,2026-09-30T20:46:48-03:00
04a7823c-75fa-4198-bd66-879a5d2019de,2026-09-30T20:48:35-03:00
7bd4e04f-d0a6-4128-9aff-7ed948770493,2026-09-30T20:54:04-03:00
f1f01bc0-6933-48fc-ac60-0091d2d69649,2026-09-30T20:55:19-03:00
f3689675-9c1e-40ec-857c-0898d5b47de8,2026-09-30T21:03:09-03:00
f9bc69f7-f81c-42ac-b8ab-0a3ebed8496a,2026-09-30T21:12:53-03:00
3817ecfa-cdbb-402b-bdf7-ab09674a7d6b,2026-09-30T21:15:04-03:00
987a1c42-fa45-4b9a-8188-4b006df76679,2026-09-30T21:19:06-03:00
9c4372c0-b901-4fe2-8d89-083d69e390af,2026-09-30T21:28:28-03:00
acbdd1bd-c4bd-42af-8f35-3f2afad152fd,2026-09-30T21:42:49-03:00
4a78ff1b-a832-4d8c-ad9d-f3a7fc3b78c9,2026-09-30T21:53:37-03:00
507bb5cb-6426-477c-accd-78625b80cd14,2026-09-30T22:15:21-03:00
123f2d21-7fb8-4195-8256-ac26714a80d4,2026-09-30T22:39:31-03:00
27976644-f012-41cf-8a58-e19007647ec3,2026-09-30T22:41:38-03:00
5838ef61-70f6-429f-8d61-3b88fa5908e9,2026-09-30T22:43:02-03:00
4859a2c2-e999-48f0-a9ba-7abacf84555b,2026-09-30T22:50:07-03:00
debb3c52-ad38-41dc-b901-ee2bf7e72005,2026-09-30T23:30:19-03:00
123f2d21-7fb8-4195-8256-ac26714a80d4,2026-10-01T06:18:34-03:00
0e7c8426-1733-453f-9577-2e986ab7cc5c,2026-10-01T06:32:52-03:00
e803e5c6-858d-45f5-b09b-7935ad19ee74,2026-10-01T06:34:23-03:00
03658df2-2721-4ff3-aa5e-8bf7925c8add,2026-10-01T06:50:18-03:00
973efb59-9ba1-4ce7-8eb2-f1bc18bfd6d9,2026-10-01T07:00:31-03:00
a2ba3863-a98c-4cad-a126-e80e8c7cde7a,2026-10-01T07:02:11-03:00
824a7c61-0bbb-46e3-87bf-4b48cc63793e,2026-10-01T07:02:29-03:00
97895d21-a8d3-4f7c-bdd2-63f108fc1a8d,2026-10-01T07:03:51-03:00
d4b54faa-6b11-4f11-8cb4-79a77902759a,2026-10-01T07:07:07-03:00
9718b411-0759-4cc4-a90f-4de4e78c4690,2026-10-01T07:21:39-03:00
de03cead-2add-44c5-bf56-cb1c3b4b483f,2026-10-01T07:21:42-03:00
1dfbf03b-7032-452c-a560-7d6790928670,2026-10-01T07:27:59-03:00
a5200934-c28b-4403-a587-99c447caf120,2026-10-01T07:29:44-03:00
81eb2192-b6f9-48f5-bc82-461677369b11,2026-10-01T07:32:44-03:00
7e2881f9-c700-491c-b935-76ce042b839b,2026-10-01T07:33:25-03:00
6f5d94b5-a9c3-403f-8d38-6bd62e7ec428,2026-10-01T07:43:56-03:00
2cc7ad16-39c0-4340-ac9b-d269bc12414d,2026-10-01T07:53:18-03:00
ee713c93-fdc1-448c-86a9-d2f6af327b49,2026-10-01T07:53:22-03:00
6c298438-c3f6-45f0-8712-d9fa3e5da5e9,2026-10-01T07:55:42-03:00
83734873-b407-416d-9043-cf1f03203e48,2026-10-01T07:59:34-03:00
cb5b4b20-c6a1-43b1-9c31-72bdde8dae6b,2026-10-01T08:05:42-03:00
2c8a5011-91eb-477f-a4c9-bb9e5a91e4be,2026-10-01T08:23:15-03:00
2cc7ad16-39c0-4340-ac9b-d269bc12414d,2026-10-01T08:50:58-03:00
12a24577-02b5-4443-ac17-334337f7692d,2026-10-01T08:55:00-03:00
0e7c8426-1733-453f-9577-2e986ab7cc5c,2026-10-01T08:55:18-03:00
fc160c5b-5da4-4901-9d7c-9fd85712be19,2026-10-01T09:07:52-03:00
3ff03678-ef66-40b7-817f-75ddf5870243,2026-10-01T09:13:14-03:00
a1700d41-f3ff-4070-8788-40b072dcef2d,2026-10-01T09:27:11-03:00
af7a70a9-3d3c-4023-b3e3-549673c64c85,2026-10-01T09:40:32-03:00
58e9b50a-0816-4b05-a715-b8f069b2ed05,2026-10-01T09:43:32-03:00
b7c259ff-57be-4f82-b403-07a28d29aa68,2026-10-01T09:44:11-03:00
27223943-84b0-42de-bc98-f22b31f5f3d0,2026-10-01T09:57:31-03:00
5e40a847-1cc2-469f-a387-571cabcdd708,2026-10-01T10:09:26-03:00
bfae6158-8749-4142-b18b-8e1db3e10de9,2026-10-01T10:24:09-03:00
63a65720-bb80-475d-b2da-94c4c313c0b5,2026-10-01T10:28:12-03:00
0ee09f1e-db7a-4711-858c-1db4308b8633,2026-10-01T10:41:23-03:00
64c553e9-120c-4401-8a5f-29609abfbe42,2026-10-01T10:41:53-03:00
12662e6b-2068-415f-966e-e3ada53c8185,2026-10-01T10:46:17-03:00
cddb0c66-a759-4cf8-bec0-0d405bf1ab4b,2026-10-01T11:10:00-03:00
2e5befb3-57ff-4a4d-8019-5856f458e73e,2026-10-01T11:32:31-03:00
3bd59652-4c13-4673-bf18-180626a28b54,2026-10-01T11:32:38-03:00
cbbcf8c0-c10e-4a2e-8f73-d45930317336,2026-10-01T12:04:34-03:00
64c553e9-120c-4401-8a5f-29609abfbe42,2026-10-01T12:08:01-03:00
472fb8aa-f47d-4cff-a822-4e67980f64cc,2026-10-01T12:37:52-03:00
4537575d-3e72-4359-aa46-c26b20a32b08,2026-10-01T12:38:09-03:00
2198e7b7-1971-466d-8051-1f36e7a71b9a,2026-10-01T12:38:25-03:00
dc261513-fa73-40cd-bef0-3aaa2663c23d,2026-10-01T12:54:50-03:00
701d5d6c-29a3-4f99-88ab-9ad29e236345,2026-10-01T13:03:27-03:00
fb08f3b4-43f4-4590-946a-30fbd8094881,2026-10-01T13:05:32-03:00
55010fbd-a4a3-4dd6-83b4-9e43de35bf83,2026-10-01T13:06:29-03:00
a2ea1fc7-6f8c-4640-85c0-ac9720b088c9,2026-10-01T13:16:53-03:00
2b94915d-2cb2-4b45-b41c-d092c50e8871,2026-10-01T13:26:39-03:00
0a1bf5c0-04bf-4fb4-8261-ecdbc80298a8,2026-10-01T13:38:28-03:00
488bfe58-d992-478c-981c-9f5b02344873,2026-10-01T13:41:16-03:00
b3010f1e-1097-4583-90c4-c22e1bbd666f,2026-10-01T14:03:09-03:00
e8461fd8-c033-47a2-a2b9-63ec8d6e4271,2026-10-01T14:20:00-03:00
f7b74bb2-3821-4209-9eac-cacf1d407f69,2026-10-01T14:32:33-03:00
0571a628-58b5-4e94-a85c-76b4d1be06f2,2026-10-01T14:33:42-03:00
32c63c00-6ce9-4f58-a11d-5c53d202fc94,2026-10-01T14:34:26-03:00
5743afa0-3d18-4002-8e5b-51d30468a9ed,2026-10-01T14:34:32-03:00
879d24a3-e7ff-403f-b26c-228c09d1004c,2026-10-01T14:48:48-03:00
be314718-d6d3-410e-a74a-6aa76618456e,2026-10-01T14:53:59-03:00
ffca5939-33a1-47bd-853d-bd6457c05e0b,2026-10-01T14:57:41-03:00
03658df2-2721-4ff3-aa5e-8bf7925c8add,2026-10-01T15:24:37-03:00
5e40a847-1cc2-469f-a387-571cabcdd708,2026-10-01T16:01:41-03:00
af1c0d20-dffc-477a-87ac-045e7e90165a,2026-10-01T16:14:08-03:00
b61e4aa6-ca79-4db0-bad5-d6fb1aa9ef99,2026-10-01T16:23:24-03:00
1dec0dd5-4ae7-4baa-8eaa-161a30963e91,2026-10-01T16:24:45-03:00
b51c10a8-7f7c-4e7b-ade2-20756dcc0ce7,2026-10-01T16:26:44-03:00
feef3fb2-b26c-4f5e-8ac4-517bb7bd0b1a,2026-10-01T16:30:55-03:00
fc4dec09-64fb-46e0-85ae-59c5db864719,2026-10-01T16:37:12-03:00
89bc8120-2e60-401c-b3cf-d9c3bf263bb3,2026-10-01T16:39:21-03:00
47881c91-83a5-4062-adff-f9c9fd8273d7,2026-10-01T16:44:03-03:00
fd04633f-6587-4b3a-b5ba-6bd78bc0b085,2026-10-01T16:44:40-03:00
d066278c-51f0-4f51-bec6-8b9c15ec35b6,2026-10-01T16:46:41-03:00
4e6d95b1-b84c-47ea-8882-55bbdfbb7a52,2026-10-01T16:48:43-03:00
f7b74bb2-3821-4209-9eac-cacf1d407f69,2026-10-01T17:01:54-03:00
feef3fb2-b26c-4f5e-8ac4-517bb7bd0b1a,2026-10-01T17:03:59-03:00
12662e6b-2068-415f-966e-e3ada53c8185,2026-10-01T17:10:09-03:00
4efa166e-94e8-484e-9ee8-66403a183164,2026-10-01T17:13:32-03:00
6f4ade15-5e94-4f9e-9a8a-0720d4bce02a,2026-10-01T17:26:30-03:00
9483f44e-8fa7-4c8a-a52c-8ee9ea41b115,2026-10-01T17:29:10-03:00
360dbb7d-938f-4118-8f15-d8497b7041e1,2026-10-01T17:30:56-03:00
a1700d41-f3ff-4070-8788-40b072dcef2d,2026-10-01T17:43:52-03:00
4efa166e-94e8-484e-9ee8-66403a183164,2026-10-01T17:49:08-03:00
4a78ff1b-a832-4d8c-ad9d-f3a7fc3b78c9,2026-10-01T17:57:16-03:00
81eb2192-b6f9-48f5-bc82-461677369b11,2026-10-01T17:57:58-03:00
c58f53fe-c900-41d1-848b-d586fb2d953b,2026-10-01T18:04:35-03:00
f16dc111-041c-4d2b-89f5-59312798b9a8,2026-10-01T18:07:38-03:00
cd25610d-4679-45a0-895b-933d66b183d1,2026-10-01T18:13:26-03:00
fc4dec09-64fb-46e0-85ae-59c5db864719,2026-10-01T18:17:10-03:00
f1f01bc0-6933-48fc-ac60-0091d2d69649,2026-10-01T18:35:25-03:00
9d71a8eb-0c4b-4edc-bf8a-6a0bbc1da7ab,2026-10-01T18:36:17-03:00
507bb5cb-6426-477c-accd-78625b80cd14,2026-10-01T18:44:47-03:00
f1f01bc0-6933-48fc-ac60-0091d2d69649,2026-10-01T18:47:15-03:00
914ad948-05cc-48b2-af17-72a63ca5ba14,2026-10-01T18:57:20-03:00
de03cead-2add-44c5-bf56-cb1c3b4b483f,2026-10-01T19:00:57-03:00
88373c7c-1d43-4882-bfc9-dde5b45f3d27,2026-10-01T19:05:13-03:00
246e9c60-87ce-4e05-91ea-50ec6b353fe0,2026-10-01T19:07:48-03:00
38f36f2d-de28-42c3-9c16-11b0984375cd,2026-10-01T19:09:32-03:00
763b165d-9848-4545-b83e-cb48d3de1d7e,2026-10-01T19:12:28-03:00
1dc273b4-d501-468d-b1c0-326efc9b870c,2026-10-01T19:12:31-03:00
341ada20-eb43-4767-aa77-60de86281677,2026-10-01T19:15:25-03:00
2c8a5011-91eb-477f-a4c9-bb9e5a91e4be,2026-10-01T19:20:48-03:00
b9ac272c-142f-4eaa-b923-c53f04496401,2026-10-01T19:24:31-03:00
a63b4b46-7ab4-4473-8f5e-3bb2af2412b4,2026-10-01T19:26:56-03:00
94572e5a-a884-43b4-b0c0-3dd41add70ed,2026-10-01T19:30:08-03:00
d066278c-51f0-4f51-bec6-8b9c15ec35b6,2026-10-01T19:41:22-03:00
701d5d6c-29a3-4f99-88ab-9ad29e236345,2026-10-01T19:49:24-03:00
d169743e-652c-4fa7-b85b-fc7bedc2de89,2026-10-01T19:51:09-03:00
e4b61e98-a580-43e7-bd42-77e61e7dee6c,2026-10-01T19:51:41-03:00
58e9b50a-0816-4b05-a715-b8f069b2ed05,2026-10-01T19:53:45-03:00
300c0bb2-1f6c-4308-9e85-249d8a11a277,2026-10-01T19:55:00-03:00
ce4dc588-6fac-49fa-87e1-3dae38e8eed5,2026-10-01T19:57:13-03:00
2b0a3003-67f1-4e44-9723-212e69760007,2026-10-01T19:59:43-03:00
db41dddf-e277-468c-98fc-679ec1f125e3,2026-10-01T20:00:24-03:00
9483f44e-8fa7-4c8a-a52c-8ee9ea41b115,2026-10-01T20:17:45-03:00
d19af899-bb0c-4ced-9909-1643d0cd7f7c,2026-10-01T20:23:00-03:00
d67f10a7-d5dc-4200-b405-8c369928f310,2026-10-01T20:30:19-03:00
e8de25ab-e07d-49fe-b6ff-055c75945578,2026-10-01T20:31:12-03:00
17f56689-36c5-4349-8c1f-604553aa5a36,2026-10-01T20:31:23-03:00
cbbcf8c0-c10e-4a2e-8f73-d45930317336,2026-10-01T20:40:03-03:00
c76e885b-ad04-403b-921d-bb338b80b059,2026-10-01T20:40:59-03:00
3f1f3e79-3f55-4556-8c87-4a881a908b1d,2026-10-01T20:45:31-03:00
83a5bb64-0113-4f1a-89de-2963095c9274,2026-10-01T20:52:12-03:00
79706896-2f27-4a11-9eaf-7f5d44abadd7,2026-10-01T20:53:00-03:00
0330d70a-73e0-4231-b014-0621fa94418b,2026-10-01T21:05:20-03:00
987a1c42-fa45-4b9a-8188-4b006df76679,2026-10-01T21:16:44-03:00
8e4e5496-10b9-40a0-935a-54aaf7300eb5,2026-10-01T21:21:32-03:00
2c547b7c-7de5-429d-9f58-156dd1928fca,2026-10-01T21:27:09-03:00
4790c878-eea4-4632-ab3c-25441b95d8b5,2026-10-01T21:48:43-03:00
68b5711a-cdd4-42df-b956-2992d25a04ef,2026-10-01T21:49:50-03:00
b60bbd7d-8c43-4dee-bef9-136f66093c73,2026-10-01T23:27:07-03:00
468123e3-2f79-46a1-8cf6-640ccd9ce86f,2026-10-01T23:59:28-03:00
3074b4d6-0aed-43e5-bd97-04f4487c4543,2026-10-02T06:13:54-03:00
cd25610d-4679-45a0-895b-933d66b183d1,2026-10-02T06:14:42-03:00
2394a17e-9092-4d66-a7cf-df4ebe59ba2b,2026-10-02T06:19:42-03:00
4537575d-3e72-4359-aa46-c26b20a32b08,2026-10-02T06:27:29-03:00
a31bbca7-89cd-4285-bab6-b1f500894995,2026-10-02T06:34:04-03:00
9c93bb17-f097-48b8-8b49-f27b419c4f21,2026-10-02T06:46:57-03:00
bfae6158-8749-4142-b18b-8e1db3e10de9,2026-10-02T06:55:48-03:00
df4cdecc-6886-4591-b44f-08df6bcb1b19,2026-10-02T07:03:03-03:00
c2177ed1-7491-40ea-9e75-88882e612998,2026-10-02T07:03:36-03:00
13545da6-1c3e-4046-bbde-415993987c8f,2026-10-02T07:11:31-03:00
fc4dec09-64fb-46e0-85ae-59c5db864719,2026-10-02T07:31:03-03:00
507bb5cb-6426-477c-accd-78625b80cd14,2026-10-02T07:37:31-03:00
2198e7b7-1971-466d-8051-1f36e7a71b9a,2026-10-02T07:40:29-03:00
697361f5-d6d0-4cf8-9f4b-caab60b56b0e,2026-10-02T07:42:02-03:00
366eaccb-6abd-42f7-bce5-d0238495366a,2026-10-02T07:48:46-03:00
65c43e3a-7de7-467f-80eb-f6da3ecaa17c,2026-10-02T07:53:00-03:00
1d418502-22a7-4b6e-9978-0fefc147e915,2026-10-02T07:53:08-03:00
6e8d79f1-3124-4837-9efb-8cb717a160e7,2026-10-02T08:09:40-03:00
25b0935a-b37b-4003-9fc9-8e197f351e42,2026-10-02T08:09:41-03:00
c9bc0a35-47cd-4533-85a2-f38050bf398c,2026-10-02T08:15:35-03:00
e9e55568-4c3b-497d-aa0c-d932c05e3d96,2026-10-02T08:15:46-03:00
6224c4f3-0406-47c6-9bf4-7661eba06211,2026-10-02T08:15:59-03:00
2c8a5011-91eb-477f-a4c9-bb9e5a91e4be,2026-10-02T08:18:59-03:00
fcf632f0-dab7-45ac-9220-74d216a8390d,2026-10-02T08:26:01-03:00
b584720a-c001-408e-9f81-ad6d9cfc73ff,2026-10-02T08:32:37-03:00
e5f8674b-1588-4fd7-9ef5-3fa2bb18ce8f,2026-10-02T08:33:39-03:00
6e8d79f1-3124-4837-9efb-8cb717a160e7,2026-10-02T08:34:37-03:00
7e2881f9-c700-491c-b935-76ce042b839b,2026-10-02T08:46:05-03:00
b60bbd7d-8c43-4dee-bef9-136f66093c73,2026-10-02T08:52:49-03:00
0b16a5a4-3fbb-4397-b27e-73a355aa24bf,2026-10-02T08:55:27-03:00
e803e5c6-858d-45f5-b09b-7935ad19ee74,2026-10-02T08:55:38-03:00
97dc6616-185f-41d9-8051-fc93f7a26837,2026-10-02T09:00:55-03:00
745c5ac7-3469-496f-b90c-a779ffd662ae,2026-10-02T09:00:55-03:00
2b0a3003-67f1-4e44-9723-212e69760007,2026-10-02T09:01:11-03:00
914ad948-05cc-48b2-af17-72a63ca5ba14,2026-10-02T09:01:53-03:00
bb5e0dbc-e2c0-40e8-82a5-da507ddf52a5,2026-10-02T09:03:39-03:00
8b31db54-1aa0-45f6-aca1-02b8f3a9ffd8,2026-10-02T09:08:00-03:00
b51c10a8-7f7c-4e7b-ade2-20756dcc0ce7,2026-10-02T09:08:45-03:00
4b5a1afe-37e0-4592-8de4-ba91b957d393,2026-10-02T09:13:05-03:00
5d1b11a1-4118-4e2c-8702-1d81810c3c60,2026-10-02T09:17:54-03:00
d254e996-2363-4025-9c3e-7cc48327196e,2026-10-02T09:22:02-03:00
26d1fbd7-76dc-4672-9547-ab1a24edc02d,2026-10-02T09:25:50-03:00
03658df2-2721-4ff3-aa5e-8bf7925c8add,2026-10-02T09:27:47-03:00
9c93bb17-f097-48b8-8b49-f27b419c4f21,2026-10-02T09:36:01-03:00
824a7c61-0bbb-46e3-87bf-4b48cc63793e,2026-10-02T09:39:27-03:00
19d6827a-6c3b-4e57-8236-bb763b328799,2026-10-02T09:49:27-03:00
58e9b50a-0816-4b05-a715-b8f069b2ed05,2026-10-02T09:52:24-03:00
e9e55568-4c3b-497d-aa0c-d932c05e3d96,2026-10-02T09:56:57-03:00
ab407e58-21d1-4bb5-8c03-324a03ab66ea,2026-10-02T10:06:02-03:00
4a78ff1b-a832-4d8c-ad9d-f3a7fc3b78c9,2026-10-02T10:08:40-03:00
2679a553-1548-4b4f-afc8-8c3217fc1954,2026-10-02T10:16:18-03:00
713a6f71-65b2-49f8-8851-982b335a76f3,2026-10-02T10:42:49-03:00
81f3f4f0-9ed1-4a15-bb1f-1a95178fc98d,2026-10-02T10:53:05-03:00
66ef1093-5907-4924-ab21-56e5b7e22cb1,2026-10-02T11:04:47-03:00
693486f5-1cb4-46ab-bd7c-85ca30bd1527,2026-10-02T11:06:18-03:00
e06e4bfa-990a-4455-9071-a255e525ddf2,2026-10-02T11:09:44-03:00
cbbcf8c0-c10e-4a2e-8f73-d45930317336,2026-10-02T11:20:02-03:00
0f9b8c97-4f53-4bbb-a24d-0a19f6a5f944,2026-10-02T11:22:53-03:00
9111d404-117b-426d-a495-6f0050544d56,2026-10-02T11:39:34-03:00
d7b7257f-01d2-40ce-b7fa-46a6a77fc5f9,2026-10-02T11:57:42-03:00
ba69d09d-a00d-47d9-94a2-ea24976346ab,2026-10-02T12:01:19-03:00
d4401fcc-49a1-4a4b-a721-75f5bddf5005,2026-10-02T12:01:23-03:00
2394a17e-9092-4d66-a7cf-df4ebe59ba2b,2026-10-02T12:10:22-03:00
95d9fd79-c27b-4406-87b6-ff3292e75385,2026-10-02T12:15:57-03:00
ef710db7-b23f-4f82-bc23-439496d7fbdf,2026-10-02T12:20:58-03:00
03658df2-2721-4ff3-aa5e-8bf7925c8add,2026-10-02T12:31:56-03:00
55010fbd-a4a3-4dd6-83b4-9e43de35bf83,2026-10-02T12:32:21-03:00
a086891f-d6ab-4709-a303-75ef4c56512f,2026-10-02T12:35:01-03:00
f205b5d9-5fb3-4774-b977-ba9802edbe7e,2026-10-02T12:36:33-03:00
677cb034-b991-4736-a616-c6f28dc205bf,2026-10-02T12:38:17-03:00
cdd5bcc0-c444-48cf-9585-27f11d972081,2026-10-02T12:39:14-03:00
3a6d3f6e-4428-4989-9a3f-a748fda41b68,2026-10-02T12:40:18-03:00
0963027b-315c-450e-8c3a-74550ffa10ef,2026-10-02T12:41:10-03:00
9e7efe95-51f6-487e-bb82-7e9777e80193,2026-10-02T12:44:58-03:00
ee713c93-fdc1-448c-86a9-d2f6af327b49,2026-10-02T12:46:59-03:00
f3689675-9c1e-40ec-857c-0898d5b47de8,2026-10-02T12:47:52-03:00
7bd4e04f-d0a6-4128-9aff-7ed948770493,2026-10-02T12:57:40-03:00
a5200934-c28b-4403-a587-99c447caf120,2026-10-02T13:01:25-03:00
9568d269-8025-4cde-8a48-d43ab5b993db,2026-10-02T13:02:02-03:00
779e231d-9f08-4138-9f7e-95d05b9f0a76,2026-10-02T13:07:15-03:00
4a78ff1b-a832-4d8c-ad9d-f3a7fc3b78c9,2026-10-02T13:34:26-03:00
7bd4e04f-d0a6-4128-9aff-7ed948770493,2026-10-02T13:40:06-03:00
2e5befb3-57ff-4a4d-8019-5856f458e73e,2026-10-02T13:43:08-03:00
0e7c8426-1733-453f-9577-2e986ab7cc5c,2026-10-02T13:46:02-03:00
6dcecd81-e8ee-421f-a34f-55a7e02dd82d,2026-10-02T13:47:18-03:00
63a65720-bb80-475d-b2da-94c4c313c0b5,2026-10-02T13:52:07-03:00
879d24a3-e7ff-403f-b26c-228c09d1004c,2026-10-02T13:52:43-03:00
d786bdde-e18b-46fc-9e05-201ebef1f85c,2026-10-02T13:53:11-03:00
3743a7f0-afdd-4331-ba16-86ca4be7fdce,2026-10-02T14:53:54-03:00
992af575-d08b-4da6-8f4f-52ce4a45a2ba,2026-10-02T15:32:53-03:00
f8dfda31-8afd-4e58-9469-b48ecf729077,2026-10-02T15:41:25-03:00
c9bc0a35-47cd-4533-85a2-f38050bf398c,2026-10-02T16:19:30-03:00
da2471af-9982-40ac-8abf-c75105eeb2c4,2026-10-02T16:30:20-03:00
9d71a8eb-0c4b-4edc-bf8a-6a0bbc1da7ab,2026-10-02T16:31:26-03:00
91c4252d-aea4-431a-8f29-902a5f443858,2026-10-02T16:39:40-03:00
b7c2c8d3-2026-49c9-9955-1946d4749338,2026-10-02T16:52:32-03:00
a45528e3-636e-493d-a38c-52bf86c091dc,2026-10-02T16:53:39-03:00
945d32af-2611-4fb8-b931-e83ec0454ad9,2026-10-02T16:59:10-03:00
123f2d21-7fb8-4195-8256-ac26714a80d4,2026-10-02T17:03:02-03:00
86b79e85-dad9-4895-87d9-df9eafa9ab32,2026-10-02T17:03:19-03:00
df4cdecc-6886-4591-b44f-08df6bcb1b19,2026-10-02T17:11:52-03:00
bc49028d-2f3f-4f93-a6a7-80a0c556f5e1,2026-10-02T17:18:20-03:00
2b0a3003-67f1-4e44-9723-212e69760007,2026-10-02T17:19:12-03:00
cddb0c66-a759-4cf8-bec0-0d405bf1ab4b,2026-10-02T17:21:17-03:00
12662e6b-2068-415f-966e-e3ada53c8185,2026-10-02T17:24:07-03:00
123f2d21-7fb8-4195-8256-ac26714a80d4,2026-10-02T17:32:44-03:00
641a7fb1-a059-4d50-a69d-c3cc16e8f3bf,2026-10-02T17:46:58-03:00
6224c4f3-0406-47c6-9bf4-7661eba06211,2026-10-02T17:51:56-03:00
945d32af-2611-4fb8-b931-e83ec0454ad9,2026-10-02T17:55:57-03:00
da2471af-9982-40ac-8abf-c75105eeb2c4,2026-10-02T18:02:15-03:00
a5fe6bae-d453-4af4-acce-26069f132960,2026-10-02T18:09:25-03:00
a22e90de-9f69-465f-bc31-86af1edbc160,2026-10-02T18:10:03-03:00
9d71a8eb-0c4b-4edc-bf8a-6a0bbc1da7ab,2026-10-02T18:12:44-03:00
9d100814-9d3a-42b6-917f-174fff97d163,2026-10-02T18:13:06-03:00
55010fbd-a4a3-4dd6-83b4-9e43de35bf83,2026-10-02T18:21:04-03:00
641a7fb1-a059-4d50-a69d-c3cc16e8f3bf,2026-10-02T18:23:35-03:00
17dcbd2a-71bc-4148-8df3-e3e760e88671,2026-10-02T18:32:31-03:00
95d9fd79-c27b-4406-87b6-ff3292e75385,2026-10-02T18:34:45-03:00
8e4e5496-10b9-40a0-935a-54aaf7300eb5,2026-10-02T18:35:50-03:00
a34a6f47-3f1b-4fc7-8a9d-26ccb31c813f,2026-10-02T18:39:23-03:00
f7b74bb2-3821-4209-9eac-cacf1d407f69,2026-10-02T18:47:26-03:00
050b3afe-ff51-47fa-83bd-6e6c004d8b32,2026-10-02T18:49:06-03:00
62b64148-c6cf-4c07-b3e3-ab3e6bdfd457,2026-10-02T19:01:08-03:00
b61e4aa6-ca79-4db0-bad5-d6fb1aa9ef99,2026-10-02T19:07:27-03:00
175cfd69-c02f-4d98-b426-9d7fa134f4a8,2026-10-02T19:08:37-03:00
488bfe58-d992-478c-981c-9f5b02344873,2026-10-02T19:25:39-03:00
b7b54d48-d7d7-492d-bf59-8902b0ba251e,2026-10-02T19:37:21-03:00
6f5d94b5-a9c3-403f-8d38-6bd62e7ec428,2026-10-02T19:40:49-03:00
a5cb5c3b-949e-485b-9799-2f56d096dbb6,2026-10-02T19:54:46-03:00
e88174ed-c99e-46c1-bb9a-b9382febd3b0,2026-10-02T19:55:00-03:00
6b82afa6-3d31-4620-93ba-15200f3cf1b1,2026-10-02T19:55:31-03:00
b7b54d48-d7d7-492d-bf59-8902b0ba251e,2026-10-02T19:58:31-03:00
12662e6b-2068-415f-966e-e3ada53c8185,2026-10-02T20:12:54-03:00
cd25610d-4679-45a0-895b-933d66b183d1,2026-10-02T20:21:32-03:00
bfae6158-8749-4142-b18b-8e1db3e10de9,2026-10-02T20:25:49-03:00
c4144ca9-cf42-4275-a93b-68d7789406e8,2026-10-02T20:27:32-03:00
e88174ed-c99e-46c1-bb9a-b9382febd3b0,2026-10-02T20:31:01-03:00
eb4d77a1-9e23-4480-a0ab-8ea0b91d8bb6,2026-10-02T20:44:23-03:00
fc160c5b-5da4-4901-9d7c-9fd85712be19,2026-10-02T20:46:16-03:00
62b64148-c6cf-4c07-b3e3-ab3e6bdfd457,2026-10-02T20:48:10-03:00
debb3c52-ad38-41dc-b901-ee2bf7e72005,2026-10-02T20:52:58-03:00
0a1bf5c0-04bf-4fb4-8261-ecdbc80298a8,2026-10-02T20:59:39-03:00
2198e7b7-1971-466d-8051-1f36e7a71b9a,2026-10-02T21:01:34-03:00
a1700d41-f3ff-4070-8788-40b072dcef2d,2026-10-02T21:12:22-03:00
731627ce-4776-48b4-85b5-db648ce7eb05,2026-10-02T21:12:54-03:00
3ddc7eeb-0f87-41fa-9849-5c63625f19b4,2026-10-02T21:22:26-03:00
0f9b8c97-4f53-4bbb-a24d-0a19f6a5f944,2026-10-02T21:29:22-03:00
4efa166e-94e8-484e-9ee8-66403a183164,2026-10-02T21:40:26-03:00
a2ba3863-a98c-4cad-a126-e80e8c7cde7a,2026-10-02T21:45:40-03:00
912d7559-e2c5-4f11-b828-c68dddf16b16,2026-10-02T21:47:55-03:00
341ada20-eb43-4767-aa77-60de86281677,2026-10-02T21:49:44-03:00
b215dedb-270b-4a72-973d-aa6cf9d6d9fe,2026-10-02T21:49:56-03:00
0a1bf5c0-04bf-4fb4-8261-ecdbc80298a8,2026-10-02T21:56:37-03:00
507bb5cb-6426-477c-accd-78625b80cd14,2026-10-02T21:57:05-03:00
dc261513-fa73-40cd-bef0-3aaa2663c23d,2026-10-02T21:59:45-03:00
04a7823c-75fa-4198-bd66-879a5d2019de,2026-10-02T22:05:20-03:00
5d1b11a1-4118-4e2c-8702-1d81810c3c60,2026-10-02T22:15:52-03:00
246e9c60-87ce-4e05-91ea-50ec6b353fe0,2026-10-02T22:36:03-03:00
65c43e3a-7de7-467f-80eb-f6da3ecaa17c,2026-10-02T22:42:57-03:00
a5200934-c28b-4403-a587-99c447caf120,2026-10-02T22:47:33-03:00
300c0bb2-1f6c-4308-9e85-249d8a11a277,2026-10-02T22:53:15-03:00
58e9b50a-0816-4b05-a715-b8f069b2ed05,2026-10-02T22:58:00-03:00
d254e996-2363-4025-9c3e-7cc48327196e,2026-10-02T22:58:39-03:00
ffca5939-33a1-47bd-853d-bd6457c05e0b,2026-10-02T23:19:16-03:00
a63b4b46-7ab4-4473-8f5e-3bb2af2412b4,2026-10-02T23:43:28-03:00
47881c91-83a5-4062-adff-f9c9fd8273d7,2026-10-02T23:58:12-03:00
5d1b11a1-4118-4e2c-8702-1d81810c3c60,2026-10-03T06:01:18-03:00
7f9ba79f-545c-4529-a340-cd6449271b7a,2026-10-03T06:07:48-03:00
616ab48f-6427-43bf-80e8-38a99f165f50,2026-10-03T06:09:52-03:00
b7c2c8d3-2026-49c9-9955-1946d4749338,2026-10-03T06:19:44-03:00
360dbb7d-938f-4118-8f15-d8497b7041e1,2026-10-03T06:31:41-03:00
4efa166e-94e8-484e-9ee8-66403a183164,2026-10-03T06:43:42-03:00
3a6d3f6e-4428-4989-9a3f-a748fda41b68,2026-10-03T07:00:47-03:00
4e6d95b1-b84c-47ea-8882-55bbdfbb7a52,2026-10-03T07:08:50-03:00
d254e996-2363-4025-9c3e-7cc48327196e,2026-10-03T07:17:07-03:00
9e7efe95-51f6-487e-bb82-7e9777e80193,2026-10-03T07:21:04-03:00
fb08f3b4-43f4-4590-946a-30fbd8094881,2026-10-03T07:22:19-03:00
dd31392f-7950-44a4-af42-c8a615706f7b,2026-10-03T07:22:31-03:00
59a45fb1-e020-4768-96a5-e70ba44c522d,2026-10-03T07:23:32-03:00
6eed1d6d-8a1b-4e89-8969-e546c8c50e9d,2026-10-03T07:25:03-03:00
2c547b7c-7de5-429d-9f58-156dd1928fca,2026-10-03T07:40:19-03:00
6b162e75-307a-4f96-97e6-5195fafff05d,2026-10-03T07:42:17-03:00
64c553e9-120c-4401-8a5f-29609abfbe42,2026-10-03T07:46:41-03:00
4f99b1bf-96e4-4511-b8b0-f28ee7d97fc4,2026-10-03T07:54:12-03:00
cc5aff6d-c56e-44ff-877c-54bba590fb55,2026-10-03T07:55:38-03:00
59a45fb1-e020-4768-96a5-e70ba44c522d,2026-10-03T08:03:16-03:00
fd04633f-6587-4b3a-b5ba-6bd78bc0b085,2026-10-03T08:04:15-03:00
d48a9613-c60d-421c-8e5d-5816c9f283bd,2026-10-03T08:05:06-03:00
4a2020ff-a5f3-4b24-b987-09c6fe7786d4,2026-10-03T08:07:03-03:00
b61e4aa6-ca79-4db0-bad5-d6fb1aa9ef99,2026-10-03T08:07:12-03:00
9d100814-9d3a-42b6-917f-174fff97d163,2026-10-03T08:08:00-03:00
eb4d77a1-9e23-4480-a0ab-8ea0b91d8bb6,2026-10-03T08:11:14-03:00
fd04633f-6587-4b3a-b5ba-6bd78bc0b085,2026-10-03T08:15:15-03:00
914ad948-05cc-48b2-af17-72a63ca5ba14,2026-10-03T08:19:02-03:00
4a78ff1b-a832-4d8c-ad9d-f3a7fc3b78c9,2026-10-03T08:19:30-03:00
a6348d1a-9cf7-400c-ade5-a6acd24f916b,2026-10-03T08:23:36-03:00
25580a3a-f097-45a2-8406-de31f44a22d4,2026-10-03T08:23:42-03:00
a45528e3-636e-493d-a38c-52bf86c091dc,2026-10-03T08:34:12-03:00
0c435edb-e146-42e3-a87a-b45f1b82e771,2026-10-03T08:34:56-03:00
ba69d09d-a00d-47d9-94a2-ea24976346ab,2026-10-03T08:36:13-03:00
3ac808ca-a57b-47d1-9826-72a6e9d84810,2026-10-03T08:39:34-03:00
3ac808ca-a57b-47d1-9826-72a6e9d84810,2026-10-03T08:43:01-03:00
64c553e9-120c-4401-8a5f-29609abfbe42,2026-10-03T08:43:50-03:00
123f2d21-7fb8-4195-8256-ac26714a80d4,2026-10-03T08:49:04-03:00
001481aa-8661-4c80-a221-7d0c40fd0dea,2026-10-03T08:52:00-03:00
3ee0951e-a424-4546-9803-47dbae958b8f,2026-10-03T09:02:35-03:00
300c0bb2-1f6c-4308-9e85-249d8a11a277,2026-10-03T09:09:59-03:00
3743a7f0-afdd-4331-ba16-86ca4be7fdce,2026-10-03T09:15:51-03:00
a31ed329-2aa6-424d-9c9b-7a85bcf6951c,2026-10-03T09:21:46-03:00
61af23c4-34f0-4c33-beb8-fb097aaf4c96,2026-10-03T09:28:25-03:00
c2c6c6da-ba55-4225-908a-b5248ca6c137,2026-10-03T09:29:28-03:00
dfb3d20a-d286-482b-ba01-09fe2cdc302f,2026-10-03T09:35:15-03:00
f3689675-9c1e-40ec-857c-0898d5b47de8,2026-10-03T09:39:02-03:00
824a7c61-0bbb-46e3-87bf-4b48cc63793e,2026-10-03T09:47:20-03:00
c2c6c6da-ba55-4225-908a-b5248ca6c137,2026-10-03T09:49:15-03:00
a086891f-d6ab-4709-a303-75ef4c56512f,2026-10-03T09:51:59-03:00
fcf632f0-dab7-45ac-9220-74d216a8390d,2026-10-03T09:54:53-03:00
55010fbd-a4a3-4dd6-83b4-9e43de35bf83,2026-10-03T10:06:00-03:00
776b9bf6-d3ae-47bd-930b-c08ed0adb214,2026-10-03T10:27:41-03:00
17f56689-36c5-4349-8c1f-604553aa5a36,2026-10-03T10:32:22-03:00
eb4d77a1-9e23-4480-a0ab-8ea0b91d8bb6,2026-10-03T10:44:19-03:00
23c605cb-2abf-4c39-af0b-4c67b18630ef,2026-10-03T10:47:56-03:00
8ea2d02d-3431-40f8-a08b-24373c80014d,2026-10-03T10:49:49-03:00
ee713c93-fdc1-448c-86a9-d2f6af327b49,2026-10-03T10:50:10-03:00
25b0935a-b37b-4003-9fc9-8e197f351e42,2026-10-03T11:14:22-03:00
2c8a5011-91eb-477f-a4c9-bb9e5a91e4be,2026-10-03T11:27:16-03:00
94572e5a-a884-43b4-b0c0-3dd41add70ed,2026-10-03T11:32:59-03:00
12662e6b-2068-415f-966e-e3ada53c8185,2026-10-03T11:37:20-03:00
171346fe-55d9-4f3a-b276-65d8949cad2e,2026-10-03T11:40:58-03:00
ed17ce1a-7b1e-41ef-9f17-0170cc804fca,2026-10-03T11:41:01-03:00
129337b7-3d85-477c-b37f-5c680be7a119,2026-10-03T11:49:35-03:00
1b51d7ab-22a5-4b0b-a446-dc469b3371c3,2026-10-03T11:58:31-03:00
f4e90515-e3d6-4ffe-8206-808ab1cb68c4,2026-10-03T12:00:10-03:00
25580a3a-f097-45a2-8406-de31f44a22d4,2026-10-03T12:02:36-03:00
400ffd1f-2a42-46c1-a7c9-623c3ca07a97,2026-10-03T12:03:23-03:00
f1f01bc0-6933-48fc-ac60-0091d2d69649,2026-10-03T12:05:20-03:00
246e9c60-87ce-4e05-91ea-50ec6b353fe0,2026-10-03T12:17:25-03:00
a45528e3-636e-493d-a38c-52bf86c091dc,2026-10-03T12:17:50-03:00
23c605cb-2abf-4c39-af0b-4c67b18630ef,2026-10-03T12:25:50-03:00
e4212795-fd8c-4c13-b34f-27d79de3d91e,2026-10-03T12:32:53-03:00
e06e4bfa-990a-4455-9071-a255e525ddf2,2026-10-03T12:33:47-03:00
62b64148-c6cf-4c07-b3e3-ab3e6bdfd457,2026-10-03T12:37:40-03:00
ba69d09d-a00d-47d9-94a2-ea24976346ab,2026-10-03T12:38:41-03:00
04a7823c-75fa-4198-bd66-879a5d2019de,2026-10-03T12:41:04-03:00
58e9b50a-0816-4b05-a715-b8f069b2ed05,2026-10-03T12:43:21-03:00
3ee0951e-a424-4546-9803-47dbae958b8f,2026-10-03T12:46:52-03:00
48ec97bc-f0a2-4bf0-bc16-887f111e17a3,2026-10-03T12:56:07-03:00
468123e3-2f79-46a1-8cf6-640ccd9ce86f,2026-10-03T13:00:11-03:00
c841bc02-d75a-4f6f-bc8d-517e4f3edebd,2026-10-03T13:06:53-03:00
530b1a00-3091-47a6-b2f4-697153a29902,2026-10-03T13:08:41-03:00
65c43e3a-7de7-467f-80eb-f6da3ecaa17c,2026-10-03T13:18:14-03:00
745c5ac7-3469-496f-b90c-a779ffd662ae,2026-10-03T13:21:32-03:00
95d9fd79-c27b-4406-87b6-ff3292e75385,2026-10-03T13:29:26-03:00
d89ac958-867e-41dc-b69a-086b6eabe468,2026-10-03T13:30:48-03:00
92ad3213-116f-40b8-b833-83323cc83bb5,2026-10-03T13:31:46-03:00
26c6e325-a8d1-4419-b0b1-3e12ec8058a4,2026-10-03T13:42:39-03:00
fc160c5b-5da4-4901-9d7c-9fd85712be19,2026-10-03T13:44:24-03:00
4189aa02-67ec-4071-a9eb-0ee3ed2841af,2026-10-03T13:55:12-03:00
53b128e5-4019-4949-bd7b-e94a23e14fe3,2026-10-03T13:57:44-03:00
34e1904b-c40b-4b16-8556-eccef46768e5,2026-10-03T13:58:20-03:00
8b3cf516-5450-4d24-a68a-bfcc36f33067,2026-10-03T14:09:17-03:00
86c56b5e-359a-4221-b7d0-3162eeae05bc,2026-10-03T14:32:18-03:00
460c52b9-0926-4759-b02a-b5a3f229a057,2026-10-03T14:34:55-03:00
2198e7b7-1971-466d-8051-1f36e7a71b9a,2026-10-03T14:43:17-03:00
001481aa-8661-4c80-a221-7d0c40fd0dea,2026-10-03T14:52:34-03:00
ba6c08b6-b16a-41e1-a462-9d5c621b71a7,2026-10-03T14:56:07-03:00
ad0ea115-7763-4bc1-9062-73bb3732ddfb,2026-10-03T15:02:16-03:00
c9bc0a35-47cd-4533-85a2-f38050bf398c,2026-10-03T15:25:59-03:00
863ccc4e-4c1a-4f94-9042-a22fbbe9996f,2026-10-03T15:38:48-03:00
38a7897a-3596-4ffc-9142-87f5d9c1d8f6,2026-10-03T15:53:00-03:00
a5200934-c28b-4403-a587-99c447caf120,2026-10-03T16:04:48-03:00
a2ea1fc7-6f8c-4640-85c0-ac9720b088c9,2026-10-03T16:08:38-03:00
20048baf-fc52-4f1e-bc08-a8b2ab8c8fe6,2026-10-03T16:16:09-03:00
a22e90de-9f69-465f-bc31-86af1edbc160,2026-10-03T16:24:40-03:00
1b9fe081-7fc4-4cfe-a13e-a6d86ea76128,2026-10-03T16:41:55-03:00
0571a628-58b5-4e94-a85c-76b4d1be06f2,2026-10-03T16:44:08-03:00
990fa00a-bbad-4894-8b31-69f866efb5ce,2026-10-03T16:45:16-03:00
97895d21-a8d3-4f7c-bdd2-63f108fc1a8d,2026-10-03T17:11:39-03:00
e36ec4f0-03ff-4628-a217-8752c64604c8,2026-10-03T17:23:42-03:00
4537575d-3e72-4359-aa46-c26b20a32b08,2026-10-03T17:44:41-03:00
adc731c9-d533-439b-8076-31e78726feaa,2026-10-03T17:56:02-03:00
9abd0778-5f4c-433c-bfb1-39c14721a0c6,2026-10-03T18:00:51-03:00
e36ec4f0-03ff-4628-a217-8752c64604c8,2026-10-03T18:04:47-03:00
c7aac888-75e4-42f2-9131-4b0abb0cee03,2026-10-03T18:06:42-03:00
02fe8297-e88f-4f71-bef1-a7f9ce75e246,2026-10-03T18:06:58-03:00
8e4e5496-10b9-40a0-935a-54aaf7300eb5,2026-10-03T18:08:32-03:00
6c298438-c3f6-45f0-8712-d9fa3e5da5e9,2026-10-03T18:10:25-03:00
d786bdde-e18b-46fc-9e05-201ebef1f85c,2026-10-03T18:10:57-03:00
ce4dc588-6fac-49fa-87e1-3dae38e8eed5,2026-10-03T18:14:47-03:00
61af23c4-34f0-4c33-beb8-fb097aaf4c96,2026-10-03T18:15:25-03:00
d48a9613-c60d-421c-8e5d-5816c9f283bd,2026-10-03T18:21:00-03:00
3ff03678-ef66-40b7-817f-75ddf5870243,2026-10-03T18:31:27-03:00
b60bbd7d-8c43-4dee-bef9-136f66093c73,2026-10-03T18:32:53-03:00
310ea5c5-a61e-4447-ad52-038a7276794d,2026-10-03T18:34:45-03:00
19977258-4c8e-4d6b-95ae-979e7fee5b68,2026-10-03T18:36:53-03:00
912d7559-e2c5-4f11-b828-c68dddf16b16,2026-10-03T18:40:02-03:00
a2ea1fc7-6f8c-4640-85c0-ac9720b088c9,2026-10-03T18:40:29-03:00
96721e62-3b7f-4ada-a2b0-c71fd9f27055,2026-10-03T19:05:30-03:00
460c52b9-0926-4759-b02a-b5a3f229a057,2026-10-03T19:13:49-03:00
96721e62-3b7f-4ada-a2b0-c71fd9f27055,2026-10-03T19:17:08-03:00
3743a7f0-afdd-4331-ba16-86ca4be7fdce,2026-10-03T19:19:29-03:00
b3010f1e-1097-4583-90c4-c22e1bbd666f,2026-10-03T19:25:41-03:00
0b1b643e-405f-44a1-a5c5-cbcae283d573,2026-10-03T19:27:59-03:00
693486f5-1cb4-46ab-bd7c-85ca30bd1527,2026-10-03T19:30:27-03:00
488bfe58-d992-478c-981c-9f5b02344873,2026-10-03T19:32:34-03:00
8b357f63-c24d-4122-a745-b3a624e7d951,2026-10-03T19:32:37-03:00
fcfada1b-f44b-49de-998d-dd6247a49881,2026-10-03T19:37:40-03:00
b5b66e1d-2391-4e19-ba80-34b9dd7a85e3,2026-10-03T19:38:29-03:00
5d1b11a1-4118-4e2c-8702-1d81810c3c60,2026-10-03T19:41:14-03:00
fc51d2b5-a5f3-4e9d-b30e-bc5420ab3879,2026-10-03T19:44:03-03:00
c841bc02-d75a-4f6f-bc8d-517e4f3edebd,2026-10-03T19:48:59-03:00
1d189842-d9c9-4c9d-8f49-c15c3b86a93d,2026-10-03T19:50:15-03:00
dc08469f-0e48-46b8-aef8-23e752fbb72d,2026-10-03T19:50:52-03:00
26d1fbd7-76dc-4672-9547-ab1a24edc02d,2026-10-03T19:52:16-03:00
4a78ff1b-a832-4d8c-ad9d-f3a7fc3b78c9,2026-10-03T20:09:28-03:00
6adfc3a9-4471-4957-b9d2-be798fed6c9f,2026-10-03T20:09:29-03:00
15045214-2247-4403-b0bf-4f1a9c293447,2026-10-03T20:14:57-03:00
626b5de9-c568-42f1-b9e5-974228c7e642,2026-10-03T20:16:11-03:00
f1c70e3e-af93-4f25-9a6a-ec524d368fe0,2026-10-03T20:17:39-03:00
8b3cf516-5450-4d24-a68a-bfcc36f33067,2026-10-03T20:20:05-03:00
360dbb7d-938f-4118-8f15-d8497b7041e1,2026-10-03T20:20:19-03:00
ee713c93-fdc1-448c-86a9-d2f6af327b49,2026-10-03T20:30:30-03:00
8e4207fd-a513-4999-b9f5-267b7662f66d,2026-10-03T20:34:02-03:00
400ffd1f-2a42-46c1-a7c9-623c3ca07a97,2026-10-03T20:37:12-03:00
d19af899-bb0c-4ced-9909-1643d0cd7f7c,2026-10-03T20:40:53-03:00
cddb0c66-a759-4cf8-bec0-0d405bf1ab4b,2026-10-03T20:42:23-03:00
bb5e0dbc-e2c0-40e8-82a5-da507ddf52a5,2026-10-03T20:46:05-03:00
0631028a-1a96-44e5-bb03-b9ce1ef2681b,2026-10-03T20:46:58-03:00
3463aff6-7d41-4eec-b488-7b480d30d761,2026-10-03T20:49:41-03:00
0c435edb-e146-42e3-a87a-b45f1b82e771,2026-10-03T20:50:51-03:00
dc261513-fa73-40cd-bef0-3aaa2663c23d,2026-10-03T20:52:04-03:00
f3ac1b9c-dc38-45a9-ba14-a9442e0ee2ab,2026-10-03T20:54:50-03:00
d786bdde-e18b-46fc-9e05-201ebef1f85c,2026-10-03T20:59:22-03:00
dc261513-fa73-40cd-bef0-3aaa2663c23d,2026-10-03T21:00:11-03:00
ba6c08b6-b16a-41e1-a462-9d5c621b71a7,2026-10-03T21:20:56-03:00
2494ba8f-73c5-48a3-823b-986b77c853e8,2026-10-03T21:41:46-03:00
34e1904b-c40b-4b16-8556-eccef46768e5,2026-10-03T21:42:57-03:00
26c6e325-a8d1-4419-b0b1-3e12ec8058a4,2026-10-03T21:51:28-03:00
a2ba3863-a98c-4cad-a126-e80e8c7cde7a,2026-10-03T21:56:15-03:00
8ea2d02d-3431-40f8-a08b-24373c80014d,2026-10-03T21:59:32-03:00
2494ba8f-73c5-48a3-823b-986b77c853e8,2026-10-03T21:59:52-03:00
e88174ed-c99e-46c1-bb9a-b9382febd3b0,2026-10-03T22:06:50-03:00
19977258-4c8e-4d6b-95ae-979e7fee5b68,2026-10-03T22:10:06-03:00
69be4073-7432-41bc-b4ec-569125c57aef,2026-10-03T22:26:20-03:00
5785a9d6-6ebe-4fde-b637-7575849d5fb5,2026-10-03T22:49:39-03:00
863ccc4e-4c1a-4f94-9042-a22fbbe9996f,2026-10-03T22:50:20-03:00
6b162e75-307a-4f96-97e6-5195fafff05d,2026-10-03T22:53:22-03:00
468123e3-2f79-46a1-8cf6-640ccd9ce86f,2026-10-03T22:55:37-03:00
8e4e5496-10b9-40a0-935a-54aaf7300eb5,2026-10-03T22:57:51-03:00
6224c4f3-0406-47c6-9bf4-7661eba06211,2026-10-03T22:58:01-03:00
47cf2dc7-e7f7-4797-89f0-789c17cc0a00,2026-10-03T23:08:02-03:00
1d189842-d9c9-4c9d-8f49-c15c3b86a93d,2026-10-03T23:21:51-03:00
760875b7-fc17-4a23-bf61-27012c6baac1,2026-10-04T06:04:21-03:00
b9a7b147-c815-4b76-a46a-a5f0d965ef5f,2026-10-04T06:09:30-03:00
fb08f3b4-43f4-4590-946a-30fbd8094881,2026-10-04T06:29:42-03:00
469caca6-0c28-4a6d-a436-6528d82e0b56,2026-10-04T06:32:17-03:00
62fa174e-75a1-44a6-bc9c-3a9184ea89be,2026-10-04T06:36:57-03:00
3ddc7eeb-0f87-41fa-9849-5c63625f19b4,2026-10-04T06:42:45-03:00
88fa9b05-76d6-4561-bd52-e9dee5d067a5,2026-10-04T07:10:59-03:00
ee713c93-fdc1-448c-86a9-d2f6af327b49,2026-10-04T07:11:40-03:00
66ef1093-5907-4924-ab21-56e5b7e22cb1,2026-10-04T07:11:44-03:00
656306f4-8a57-4e18-9d0a-565b197ba01a,2026-10-04T07:13:05-03:00
0a1bf5c0-04bf-4fb4-8261-ecdbc80298a8,2026-10-04T07:17:58-03:00
b7c2c8d3-2026-49c9-9955-1946d4749338,2026-10-04T07:18:22-03:00
ea6cb524-38da-43cf-995f-f61afde43338,2026-10-04T07:19:59-03:00
912d7559-e2c5-4f11-b828-c68dddf16b16,2026-10-04T07:20:15-03:00
001481aa-8661-4c80-a221-7d0c40fd0dea,2026-10-04T07:26:09-03:00
31b7e580-7030-4bc6-8d59-8e23d5e9e8c0,2026-10-04T07:35:37-03:00
81eb2192-b6f9-48f5-bc82-461677369b11,2026-10-04T07:38:21-03:00
4b71bfa6-41ce-4689-880b-c67a177a3c1c,2026-10-04T07:46:23-03:00
6224c4f3-0406-47c6-9bf4-7661eba06211,2026-10-04T07:52:20-03:00
300c0bb2-1f6c-4308-9e85-249d8a11a277,2026-10-04T07:55:53-03:00
ffdef72a-f5a2-476d-a5ba-e28a084276e5,2026-10-04T08:09:43-03:00
3bd59652-4c13-4673-bf18-180626a28b54,2026-10-04T08:19:31-03:00
38f36f2d-de28-42c3-9c16-11b0984375cd,2026-10-04T08:22:59-03:00
366eaccb-6abd-42f7-bce5-d0238495366a,2026-10-04T08:24:46-03:00
6f5d94b5-a9c3-403f-8d38-6bd62e7ec428,2026-10-04T08:29:05-03:00
b7c2c8d3-2026-49c9-9955-1946d4749338,2026-10-04T08:29:22-03:00
12662e6b-2068-415f-966e-e3ada53c8185,2026-10-04T08:34:14-03:00
17be997b-ea98-4cd4-9c5e-452c7cf50b24,2026-10-04T08:34:47-03:00
fb08f3b4-43f4-4590-946a-30fbd8094881,2026-10-04T08:43:00-03:00
b61e4aa6-ca79-4db0-bad5-d6fb1aa9ef99,2026-10-04T08:43:20-03:00
bb07a7d3-beaa-4c7a-ba58-1d0aea094568,2026-10-04T08:45:26-03:00
7f9ba79f-545c-4529-a340-cd6449271b7a,2026-10-04T08:47:34-03:00
6c298438-c3f6-45f0-8712-d9fa3e5da5e9,2026-10-04T08:50:14-03:00
18490f79-4ffb-4e33-876e-8117d0622fc5,2026-10-04T08:52:40-03:00
a5200934-c28b-4403-a587-99c447caf120,2026-10-04T08:53:49-03:00
38a7897a-3596-4ffc-9142-87f5d9c1d8f6,2026-10-04T08:55:01-03:00
4e6d95b1-b84c-47ea-8882-55bbdfbb7a52,2026-10-04T09:02:48-03:00
0c435edb-e146-42e3-a87a-b45f1b82e771,2026-10-04T09:07:07-03:00
62b64148-c6cf-4c07-b3e3-ab3e6bdfd457,2026-10-04T09:08:13-03:00
760875b7-fc17-4a23-bf61-27012c6baac1,2026-10-04T09:21:12-03:00
eb4d77a1-9e23-4480-a0ab-8ea0b91d8bb6,2026-10-04T09:56:56-03:00
3f819d2b-b335-48f1-97ed-f46e8338de3d,2026-10-04T09:59:49-03:00
366eaccb-6abd-42f7-bce5-d0238495366a,2026-10-04T10:07:28-03:00
a2b00c70-8142-4f3b-918c-a49601eafba3,2026-10-04T10:10:59-03:00
49719ae9-1be3-4bc3-8e84-029837c1070d,2026-10-04T10:41:44-03:00
81eb2192-b6f9-48f5-bc82-461677369b11,2026-10-04T11:02:59-03:00
824a7c61-0bbb-46e3-87bf-4b48cc63793e,2026-10-04T11:12:17-03:00
8e4e5496-10b9-40a0-935a-54aaf7300eb5,2026-10-04T11:18:03-03:00
914ad948-05cc-48b2-af17-72a63ca5ba14,2026-10-04T11:25:20-03:00
f3689675-9c1e-40ec-857c-0898d5b47de8,2026-10-04T11:40:21-03:00
3ee0951e-a424-4546-9803-47dbae958b8f,2026-10-04T11:40:51-03:00
88373c7c-1d43-4882-bfc9-dde5b45f3d27,2026-10-04T11:54:46-03:00
ffdef72a-f5a2-476d-a5ba-e28a084276e5,2026-10-04T12:04:25-03:00
edf863bb-1bdc-4539-9ddb-5ef04cdde9ba,2026-10-04T12:17:39-03:00
406bfc66-2242-4acf-b578-3979c4072ea8,2026-10-04T12:21:31-03:00
5838ef61-70f6-429f-8d61-3b88fa5908e9,2026-10-04T12:30:56-03:00
2494ba8f-73c5-48a3-823b-986b77c853e8,2026-10-04T12:31:44-03:00
e4b61e98-a580-43e7-bd42-77e61e7dee6c,2026-10-04T12:33:33-03:00
ad0ea115-7763-4bc1-9062-73bb3732ddfb,2026-10-04T12:34:16-03:00
b584720a-c001-408e-9f81-ad6d9cfc73ff,2026-10-04T12:44:45-03:00
246e9c60-87ce-4e05-91ea-50ec6b353fe0,2026-10-04T13:01:23-03:00
0f9b8c97-4f53-4bbb-a24d-0a19f6a5f944,2026-10-04T13:12:30-03:00
001481aa-8661-4c80-a221-7d0c40fd0dea,2026-10-04T13:25:12-03:00
0f9b8c97-4f53-4bbb-a24d-0a19f6a5f944,2026-10-04T13:32:41-03:00
9013e723-b84a-4835-86ef-432590a004dd,2026-10-04T13:45:01-03:00
edb92465-fcdb-4d82-9302-295ccd0d8686,2026-10-04T13:51:45-03:00
04a7823c-75fa-4198-bd66-879a5d2019de,2026-10-04T14:01:50-03:00
49617dc3-a1b9-4fd2-88f6-58a1ce51a2d3,2026-10-04T14:14:18-03:00
7a2058c8-a9ea-42d5-94f4-bf3cdbe66c12,2026-10-04T14:26:35-03:00
776b9bf6-d3ae-47bd-930b-c08ed0adb214,2026-10-04T14:44:01-03:00
3743a7f0-afdd-4331-ba16-86ca4be7fdce,2026-10-04T15:00:30-03:00
123f2d21-7fb8-4195-8256-ac26714a80d4,2026-10-04T15:14:01-03:00
0571a628-58b5-4e94-a85c-76b4d1be06f2,2026-10-04T15:22:06-03:00
18490f79-4ffb-4e33-876e-8117d0622fc5,2026-10-04T15:31:11-03:00
03d5ef29-f6c8-4578-be17-45f8339c7484,2026-10-04T15:36:04-03:00
9a25cc5e-3637-42be-b9d3-a2f8f0ede11a,2026-10-04T15:41:10-03:00
2198e7b7-1971-466d-8051-1f36e7a71b9a,2026-10-04T15:49:00-03:00
d89ac958-867e-41dc-b69a-086b6eabe468,2026-10-04T15:50:37-03:00
f1f01bc0-6933-48fc-ac60-0091d2d69649,2026-10-04T15:57:17-03:00
eb4d77a1-9e23-4480-a0ab-8ea0b91d8bb6,2026-10-04T16:10:56-03:00
3074b4d6-0aed-43e5-bd97-04f4487c4543,2026-10-04T16:21:52-03:00
a29ea1e6-c745-4eda-a9f5-e869c5d59704,2026-10-04T16:52:08-03:00
8b31db54-1aa0-45f6-aca1-02b8f3a9ffd8,2026-10-04T16:53:40-03:00
e88174ed-c99e-46c1-bb9a-b9382febd3b0,2026-10-04T16:59:30-03:00
f4ce2714-b5cc-4dde-8aea-7f7d36c7d3bd,2026-10-04T17:01:12-03:00
a34a6f47-3f1b-4fc7-8a9d-26ccb31c813f,2026-10-04T17:08:27-03:00
bb07a7d3-beaa-4c7a-ba58-1d0aea094568,2026-10-04T17:20:12-03:00
2c5e71b9-0c86-42f9-a1db-4eeeb1a1571f,2026-10-04T17:21:02-03:00
2c8a5011-91eb-477f-a4c9-bb9e5a91e4be,2026-10-04T17:24:50-03:00
6a51ec04-d36d-47c9-8167-8f528c10d62b,2026-10-04T17:25:31-03:00
f8dfda31-8afd-4e58-9469-b48ecf729077,2026-10-04T17:31:16-03:00
4537575d-3e72-4359-aa46-c26b20a32b08,2026-10-04T17:36:15-03:00
1db74be8-4e28-47d9-90df-e92b7cba2322,2026-10-04T17:39:24-03:00
cde397cd-993a-4977-8692-0f28a747e62e,2026-10-04T17:41:26-03:00
03658df2-2721-4ff3-aa5e-8bf7925c8add,2026-10-04T17:42:28-03:00
64c553e9-120c-4401-8a5f-29609abfbe42,2026-10-04T17:50:08-03:00
dfee5d1f-d60a-4c28-a75d-0cd2b3e54da1,2026-10-04T17:53:02-03:00
38f36f2d-de28-42c3-9c16-11b0984375cd,2026-10-04T18:00:08-03:00
b584720a-c001-408e-9f81-ad6d9cfc73ff,2026-10-04T18:03:11-03:00
4efa166e-94e8-484e-9ee8-66403a183164,2026-10-04T18:06:21-03:00
8b31db54-1aa0-45f6-aca1-02b8f3a9ffd8,2026-10-04T18:06:47-03:00
e169f77f-4018-4d94-8684-72cf414ea2a4,2026-10-04T18:10:48-03:00
dd31392f-7950-44a4-af42-c8a615706f7b,2026-10-04T18:16:29-03:00
b1ed24c0-4037-4922-b5bb-fd9bc6ec04c9,2026-10-04T18:29:44-03:00
2494ba8f-73c5-48a3-823b-986b77c853e8,2026-10-04T18:30:33-03:00
987a1c42-fa45-4b9a-8188-4b006df76679,2026-10-04T18:31:13-03:00
af1a86e0-4c08-4211-b071-df0cac7aa7aa,2026-10-04T18:33:12-03:00
9a25cc5e-3637-42be-b9d3-a2f8f0ede11a,2026-10-04T18:34:59-03:00
51534d73-cfb1-4970-9541-761311079d5d,2026-10-04T18:38:56-03:00
e8461fd8-c033-47a2-a2b9-63ec8d6e4271,2026-10-04T18:42:17-03:00
f7b74bb2-3821-4209-9eac-cacf1d407f69,2026-10-04T18:47:31-03:00
17f56689-36c5-4349-8c1f-604553aa5a36,2026-10-04T18:53:32-03:00
9258996d-ca0c-4158-b9c5-5166d54296f2,2026-10-04T18:54:21-03:00
e803e5c6-858d-45f5-b09b-7935ad19ee74,2026-10-04T18:55:10-03:00
4a78ff1b-a832-4d8c-ad9d-f3a7fc3b78c9,2026-10-04T18:55:24-03:00
c58f53fe-c900-41d1-848b-d586fb2d953b,2026-10-04T18:59:02-03:00
1becd6ee-0076-4970-9c82-aa1ab4cb19f4,2026-10-04T18:59:55-03:00
af7a70a9-3d3c-4023-b3e3-549673c64c85,2026-10-04T19:00:45-03:00
56dce94c-861b-4176-a534-b7d9e60c06ad,2026-10-04T19:10:03-03:00
8e81c4a0-72a2-422a-8340-4766e58b612c,2026-10-04T19:10:07-03:00
a31ed329-2aa6-424d-9c9b-7a85bcf6951c,2026-10-04T19:16:12-03:00
546ea297-df74-4181-a16e-8a600feea3a7,2026-10-04T19:18:53-03:00
b9a7b147-c815-4b76-a46a-a5f0d965ef5f,2026-10-04T19:23:41-03:00
4c62e000-8079-4aad-b6cb-a871cd35df39,2026-10-04T19:26:59-03:00
5813cde1-bd61-49e5-b71c-a1f121e9e1a8,2026-10-04T19:28:41-03:00
9d71a8eb-0c4b-4edc-bf8a-6a0bbc1da7ab,2026-10-04T19:28:47-03:00
2e5befb3-57ff-4a4d-8019-5856f458e73e,2026-10-04T19:29:29-03:00
63a65720-bb80-475d-b2da-94c4c313c0b5,2026-10-04T19:35:59-03:00
262f6a10-bfe6-49db-939f-bc0efe55a2c6,2026-10-04T19:37:59-03:00
4e9a6fd4-8ad2-4abe-9a62-b5cc5c544bd5,2026-10-04T19:42:48-03:00
468123e3-2f79-46a1-8cf6-640ccd9ce86f,2026-10-04T19:45:13-03:00
1becd6ee-0076-4970-9c82-aa1ab4cb19f4,2026-10-04T19:48:26-03:00
bd527948-fd8b-4711-bb4d-60fdf8fa4158,2026-10-04T20:02:34-03:00
512d7708-a026-4fe5-b2d8-2ef850239862,2026-10-04T20:03:21-03:00
65c43e3a-7de7-467f-80eb-f6da3ecaa17c,2026-10-04T20:05:15-03:00
e803e5c6-858d-45f5-b09b-7935ad19ee74,2026-10-04T20:05:54-03:00
3ff03678-ef66-40b7-817f-75ddf5870243,2026-10-04T20:06:04-03:00
fcf632f0-dab7-45ac-9220-74d216a8390d,2026-10-04T20:10:47-03:00
2c8a5011-91eb-477f-a4c9-bb9e5a91e4be,2026-10-04T20:11:19-03:00
9803f12e-248e-4386-96ec-48e0a7e0c0b4,2026-10-04T20:15:31-03:00
8d6104c4-cb32-44fd-a4c2-b4f45f166128,2026-10-04T20:20:36-03:00
5e40a847-1cc2-469f-a387-571cabcdd708,2026-10-04T20:37:14-03:00
a6a1e65d-8b81-4ad0-b57d-b5dc550a4d1a,2026-10-04T20:40:48-03:00
5d1b11a1-4118-4e2c-8702-1d81810c3c60,2026-10-04T20:41:43-03:00
2256b9c7-d1db-4536-ad72-054afd567cb2,2026-10-04T20:43:09-03:00
26c6e325-a8d1-4419-b0b1-3e12ec8058a4,2026-10-04T20:45:00-03:00
03d5ef29-f6c8-4578-be17-45f8339c7484,2026-10-04T20:45:33-03:00
507bb5cb-6426-477c-accd-78625b80cd14,2026-10-04T20:46:31-03:00
dfee5d1f-d60a-4c28-a75d-0cd2b3e54da1,2026-10-04T20:49:48-03:00
fd04633f-6587-4b3a-b5ba-6bd78bc0b085,2026-10-04T20:50:52-03:00
b61e4aa6-ca79-4db0-bad5-d6fb1aa9ef99,2026-10-04T20:54:17-03:00
f3ac1b9c-dc38-45a9-ba14-a9442e0ee2ab,2026-10-04T21:01:07-03:00
129337b7-3d85-477c-b37f-5c680be7a119,2026-10-04T21:05:19-03:00
95d9fd79-c27b-4406-87b6-ff3292e75385,2026-10-04T21:09:27-03:00
32334982-e3ef-45b6-bb72-772bb7e6b0e2,2026-10-04T21:12:02-03:00
2ec92e0c-4d6d-46f8-8be3-255aefd2006b,2026-10-04T21:27:28-03:00
488bfe58-d992-478c-981c-9f5b02344873,2026-10-04T21:32:39-03:00
3ddc7eeb-0f87-41fa-9849-5c63625f19b4,2026-10-04T21:35:27-03:00
04a7823c-75fa-4198-bd66-879a5d2019de,2026-10-04T21:40:56-03:00
c8995bc6-1b20-42e7-a5eb-9d16482081bf,2026-10-04T21:46:17-03:00
2e5befb3-57ff-4a4d-8019-5856f458e73e,2026-10-04T21:49:08-03:00
86c56b5e-359a-4221-b7d0-3162eeae05bc,2026-10-04T21:53:18-03:00
cd753b9e-183b-4f2d-9bfd-3504dea21c52,2026-10-04T21:54:59-03:00
a29ea1e6-c745-4eda-a9f5-e869c5d59704,2026-10-04T22:09:49-03:00
9013e723-b84a-4835-86ef-432590a004dd,2026-10-04T22:36:04-03:00
e8461fd8-c033-47a2-a2b9-63ec8d6e4271,2026-10-04T22:49:49-03:00
e0131205-9109-4780-afc3-f0aec0b43432,2026-10-04T22:53:26-03:00
d67f10a7-d5dc-4200-b405-8c369928f310,2026-10-04T22:55:04-03:00
9d71a8eb-0c4b-4edc-bf8a-6a0bbc1da7ab,2026-10-04T23:00:25-03:00
23662632-da8d-47e0-9f6a-504ff9f81dcf,2026-10-05T06:15:21-03:00
64c553e9-120c-4401-8a5f-29609abfbe42,2026-10-05T07:03:44-03:00
53b128e5-4019-4949-bd7b-e94a23e14fe3,2026-10-05T07:05:02-03:00
153fec11-c53e-4100-936b-45957e556ac8,2026-10-05T07:05:20-03:00
4f9477cf-fe5e-4d4d-8d0b-5cc21db39074,2026-10-05T07:12:12-03:00
17f56689-36c5-4349-8c1f-604553aa5a36,2026-10-05T07:21:06-03:00
5838ef61-70f6-429f-8d61-3b88fa5908e9,2026-10-05T07:37:15-03:00
b6219ffa-dd01-4ea8-a806-ca8868dbb7aa,2026-10-05T07:47:44-03:00
95d9fd79-c27b-4406-87b6-ff3292e75385,2026-10-05T08:06:00-03:00
d254e996-2363-4025-9c3e-7cc48327196e,2026-10-05T08:08:55-03:00
b584720a-c001-408e-9f81-ad6d9cfc73ff,2026-10-05T08:38:38-03:00
9803f12e-248e-4386-96ec-48e0a7e0c0b4,2026-10-05T08:38:42-03:00
62b64148-c6cf-4c07-b3e3-ab3e6bdfd457,2026-10-05T08:38:45-03:00
faaaf95c-b4d5-4c31-a41c-7f2aad53a4a5,2026-10-05T08:41:39-03:00
6f5d94b5-a9c3-403f-8d38-6bd62e7ec428,2026-10-05T08:49:05-03:00
fc160c5b-5da4-4901-9d7c-9fd85712be19,2026-10-05T08:49:55-03:00
e803e5c6-858d-45f5-b09b-7935ad19ee74,2026-10-05T09:20:30-03:00
06390b41-6cb5-4646-a920-4440f00d0b3d,2026-10-05T09:21:48-03:00
697361f5-d6d0-4cf8-9f4b-caab60b56b0e,2026-10-05T09:27:48-03:00
e88174ed-c99e-46c1-bb9a-b9382febd3b0,2026-10-05T09:42:59-03:00
cbbcf8c0-c10e-4a2e-8f73-d45930317336,2026-10-05T10:05:12-03:00
bfe9472b-9197-4fa9-b4ed-8249cfaaa5d3,2026-10-05T10:19:25-03:00
63a65720-bb80-475d-b2da-94c4c313c0b5,2026-10-05T10:22:46-03:00
baf8b356-a185-4330-848a-8bdc72265a10,2026-10-05T10:33:57-03:00
df07c0c6-cb94-498c-9efa-52697656cf48,2026-10-05T10:41:52-03:00
b61e4aa6-ca79-4db0-bad5-d6fb1aa9ef99,2026-10-05T10:45:34-03:00
fc160c5b-5da4-4901-9d7c-9fd85712be19,2026-10-05T11:02:04-03:00
e4b61e98-a580-43e7-bd42-77e61e7dee6c,2026-10-05T11:02:39-03:00
6a12ff42-a5a7-4e83-9cde-15d2eee4193c,2026-10-05T11:12:49-03:00
366eaccb-6abd-42f7-bce5-d0238495366a,2026-10-05T11:18:14-03:00
32334982-e3ef-45b6-bb72-772bb7e6b0e2,2026-10-05T11:21:15-03:00
75a25cfe-2388-445e-b4b8-8eecec068396,2026-10-05T11:26:12-03:00
dd31392f-7950-44a4-af42-c8a615706f7b,2026-10-05T11:39:12-03:00
a6348d1a-9cf7-400c-ade5-a6acd24f916b,2026-10-05T11:50:23-03:00
27976644-f012-41cf-8a58-e19007647ec3,2026-10-05T12:06:44-03:00
d254e996-2363-4025-9c3e-7cc48327196e,2026-10-05T12:07:39-03:00
d19af899-bb0c-4ced-9909-1643d0cd7f7c,2026-10-05T12:10:06-03:00
c9bc0a35-47cd-4533-85a2-f38050bf398c,2026-10-05T12:12:57-03:00
47881c91-83a5-4062-adff-f9c9fd8273d7,2026-10-05T12:13:19-03:00
b61e4aa6-ca79-4db0-bad5-d6fb1aa9ef99,2026-10-05T12:28:08-03:00
1b9fe081-7fc4-4cfe-a13e-a6d86ea76128,2026-10-05T12:30:18-03:00
d67f10a7-d5dc-4200-b405-8c369928f310,2026-10-05T12:40:31-03:00
dc261513-fa73-40cd-bef0-3aaa2663c23d,2026-10-05T12:48:50-03:00
7567df4c-ce25-4213-b1f1-5860b29db2cc,2026-10-05T12:48:59-03:00
a22e90de-9f69-465f-bc31-86af1edbc160,2026-10-05T12:59:08-03:00
a5fe6bae-d453-4af4-acce-26069f132960,2026-10-05T13:22:17-03:00
e9e55568-4c3b-497d-aa0c-d932c05e3d96,2026-10-05T13:27:18-03:00
a45528e3-636e-493d-a38c-52bf86c091dc,2026-10-05T13:38:18-03:00
0327acf1-2fee-47d2-beec-c9acf777b543,2026-10-05T13:52:39-03:00
400ffd1f-2a42-46c1-a7c9-623c3ca07a97,2026-10-05T14:08:14-03:00
5a6329da-c0e5-4791-ac77-7503d82554ea,2026-10-05T14:28:42-03:00
745c5ac7-3469-496f-b90c-a779ffd662ae,2026-10-05T15:20:34-03:00
49617dc3-a1b9-4fd2-88f6-58a1ce51a2d3,2026-10-05T15:28:08-03:00
cbbcf8c0-c10e-4a2e-8f73-d45930317336,2026-10-05T16:02:15-03:00
3ff03678-ef66-40b7-817f-75ddf5870243,2026-10-05T16:09:45-03:00
472fb8aa-f47d-4cff-a822-4e67980f64cc,2026-10-05T16:12:18-03:00
400ffd1f-2a42-46c1-a7c9-623c3ca07a97,2026-10-05T16:14:20-03:00
6dcecd81-e8ee-421f-a34f-55a7e02dd82d,2026-10-05T16:23:43-03:00
6e8d79f1-3124-4837-9efb-8cb717a160e7,2026-10-05T16:34:56-03:00
468123e3-2f79-46a1-8cf6-640ccd9ce86f,2026-10-05T16:38:54-03:00
461064e2-68de-40b7-b251-70697277f917,2026-10-05T16:45:06-03:00
fcf632f0-dab7-45ac-9220-74d216a8390d,2026-10-05T16:47:33-03:00
7a2058c8-a9ea-42d5-94f4-bf3cdbe66c12,2026-10-05T16:59:53-03:00
f7b74bb2-3821-4209-9eac-cacf1d407f69,2026-10-05T17:14:52-03:00
ce4dc588-6fac-49fa-87e1-3dae38e8eed5,2026-10-05T17:16:40-03:00
9d100814-9d3a-42b6-917f-174fff97d163,2026-10-05T17:44:06-03:00
12662e6b-2068-415f-966e-e3ada53c8185,2026-10-05T17:46:09-03:00
879d24a3-e7ff-403f-b26c-228c09d1004c,2026-10-05T18:02:55-03:00
c8995bc6-1b20-42e7-a5eb-9d16482081bf,2026-10-05T18:05:06-03:00
642ea164-a302-402c-ae4d-4ec15f2cf519,2026-10-05T18:11:23-03:00
cd25610d-4679-45a0-895b-933d66b183d1,2026-10-05T18:14:29-03:00
ffab5aab-8c70-4b8a-8783-354343c5eedd,2026-10-05T18:28:19-03:00
9803f12e-248e-4386-96ec-48e0a7e0c0b4,2026-10-05T18:37:30-03:00
be314718-d6d3-410e-a74a-6aa76618456e,2026-10-05T18:37:34-03:00
fdc8ce90-5d8e-4633-bb0c-6eb09a8635cc,2026-10-05T18:43:32-03:00
7e2881f9-c700-491c-b935-76ce042b839b,2026-10-05T18:43:56-03:00
763b165d-9848-4545-b83e-cb48d3de1d7e,2026-10-05T18:47:54-03:00
e4b61e98-a580-43e7-bd42-77e61e7dee6c,2026-10-05T18:52:53-03:00
e5f8674b-1588-4fd7-9ef5-3fa2bb18ce8f,2026-10-05T18:58:19-03:00
8b357f63-c24d-4122-a745-b3a624e7d951,2026-10-05T19:01:10-03:00
914ad948-05cc-48b2-af17-72a63ca5ba14,2026-10-05T19:07:53-03:00
6224c4f3-0406-47c6-9bf4-7661eba06211,2026-10-05T19:12:15-03:00
933faec4-e418-4ad9-a8a1-a1fd1915a8fc,2026-10-05T19:18:26-03:00
fc4dec09-64fb-46e0-85ae-59c5db864719,2026-10-05T19:25:47-03:00
9568d269-8025-4cde-8a48-d43ab5b993db,2026-10-05T19:53:02-03:00
879d24a3-e7ff-403f-b26c-228c09d1004c,2026-10-05T19:55:41-03:00
baf8b356-a185-4330-848a-8bdc72265a10,2026-10-05T19:57:56-03:00
987a1c42-fa45-4b9a-8188-4b006df76679,2026-10-05T20:01:27-03:00
5785a9d6-6ebe-4fde-b637-7575849d5fb5,2026-10-05T20:08:56-03:00
dd31392f-7950-44a4-af42-c8a615706f7b,2026-10-05T20:10:31-03:00
693486f5-1cb4-46ab-bd7c-85ca30bd1527,2026-10-05T20:10:49-03:00
f42beb3e-9bd9-4a7b-a699-c1bdee25eb32,2026-10-05T20:13:22-03:00
8b357f63-c24d-4122-a745-b3a624e7d951,2026-10-05T20:13:42-03:00
e9e55568-4c3b-497d-aa0c-d932c05e3d96,2026-10-05T20:15:31-03:00
3a43653f-97dd-419b-8816-76483027349f,2026-10-05T20:16:14-03:00
e5f8674b-1588-4fd7-9ef5-3fa2bb18ce8f,2026-10-05T20:17:29-03:00
e4998db6-f1be-4d0c-b5cb-294d53921c94,2026-10-05T20:18:54-03:00
335d097b-9693-471f-ba8c-bfdf3c35061f,2026-10-05T20:19:39-03:00
129337b7-3d85-477c-b37f-5c680be7a119,2026-10-05T20:20:41-03:00
cea1dcae-2604-4ce7-9ff2-12f15a88dc15,2026-10-05T20:20:43-03:00
c58f53fe-c900-41d1-848b-d586fb2d953b,2026-10-05T20:21:37-03:00
745c5ac7-3469-496f-b90c-a779ffd662ae,2026-10-05T20:27:27-03:00
823ffdec-43d2-478a-a7d1-12738434afaf,2026-10-05T20:31:26-03:00
9a25cc5e-3637-42be-b9d3-a2f8f0ede11a,2026-10-05T20:34:16-03:00
b584720a-c001-408e-9f81-ad6d9cfc73ff,2026-10-05T20:38:28-03:00
35d62d40-ced7-4fde-bc5d-310038b37ad4,2026-10-05T20:38:29-03:00
9718b411-0759-4cc4-a90f-4de4e78c4690,2026-10-05T20:39:38-03:00
b7afc9b2-5996-4ac8-a68c-ba607ec588f2,2026-10-05T20:39:38-03:00
37d86361-2ccf-43c9-94e2-574ffb8efe85,2026-10-05T20:41:03-03:00
8721d034-e5a9-44e9-9e8c-0a536ae75e87,2026-10-05T20:44:04-03:00
0c435edb-e146-42e3-a87a-b45f1b82e771,2026-10-05T20:45:40-03:00
04a7823c-75fa-4198-bd66-879a5d2019de,2026-10-05T20:50:14-03:00
e88174ed-c99e-46c1-bb9a-b9382febd3b0,2026-10-05T20:51:12-03:00
c8995bc6-1b20-42e7-a5eb-9d16482081bf,2026-10-05T20:53:07-03:00
2198e7b7-1971-466d-8051-1f36e7a71b9a,2026-10-05T20:59:03-03:00
123f2d21-7fb8-4195-8256-ac26714a80d4,2026-10-05T21:09:05-03:00
fd04633f-6587-4b3a-b5ba-6bd78bc0b085,2026-10-05T21:09:35-03:00
998d064d-9729-4f12-bd01-8efa3e2bc8e5,2026-10-05T21:14:14-03:00
074197e1-fa29-4347-bc57-97ff7753328a,2026-10-05T21:14:14-03:00
001481aa-8661-4c80-a221-7d0c40fd0dea,2026-10-05T21:16:11-03:00
a34a6f47-3f1b-4fc7-8a9d-26ccb31c813f,2026-10-05T21:24:09-03:00
3ff0c8f1-c848-4b97-8f03-11f82d2d24ae,2026-10-05T21:32:04-03:00
0c435edb-e146-42e3-a87a-b45f1b82e771,2026-10-05T21:37:07-03:00
da2471af-9982-40ac-8abf-c75105eeb2c4,2026-10-05T21:40:59-03:00
246e9c60-87ce-4e05-91ea-50ec6b353fe0,2026-10-05T21:45:27-03:00
77907b7d-2c49-4096-861a-40d8b858e199,2026-10-05T21:49:21-03:00
9718b411-0759-4cc4-a90f-4de4e78c4690,2026-10-05T22:03:17-03:00
f0abcab1-6321-4ecb-8ba9-7bd317a089a7,2026-10-05T22:06:45-03:00
954a9718-c280-479c-bbb0-784a272b1d0f,2026-10-05T22:08:23-03:00
3743a7f0-afdd-4331-ba16-86ca4be7fdce,2026-10-05T22:09:02-03:00
e4998db6-f1be-4d0c-b5cb-294d53921c94,2026-10-05T22:09:14-03:00
37d86361-2ccf-43c9-94e2-574ffb8efe85,2026-10-05T22:12:55-03:00
da2471af-9982-40ac-8abf-c75105eeb2c4,2026-10-05T22:36:08-03:00
461064e2-68de-40b7-b251-70697277f917,2026-10-05T22:48:51-03:00
d89621a1-5037-4797-9e55-38fe6e5fc933,2026-10-05T22:55:44-03:00
94572e5a-a884-43b4-b0c0-3dd41add70ed,2026-10-05T23:22:26-03:00
a6a1e65d-8b81-4ad0-b57d-b5dc550a4d1a,2026-10-05T23:30:19-03:00
4dfd42d4-1264-4b24-affd-7a251c499291,2026-10-05T23:46:27-03:00
62b64148-c6cf-4c07-b3e3-ab3e6bdfd457,2026-10-06T06:31:25-03:00
3ff03678-ef66-40b7-817f-75ddf5870243,2026-10-06T06:40:44-03:00
38a7897a-3596-4ffc-9142-87f5d9c1d8f6,2026-10-06T06:42:23-03:00
6e8d79f1-3124-4837-9efb-8cb717a160e7,2026-10-06T07:05:57-03:00
a22e90de-9f69-465f-bc31-86af1edbc160,2026-10-06T07:17:30-03:00
ef710db7-b23f-4f82-bc23-439496d7fbdf,2026-10-06T07:20:55-03:00
d254e996-2363-4025-9c3e-7cc48327196e,2026-10-06T07:25:06-03:00
a34a6f47-3f1b-4fc7-8a9d-26ccb31c813f,2026-10-06T07:26:34-03:00
ee713c93-fdc1-448c-86a9-d2f6af327b49,2026-10-06T07:35:35-03:00
d7b7257f-01d2-40ce-b7fa-46a6a77fc5f9,2026-10-06T07:42:00-03:00
a81a5af9-195e-4e1a-a42d-4df574b9d5c9,2026-10-06T07:48:17-03:00
26d1fbd7-76dc-4672-9547-ab1a24edc02d,2026-10-06T07:52:44-03:00
6c1f7d40-9275-4195-9f2e-18a521120595,2026-10-06T07:54:30-03:00
a6348d1a-9cf7-400c-ade5-a6acd24f916b,2026-10-06T08:11:45-03:00
a93dce4e-f917-4e15-af87-31101b777450,2026-10-06T08:13:32-03:00
a93dce4e-f917-4e15-af87-31101b777450,2026-10-06T08:18:03-03:00
dc808835-36ba-495a-b944-cb4f9075ac76,2026-10-06T08:20:03-03:00
9718b411-0759-4cc4-a90f-4de4e78c4690,2026-10-06T08:28:46-03:00
642ea164-a302-402c-ae4d-4ec15f2cf519,2026-10-06T08:32:49-03:00
f3689675-9c1e-40ec-857c-0898d5b47de8,2026-10-06T08:50:59-03:00
0a1bf5c0-04bf-4fb4-8261-ecdbc80298a8,2026-10-06T09:20:55-03:00
b0e34b4a-2a60-4833-a81d-5c9168ee33c7,2026-10-06T09:33:25-03:00
48bc6ed0-1631-44ee-be05-a424aebaa655,2026-10-06T09:35:48-03:00
5813cde1-bd61-49e5-b71c-a1f121e9e1a8,2026-10-06T09:37:02-03:00
5813cde1-bd61-49e5-b71c-a1f121e9e1a8,2026-10-06T09:38:48-03:00
bfae6158-8749-4142-b18b-8e1db3e10de9,2026-10-06T09:40:00-03:00
66ef1093-5907-4924-ab21-56e5b7e22cb1,2026-10-06T10:12:14-03:00
91c4252d-aea4-431a-8f29-902a5f443858,2026-10-06T10:14:12-03:00
b823aada-9e23-4f18-b80c-45508fc31d25,2026-10-06T10:28:09-03:00
75a25cfe-2388-445e-b4b8-8eecec068396,2026-10-06T10:42:56-03:00
6224c4f3-0406-47c6-9bf4-7661eba06211,2026-10-06T10:46:00-03:00
ee7e19bd-1403-419f-bbbb-593a0848befc,2026-10-06T10:52:13-03:00
406bfc66-2242-4acf-b578-3979c4072ea8,2026-10-06T11:00:15-03:00
ba69d09d-a00d-47d9-94a2-ea24976346ab,2026-10-06T11:04:36-03:00
4e6d95b1-b84c-47ea-8882-55bbdfbb7a52,2026-10-06T11:12:25-03:00
e432e9d2-79f8-4c88-8001-bae52bb82d34,2026-10-06T11:26:08-03:00
6c1f7d40-9275-4195-9f2e-18a521120595,2026-10-06T11:49:51-03:00
b51c10a8-7f7c-4e7b-ade2-20756dcc0ce7,2026-10-06T11:49:53-03:00
9568d269-8025-4cde-8a48-d43ab5b993db,2026-10-06T12:06:22-03:00
f8dfda31-8afd-4e58-9469-b48ecf729077,2026-10-06T12:10:37-03:00
58e9b50a-0816-4b05-a715-b8f069b2ed05,2026-10-06T12:14:02-03:00
e88174ed-c99e-46c1-bb9a-b9382febd3b0,2026-10-06T12:24:44-03:00
fd04633f-6587-4b3a-b5ba-6bd78bc0b085,2026-10-06T12:27:31-03:00
88373c7c-1d43-4882-bfc9-dde5b45f3d27,2026-10-06T12:29:36-03:00
6f5d94b5-a9c3-403f-8d38-6bd62e7ec428,2026-10-06T12:35:21-03:00
6dcecd81-e8ee-421f-a34f-55a7e02dd82d,2026-10-06T12:37:23-03:00
488bfe58-d992-478c-981c-9f5b02344873,2026-10-06T12:50:06-03:00
3743a7f0-afdd-4331-ba16-86ca4be7fdce,2026-10-06T12:57:31-03:00
cddb0c66-a759-4cf8-bec0-0d405bf1ab4b,2026-10-06T13:08:32-03:00
b1cc1bcf-9582-460d-b875-64f3fad2e73a,2026-10-06T13:09:31-03:00
3611cae6-a562-4c6a-bbaa-e9befdee4569,2026-10-06T13:20:09-03:00
8721d034-e5a9-44e9-9e8c-0a536ae75e87,2026-10-06T13:28:32-03:00
13011d9d-3f07-4895-94c4-0760d01cb336,2026-10-06T13:33:12-03:00
68b5711a-cdd4-42df-b956-2992d25a04ef,2026-10-06T13:34:19-03:00
7e2881f9-c700-491c-b935-76ce042b839b,2026-10-06T13:48:42-03:00
cbaf4bc2-fe5c-4ac5-960c-e795a6afc650,2026-10-06T13:49:54-03:00
c76e885b-ad04-403b-921d-bb338b80b059,2026-10-06T13:51:26-03:00
ab1a4c26-8dd9-4508-805b-030c7630e2f2,2026-10-06T14:07:59-03:00
097341c9-1abe-4cbe-9633-f4240c77ab57,2026-10-06T14:36:00-03:00
697361f5-d6d0-4cf8-9f4b-caab60b56b0e,2026-10-06T14:41:59-03:00
283b5e81-333c-4d4e-94d3-cfe3b37a3eed,2026-10-06T15:02:10-03:00
ba6c08b6-b16a-41e1-a462-9d5c621b71a7,2026-10-06T15:05:21-03:00
d786bdde-e18b-46fc-9e05-201ebef1f85c,2026-10-06T15:07:58-03:00
6f5d94b5-a9c3-403f-8d38-6bd62e7ec428,2026-10-06T15:37:08-03:00
65c43e3a-7de7-467f-80eb-f6da3ecaa17c,2026-10-06T15:54:33-03:00
4efa166e-94e8-484e-9ee8-66403a183164,2026-10-06T16:09:16-03:00
246e9c60-87ce-4e05-91ea-50ec6b353fe0,2026-10-06T16:39:06-03:00
6e8d79f1-3124-4837-9efb-8cb717a160e7,2026-10-06T17:02:48-03:00
56dce94c-861b-4176-a534-b7d9e60c06ad,2026-10-06T17:19:12-03:00
5a6329da-c0e5-4791-ac77-7503d82554ea,2026-10-06T17:33:29-03:00
dc808835-36ba-495a-b944-cb4f9075ac76,2026-10-06T17:38:33-03:00
04a7823c-75fa-4198-bd66-879a5d2019de,2026-10-06T17:40:30-03:00
2198e7b7-1971-466d-8051-1f36e7a71b9a,2026-10-06T17:55:32-03:00
488bfe58-d992-478c-981c-9f5b02344873,2026-10-06T18:03:29-03:00
68b5711a-cdd4-42df-b956-2992d25a04ef,2026-10-06T18:13:00-03:00
d19af899-bb0c-4ced-9909-1643d0cd7f7c,2026-10-06T18:15:08-03:00
9ba87b3b-1915-45f1-b1f5-db583b19464e,2026-10-06T18:15:59-03:00
2cc7ad16-39c0-4340-ac9b-d269bc12414d,2026-10-06T18:16:32-03:00
a22e90de-9f69-465f-bc31-86af1edbc160,2026-10-06T18:22:38-03:00
be314718-d6d3-410e-a74a-6aa76618456e,2026-10-06T18:31:37-03:00
3817ecfa-cdbb-402b-bdf7-ab09674a7d6b,2026-10-06T18:40:12-03:00
912d7559-e2c5-4f11-b828-c68dddf16b16,2026-10-06T18:46:53-03:00
123f2d21-7fb8-4195-8256-ac26714a80d4,2026-10-06T18:54:05-03:00
7ca8f3a7-d1c0-402d-af08-90ce6f598e59,2026-10-06T18:56:01-03:00
3074b4d6-0aed-43e5-bd97-04f4487c4543,2026-10-06T19:10:30-03:00
1db74be8-4e28-47d9-90df-e92b7cba2322,2026-10-06T19:17:00-03:00
ca562769-23f1-4a2c-a696-9383438f8306,2026-10-06T19:21:47-03:00
b61e4aa6-ca79-4db0-bad5-d6fb1aa9ef99,2026-10-06T19:22:12-03:00
1becd6ee-0076-4970-9c82-aa1ab4cb19f4,2026-10-06T19:27:52-03:00
2256b9c7-d1db-4536-ad72-054afd567cb2,2026-10-06T19:31:13-03:00
55010fbd-a4a3-4dd6-83b4-9e43de35bf83,2026-10-06T19:38:36-03:00
94572e5a-a884-43b4-b0c0-3dd41add70ed,2026-10-06T19:41:05-03:00
9abd0778-5f4c-433c-bfb1-39c14721a0c6,2026-10-06T19:42:32-03:00
5785a9d6-6ebe-4fde-b637-7575849d5fb5,2026-10-06T19:49:09-03:00
824a7c61-0bbb-46e3-87bf-4b48cc63793e,2026-10-06T19:50:41-03:00
56dce94c-861b-4176-a534-b7d9e60c06ad,2026-10-06T19:53:59-03:00
5785a9d6-6ebe-4fde-b637-7575849d5fb5,2026-10-06T19:54:58-03:00
38a7897a-3596-4ffc-9142-87f5d9c1d8f6,2026-10-06T19:55:30-03:00
0327acf1-2fee-47d2-beec-c9acf777b543,2026-10-06T20:00:00-03:00
59a45fb1-e020-4768-96a5-e70ba44c522d,2026-10-06T20:01:05-03:00
0c435edb-e146-42e3-a87a-b45f1b82e771,2026-10-06T20:04:27-03:00
c7aac888-75e4-42f2-9131-4b0abb0cee03,2026-10-06T20:06:45-03:00
55010fbd-a4a3-4dd6-83b4-9e43de35bf83,2026-10-06T20:14:41-03:00
33e39822-e9b8-4cf7-b89b-7c9cf580087a,2026-10-06T20:16:39-03:00
cddb0c66-a759-4cf8-bec0-0d405bf1ab4b,2026-10-06T20:21:01-03:00
62fa174e-75a1-44a6-bc9c-3a9184ea89be,2026-10-06T20:24:06-03:00
04a7823c-75fa-4198-bd66-879a5d2019de,2026-10-06T20:24:10-03:00
f8dfda31-8afd-4e58-9469-b48ecf729077,2026-10-06T20:28:51-03:00
47881c91-83a5-4062-adff-f9c9fd8273d7,2026-10-06T20:32:04-03:00
df13cbb0-d954-4cf6-8987-7b0389cf03ae,2026-10-06T20:40:49-03:00
001481aa-8661-4c80-a221-7d0c40fd0dea,2026-10-06T20:44:35-03:00
5a6329da-c0e5-4791-ac77-7503d82554ea,2026-10-06T20:55:37-03:00
64a6a980-ea89-42c7-8f7a-560218185abb,2026-10-06T20:56:06-03:00
2c1e161b-21e5-4636-a892-45aad5e96abd,2026-10-06T20:56:58-03:00
12662e6b-2068-415f-966e-e3ada53c8185,2026-10-06T21:05:35-03:00
1dec0dd5-4ae7-4baa-8eaa-161a30963e91,2026-10-06T21:22:30-03:00
25f70f1e-b4ac-4ce6-b0af-0cff8c6ca7a9,2026-10-06T21:29:28-03:00
300c0bb2-1f6c-4308-9e85-249d8a11a277,2026-10-06T21:31:34-03:00
9803f12e-248e-4386-96ec-48e0a7e0c0b4,2026-10-06T21:38:09-03:00
0571a628-58b5-4e94-a85c-76b4d1be06f2,2026-10-06T22:00:21-03:00
9483f44e-8fa7-4c8a-a52c-8ee9ea41b115,2026-10-06T22:30:17-03:00
ca562769-23f1-4a2c-a696-9383438f8306,2026-10-06T22:32:12-03:00
987a1c42-fa45-4b9a-8188-4b006df76679,2026-10-06T22:41:18-03:00
a5200934-c28b-4403-a587-99c447caf120,2026-10-06T22:44:20-03:00
3f9fe139-99a1-47a5-b02f-a796ffd2aa10,2026-10-06T22:54:07-03:00
ffca5939-33a1-47bd-853d-bd6457c05e0b,2026-10-06T23:59:03-03:00
ef710db7-b23f-4f82-bc23-439496d7fbdf,2026-10-07T06:16:40-03:00
a6348d1a-9cf7-400c-ade5-a6acd24f916b,2026-10-07T06:19:18-03:00
0ee09f1e-db7a-4711-858c-1db4308b8633,2026-10-07T06:31:07-03:00
6f5d94b5-a9c3-403f-8d38-6bd62e7ec428,2026-10-07T06:40:30-03:00
054c4279-41b7-426d-b378-901962e80587,2026-10-07T07:01:33-03:00
3817ecfa-cdbb-402b-bdf7-ab09674a7d6b,2026-10-07T07:03:11-03:00
d4401fcc-49a1-4a4b-a721-75f5bddf5005,2026-10-07T07:07:18-03:00
123f2d21-7fb8-4195-8256-ac26714a80d4,2026-10-07T07:44:14-03:00
713a6f71-65b2-49f8-8851-982b335a76f3,2026-10-07T07:55:02-03:00
f9bc69f7-f81c-42ac-b8ab-0a3ebed8496a,2026-10-07T08:01:53-03:00
824a7c61-0bbb-46e3-87bf-4b48cc63793e,2026-10-07T08:04:53-03:00
ffab5aab-8c70-4b8a-8783-354343c5eedd,2026-10-07T08:14:52-03:00
b6a33dd7-5a14-4a50-b2f2-1ed5ff13aa3d,2026-10-07T08:36:58-03:00
d4401fcc-49a1-4a4b-a721-75f5bddf5005,2026-10-07T08:53:32-03:00
cebe42eb-99a8-4730-aa6d-aa66481e2dc9,2026-10-07T08:53:49-03:00
6b82afa6-3d31-4620-93ba-15200f3cf1b1,2026-10-07T08:54:44-03:00
400ffd1f-2a42-46c1-a7c9-623c3ca07a97,2026-10-07T08:57:07-03:00
d772e854-52c2-464c-b181-956f550c447b,2026-10-07T08:59:03-03:00
693486f5-1cb4-46ab-bd7c-85ca30bd1527,2026-10-07T08:59:16-03:00
b60bbd7d-8c43-4dee-bef9-136f66093c73,2026-10-07T09:05:47-03:00
6e8d79f1-3124-4837-9efb-8cb717a160e7,2026-10-07T09:06:41-03:00
246e9c60-87ce-4e05-91ea-50ec6b353fe0,2026-10-07T09:20:09-03:00
5596c686-cbf1-4819-a517-5095b5c57595,2026-10-07T09:23:57-03:00
468123e3-2f79-46a1-8cf6-640ccd9ce86f,2026-10-07T09:35:39-03:00
b930c4bd-20e0-4b39-966b-64443421e308,2026-10-07T09:37:13-03:00
26d1fbd7-76dc-4672-9547-ab1a24edc02d,2026-10-07T09:40:58-03:00
9d71a8eb-0c4b-4edc-bf8a-6a0bbc1da7ab,2026-10-07T09:42:37-03:00
47cf2dc7-e7f7-4797-89f0-789c17cc0a00,2026-10-07T09:45:33-03:00
941a67d9-1cdb-40e1-8d3f-72357c2fd67b,2026-10-07T09:53:55-03:00
133e6f3e-a4eb-4f09-b051-1afb687dad4f,2026-10-07T09:56:55-03:00
d19af899-bb0c-4ced-9909-1643d0cd7f7c,2026-10-07T09:56:59-03:00
fcf632f0-dab7-45ac-9220-74d216a8390d,2026-10-07T10:02:04-03:00
62b64148-c6cf-4c07-b3e3-ab3e6bdfd457,2026-10-07T10:19:10-03:00
17dcbd2a-71bc-4148-8df3-e3e760e88671,2026-10-07T10:19:25-03:00
eb6ff17e-b5b1-44e8-8c52-ed33a37c9566,2026-10-07T10:31:14-03:00
fb08f3b4-43f4-4590-946a-30fbd8094881,2026-10-07T10:40:05-03:00
0ae15d25-c97f-4842-9d3b-7f205380d856,2026-10-07T10:45:33-03:00
001481aa-8661-4c80-a221-7d0c40fd0dea,2026-10-07T10:47:48-03:00
cbaf4bc2-fe5c-4ac5-960c-e795a6afc650,2026-10-07T11:22:00-03:00
bc49028d-2f3f-4f93-a6a7-80a0c556f5e1,2026-10-07T11:22:51-03:00
cbbcf8c0-c10e-4a2e-8f73-d45930317336,2026-10-07T11:26:17-03:00
642ea164-a302-402c-ae4d-4ec15f2cf519,2026-10-07T11:33:14-03:00
6c43397b-8607-4da5-ae6c-c742e66c7dac,2026-10-07T11:47:31-03:00
e9e55568-4c3b-497d-aa0c-d932c05e3d96,2026-10-07T12:01:42-03:00
59a45fb1-e020-4768-96a5-e70ba44c522d,2026-10-07T12:09:32-03:00
3817ecfa-cdbb-402b-bdf7-ab09674a7d6b,2026-10-07T12:15:35-03:00
1dec0dd5-4ae7-4baa-8eaa-161a30963e91,2026-10-07T12:16:41-03:00
ef710db7-b23f-4f82-bc23-439496d7fbdf,2026-10-07T12:18:29-03:00
366eaccb-6abd-42f7-bce5-d0238495366a,2026-10-07T12:28:04-03:00
5c29b1c4-2c50-492f-a7b2-c7b724392ab0,2026-10-07T12:30:35-03:00
94572e5a-a884-43b4-b0c0-3dd41add70ed,2026-10-07T12:35:16-03:00
fcff47c9-85c9-4b47-ac8c-990c030f8498,2026-10-07T12:37:21-03:00
0a1bf5c0-04bf-4fb4-8261-ecdbc80298a8,2026-10-07T12:47:30-03:00
5a6329da-c0e5-4791-ac77-7503d82554ea,2026-10-07T12:53:26-03:00
050b3afe-ff51-47fa-83bd-6e6c004d8b32,2026-10-07T12:56:56-03:00
fc160c5b-5da4-4901-9d7c-9fd85712be19,2026-10-07T13:03:08-03:00
3f5a3ed9-7c02-4e0b-ae61-0c1789918e4d,2026-10-07T13:12:18-03:00
2394a17e-9092-4d66-a7cf-df4ebe59ba2b,2026-10-07T13:19:39-03:00
f3689675-9c1e-40ec-857c-0898d5b47de8,2026-10-07T13:21:41-03:00
5596c686-cbf1-4819-a517-5095b5c57595,2026-10-07T13:43:59-03:00
7a2058c8-a9ea-42d5-94f4-bf3cdbe66c12,2026-10-07T13:46:36-03:00
9a25cc5e-3637-42be-b9d3-a2f8f0ede11a,2026-10-07T13:48:45-03:00
a086891f-d6ab-4709-a303-75ef4c56512f,2026-10-07T13:57:36-03:00
0f9b8c97-4f53-4bbb-a24d-0a19f6a5f944,2026-10-07T14:12:01-03:00
68b5711a-cdd4-42df-b956-2992d25a04ef,2026-10-07T14:14:45-03:00
f9bc69f7-f81c-42ac-b8ab-0a3ebed8496a,2026-10-07T14:15:10-03:00
58e9b50a-0816-4b05-a715-b8f069b2ed05,2026-10-07T14:19:25-03:00
300c0bb2-1f6c-4308-9e85-249d8a11a277,2026-10-07T14:37:45-03:00
a748f7b5-60ec-4188-a569-69302f170a2b,2026-10-07T14:50:09-03:00
af1c0d20-dffc-477a-87ac-045e7e90165a,2026-10-07T15:16:35-03:00
47cf2dc7-e7f7-4797-89f0-789c17cc0a00,2026-10-07T15:17:21-03:00
9d71a8eb-0c4b-4edc-bf8a-6a0bbc1da7ab,2026-10-07T15:35:38-03:00
53b128e5-4019-4949-bd7b-e94a23e14fe3,2026-10-07T15:37:50-03:00
eb4d77a1-9e23-4480-a0ab-8ea0b91d8bb6,2026-10-07T15:40:37-03:00
5838ef61-70f6-429f-8d61-3b88fa5908e9,2026-10-07T15:47:26-03:00
5813cde1-bd61-49e5-b71c-a1f121e9e1a8,2026-10-07T16:08:03-03:00
5785a9d6-6ebe-4fde-b637-7575849d5fb5,2026-10-07T16:16:37-03:00
366eaccb-6abd-42f7-bce5-d0238495366a,2026-10-07T16:19:54-03:00
933faec4-e418-4ad9-a8a1-a1fd1915a8fc,2026-10-07T16:36:57-03:00
88373c7c-1d43-4882-bfc9-dde5b45f3d27,2026-10-07T16:51:56-03:00
55010fbd-a4a3-4dd6-83b4-9e43de35bf83,2026-10-07T16:55:59-03:00
bce055db-9ea7-43ad-b51f-a156f2712e9a,2026-10-07T17:08:44-03:00
a2ea1fc7-6f8c-4640-85c0-ac9720b088c9,2026-10-07T17:13:32-03:00
27976644-f012-41cf-8a58-e19007647ec3,2026-10-07T17:21:48-03:00
a748f7b5-60ec-4188-a569-69302f170a2b,2026-10-07T17:25:24-03:00
2256b9c7-d1db-4536-ad72-054afd567cb2,2026-10-07T17:27:38-03:00
4a78ff1b-a832-4d8c-ad9d-f3a7fc3b78c9,2026-10-07T17:37:16-03:00
d7b7257f-01d2-40ce-b7fa-46a6a77fc5f9,2026-10-07T17:40:44-03:00
b930c4bd-20e0-4b39-966b-64443421e308,2026-10-07T17:53:38-03:00
8cc5d5e5-4c08-4f20-8110-6e3e9674c27c,2026-10-07T17:57:58-03:00
8e4207fd-a513-4999-b9f5-267b7662f66d,2026-10-07T18:02:33-03:00
914ad948-05cc-48b2-af17-72a63ca5ba14,2026-10-07T18:03:58-03:00
7e2881f9-c700-491c-b935-76ce042b839b,2026-10-07T18:05:19-03:00
5ff3d90a-37b1-4d9d-9fa5-95c79daaae38,2026-10-07T18:08:23-03:00
03ecedfb-fe06-46f2-9974-4b0d4a2bc528,2026-10-07T18:15:49-03:00
a2ba3863-a98c-4cad-a126-e80e8c7cde7a,2026-10-07T18:16:12-03:00
3743a7f0-afdd-4331-ba16-86ca4be7fdce,2026-10-07T18:17:39-03:00
f42beb3e-9bd9-4a7b-a699-c1bdee25eb32,2026-10-07T18:23:26-03:00
6ed824ef-ecd4-474f-a622-853c6c6f45df,2026-10-07T18:24:48-03:00
31b7e580-7030-4bc6-8d59-8e23d5e9e8c0,2026-10-07T18:25:08-03:00
bce055db-9ea7-43ad-b51f-a156f2712e9a,2026-10-07T18:29:07-03:00
b6a33dd7-5a14-4a50-b2f2-1ed5ff13aa3d,2026-10-07T18:31:26-03:00
8ea2d02d-3431-40f8-a08b-24373c80014d,2026-10-07T18:35:46-03:00
e803e5c6-858d-45f5-b09b-7935ad19ee74,2026-10-07T18:36:37-03:00
745c5ac7-3469-496f-b90c-a779ffd662ae,2026-10-07T18:45:42-03:00
88373c7c-1d43-4882-bfc9-dde5b45f3d27,2026-10-07T18:48:44-03:00
d7b7257f-01d2-40ce-b7fa-46a6a77fc5f9,2026-10-07T18:57:34-03:00
f3689675-9c1e-40ec-857c-0898d5b47de8,2026-10-07T18:58:24-03:00
3ac808ca-a57b-47d1-9826-72a6e9d84810,2026-10-07T19:03:04-03:00
4b906469-d843-48be-b3d0-34947809e5a1,2026-10-07T19:08:18-03:00
f31e2b66-210a-4327-96be-eda93cb7b110,2026-10-07T19:29:25-03:00
1becd6ee-0076-4970-9c82-aa1ab4cb19f4,2026-10-07T19:32:09-03:00
f1c70e3e-af93-4f25-9a6a-ec524d368fe0,2026-10-07T19:33:26-03:00
62b64148-c6cf-4c07-b3e3-ab3e6bdfd457,2026-10-07T19:35:30-03:00
e8de25ab-e07d-49fe-b6ff-055c75945578,2026-10-07T19:39:05-03:00
a34a6f47-3f1b-4fc7-8a9d-26ccb31c813f,2026-10-07T19:39:10-03:00
04a7823c-75fa-4198-bd66-879a5d2019de,2026-10-07T19:45:39-03:00
c58f53fe-c900-41d1-848b-d586fb2d953b,2026-10-07T19:46:12-03:00
9258996d-ca0c-4158-b9c5-5166d54296f2,2026-10-07T19:50:09-03:00
5785a9d6-6ebe-4fde-b637-7575849d5fb5,2026-10-07T19:51:40-03:00
6dcecd81-e8ee-421f-a34f-55a7e02dd82d,2026-10-07T19:52:56-03:00
03168ade-ba1c-4132-b42b-e569bfb85731,2026-10-07T19:56:12-03:00
050b3afe-ff51-47fa-83bd-6e6c004d8b32,2026-10-07T20:13:06-03:00
19977258-4c8e-4d6b-95ae-979e7fee5b68,2026-10-07T20:17:48-03:00
77f30d59-50e4-4c67-bd26-b1e484e261fc,2026-10-07T20:25:42-03:00
488bfe58-d992-478c-981c-9f5b02344873,2026-10-07T20:30:26-03:00
945d32af-2611-4fb8-b931-e83ec0454ad9,2026-10-07T20:30:47-03:00
987a1c42-fa45-4b9a-8188-4b006df76679,2026-10-07T20:32:10-03:00
4803068d-93ec-47fb-96c4-f8a0c06ddebe,2026-10-07T20:38:47-03:00
53b128e5-4019-4949-bd7b-e94a23e14fe3,2026-10-07T20:41:09-03:00
b9ac272c-142f-4eaa-b923-c53f04496401,2026-10-07T20:45:01-03:00
4a78ff1b-a832-4d8c-ad9d-f3a7fc3b78c9,2026-10-07T20:45:31-03:00
b313c44a-8a3d-403f-bd36-6170c9a4d412,2026-10-07T20:47:54-03:00
25b0935a-b37b-4003-9fc9-8e197f351e42,2026-10-07T21:12:09-03:00
2e5befb3-57ff-4a4d-8019-5856f458e73e,2026-10-07T21:23:05-03:00
3ff03678-ef66-40b7-817f-75ddf5870243,2026-10-07T21:23:32-03:00
bc49028d-2f3f-4f93-a6a7-80a0c556f5e1,2026-10-07T21:24:33-03:00
fc51d2b5-a5f3-4e9d-b30e-bc5420ab3879,2026-10-07T21:27:06-03:00
a1700d41-f3ff-4070-8788-40b072dcef2d,2026-10-07T21:37:19-03:00
1b9fe081-7fc4-4cfe-a13e-a6d86ea76128,2026-10-07T21:45:53-03:00
6c568da3-6d66-42f6-aa9a-9592fe3acaac,2026-10-07T21:47:59-03:00
17f56689-36c5-4349-8c1f-604553aa5a36,2026-10-07T21:50:54-03:00
20048baf-fc52-4f1e-bc08-a8b2ab8c8fe6,2026-10-07T21:58:26-03:00
cbaf4bc2-fe5c-4ac5-960c-e795a6afc650,2026-10-07T22:29:16-03:00
5813cde1-bd61-49e5-b71c-a1f121e9e1a8,2026-10-07T22:49:11-03:00
e0131205-9109-4780-afc3-f0aec0b43432,2026-10-07T22:50:05-03:00
da3e0c10-c8cb-4cd1-8368-d04b97f6693c,2026-10-07T22:59:50-03:00
4537575d-3e72-4359-aa46-c26b20a32b08,2026-10-07T23:24:09-03:00
79706896-2f27-4a11-9eaf-7f5d44abadd7,2026-10-08T06:11:59-03:00
9e7efe95-51f6-487e-bb82-7e9777e80193,2026-10-08T06:26:04-03:00
a81a5af9-195e-4e1a-a42d-4df574b9d5c9,2026-10-08T06:34:46-03:00
b9a7b147-c815-4b76-a46a-a5f0d965ef5f,2026-10-08T06:58:31-03:00
133e6f3e-a4eb-4f09-b051-1afb687dad4f,2026-10-08T07:02:25-03:00
0571a628-58b5-4e94-a85c-76b4d1be06f2,2026-10-08T07:05:22-03:00
26d1fbd7-76dc-4672-9547-ab1a24edc02d,2026-10-08T07:08:19-03:00
75a25cfe-2388-445e-b4b8-8eecec068396,2026-10-08T07:21:56-03:00
a2ba3863-a98c-4cad-a126-e80e8c7cde7a,2026-10-08T07:36:58-03:00
0a1bf5c0-04bf-4fb4-8261-ecdbc80298a8,2026-10-08T07:41:20-03:00
8cf21f89-bc20-46e7-800c-2548028dc9eb,2026-10-08T07:43:12-03:00
4e6d95b1-b84c-47ea-8882-55bbdfbb7a52,2026-10-08T07:58:42-03:00
a80feb21-bbdc-4bde-a610-49f712e55cfa,2026-10-08T08:01:39-03:00
0b1b643e-405f-44a1-a5c5-cbcae283d573,2026-10-08T08:18:59-03:00
88373c7c-1d43-4882-bfc9-dde5b45f3d27,2026-10-08T08:22:11-03:00
61af23c4-34f0-4c33-beb8-fb097aaf4c96,2026-10-08T08:28:49-03:00
987a1c42-fa45-4b9a-8188-4b006df76679,2026-10-08T08:38:42-03:00
b5b66e1d-2391-4e19-ba80-34b9dd7a85e3,2026-10-08T08:49:54-03:00
4a78ff1b-a832-4d8c-ad9d-f3a7fc3b78c9,2026-10-08T08:56:08-03:00
47cf2dc7-e7f7-4797-89f0-789c17cc0a00,2026-10-08T08:58:49-03:00
300c0bb2-1f6c-4308-9e85-249d8a11a277,2026-10-08T09:01:25-03:00
401a0b87-0156-48ce-8883-75abe3c366dc,2026-10-08T09:02:00-03:00
d4b54faa-6b11-4f11-8cb4-79a77902759a,2026-10-08T09:05:37-03:00
76ce45db-7517-4355-a33c-09f67ad3ecc1,2026-10-08T09:08:54-03:00
507bb5cb-6426-477c-accd-78625b80cd14,2026-10-08T09:11:10-03:00
0a1bf5c0-04bf-4fb4-8261-ecdbc80298a8,2026-10-08T09:18:29-03:00
954a9718-c280-479c-bbb0-784a272b1d0f,2026-10-08T09:24:31-03:00
fdbe4621-4a25-43ca-9bac-8a603281ff15,2026-10-08T09:24:52-03:00
cf694a1e-cbc9-4f6e-8eef-ea20f93dc713,2026-10-08T09:31:20-03:00
5596c686-cbf1-4819-a517-5095b5c57595,2026-10-08T09:32:04-03:00
9718b411-0759-4cc4-a90f-4de4e78c4690,2026-10-08T09:47:55-03:00
d48a9613-c60d-421c-8e5d-5816c9f283bd,2026-10-08T09:49:48-03:00
58e9b50a-0816-4b05-a715-b8f069b2ed05,2026-10-08T09:53:11-03:00
cddb0c66-a759-4cf8-bec0-0d405bf1ab4b,2026-10-08T09:59:28-03:00
b9a7b147-c815-4b76-a46a-a5f0d965ef5f,2026-10-08T10:21:35-03:00
9803f12e-248e-4386-96ec-48e0a7e0c0b4,2026-10-08T10:23:28-03:00
6f5d94b5-a9c3-403f-8d38-6bd62e7ec428,2026-10-08T10:31:13-03:00
94572e5a-a884-43b4-b0c0-3dd41add70ed,2026-10-08T10:35:12-03:00
